donor_ref,year,net_degree,net_between,net_eigen,net_peers,net_peer_str
44000,2014,40,0.817440095789378,1,10,31
AU-5,2014,1,0,0.028106515716332922,3,3
CA-3,2014,2,0.025974025974025976,0.026262757434713475,2,2
DE-1,2014,1,0,0.002072531696267401,1,1
FI-3,2014,2,0.025974025974025976,0.03519816609590286,4,4
GB-GOV-1,2014,9,0.13907563728137895,0.14353953911564107,8,14
NO-BRC-971277882,2014,1,0,0.003222548040127216,1,1
XI-IATI-EC_INTPA,2014,1,0,0.002072531696267399,1,1
XI-IATI-EC_NEAR,2014,2,2.9515938606847696e-4,0.05332543858380181,2,3
XI-IATI-IADB,2014,13,0.288961038961039,0.09231522409609631,3,5
XM-DAC-46002,2014,13,0.09804884111104206,0.3219095562546914,6,16
XM-DAC-46004,2014,11,0.12085171606702709,0.1847692002620501,4,10
XM-DAC-6-4,2014,3,0.010720539428673398,0.06715823784984234,6,8
XM-DAC-7,2014,1,0,0.0329002039388411,3,3
44000,2015,49,0.7217810348079607,1,11,60
AU-5,2015,3,0.005835625198088278,0.04281604644290014,4,5
CA-3,2015,4,0.008756000326639327,0.0699787942465587,5,8
DE-1,2015,3,0.0017207961561502136,0.07276031454190658,5,9
FI-3,2015,1,0,0.0036811677173983494,2,2
GB-GOV-1,2015,6,0.04235150003880441,0.10306455544849259,7,13
NO-BRC-971277882,2015,1,0,1.0078946398028312e-17,0,0
XI-IATI-EC_INTPA,2015,7,0.024625384738484937,0.14502335322424914,7,16
XI-IATI-EC_NEAR,2015,6,0.0655264737256557,0.06423498611675217,4,6
XI-IATI-IADB,2015,17,0.1540045181618215,0.24241635849336085,3,16
XM-DAC-46002,2015,19,0.12519261125356657,0.3599512054665519,7,26
XM-DAC-46004,2015,16,0.1370588328102688,0.23007409941195073,5,14
XM-DAC-6-4,2015,9,0.09017593688992488,0.1187059094806174,9,16
XM-DAC-7,2015,1,0,0.016598998963072212,1,1
44000,2016,40,0.6207013125828162,1,11,41
AU-5,2016,3,0.005938986702780588,0.050732822544462694,4,6
CA-3,2016,3,0.004228310839257144,0.044556841896459726,4,5
DE-1,2016,1,0,0.023438068385345612,2,2
GB-GOV-1,2016,5,0.05474315845513256,0.04956553014254919,6,7
NO-BRC-971277882,2016,1,0,0.005334057618159121,2,2
XI-IATI-EC_INTPA,2016,14,0.18160345121059138,0.2140283778672266,10,20
XI-IATI-EC_NEAR,2016,9,0.08251100771431523,0.1343634269759888,4,9
XI-IATI-IADB,2016,11,0.09697908294030955,0.1582424645847414,3,8
XM-DAC-46002,2016,20,0.1977675163972028,0.382183252705801,7,23
XM-DAC-46004,2016,22,0.2561627399821143,0.3780132117902631,6,18
XM-DAC-6-4,2016,4,0.030499964311010725,0.05753767763598196,6,8
XM-DAC-7,2016,1,0,0.03230076473518679,3,3
44000,2017,38,0.595952151362322,1,11,45
AU-5,2017,3,0.005265414055321404,0.04601478389473156,3,5
CA-3,2017,4,0.013693814458369941,0.07183368988364719,6,8
DE-1,2017,3,0.026393231943111568,0.027927507865918404,4,4
FI-3,2017,1,0,0.013421966491602126,2,2
GB-GOV-1,2017,3,0.006871345631062653,0.0733861006440871,4,6
XI-IATI-EC_INTPA,2017,15,0.14447855551701108,0.3348557141089152,8,24
XI-IATI-EC_NEAR,2017,5,0.014329283199826964,0.12596649610304472,5,10
XI-IATI-IADB,2017,12,0.14399771190246488,0.1269897820660596,4,8
XM-DAC-46002,2017,21,0.20040431598591485,0.48010381104541033,8,27
XM-DAC-46004,2017,22,0.26172442799439727,0.3331189760313907,5,17
XM-DAC-6-4,2017,11,0.1192243297229811,0.18343447522501388,9,17
XM-DAC-7,2017,1,0,0.0367127661421898,3,3
44000,2018,42,0.5413065850651381,1,8,45
AU-5,2018,3,0.0017253018478768512,0.03185731356691958,3,5
CA-3,2018,3,0.0019691173879828753,0.06293592716151443,5,7
DE-1,2018,5,0.016089369317629488,0.10624381109973732,7,11
FI-3,2018,1,0,7.061116878115147e-18,0,0
GB-GOV-1,2018,4,0.013262119859148418,0.06542546819263448,4,6
XI-IATI-EC_INTPA,2018,19,0.20510717599186432,0.3019381896853789,8,25
XI-IATI-EC_NEAR,2018,3,0.03854875283446712,0.007882762866340003,1,1
XI-IATI-IADB,2018,15,0.1473789220838481,0.1539709056863842,3,10
XM-DAC-46002,2018,20,0.19785754488269536,0.4078284705311421,7,24
XM-DAC-46004,2018,26,0.2595988600979896,0.4027014168965728,5,20
XM-DAC-6-4,2018,6,0.031289419050242365,0.13815117999955728,7,14
XM-DAC-69-1,2018,1,0,4.7372557750317235e-18,0,0
44000,2019,53,0.6409087280099744,1,12,59
AU-5,2019,2,6.843595518581936e-4,0.027612681388087465,2,3
CA-3,2019,2,2.231010613198975e-4,0.03708272675197809,4,5
DE-1,2019,3,0.0030687941950362173,0.048316971563738056,6,8
FI-3,2019,3,0.040229358254977664,0.027348938444232446,5,6
GB-GOV-1,2019,2,7.725274234857721e-4,0.02793444597536735,3,4
NO-BRC-971277882,2019,1,0,0.021416382823243117,3,3
NZ-1,2019,1,0,0,0,0
XI-IATI-EC_INTPA,2019,22,0.19837698009758564,0.2864290571582425,7,28
XI-IATI-EC_NEAR,2019,6,0.02248986254320933,0.07755778688874218,5,9
XI-IATI-IADB,2019,16,0.12200426834712469,0.13094563471636522,3,13
XM-DAC-46002,2019,21,0.12154897064301041,0.3423206354654661,7,29
XM-DAC-46004,2019,28,0.22096398699621353,0.4189385326439867,5,24
XM-DAC-6-4,2019,7,0.04717378162069397,0.08190955450851475,7,14
XM-DAC-69-1,2019,1,0,4.048146203475918e-4,1,1
44000,2020,73,0.650701274355751,1,10,98
AU-5,2020,2,4.3710114520500044e-5,0.02565317449794028,2,4
CA-3,2020,2,3.0849355813401065e-4,0.030660342659330878,6,7
DE-1,2020,2,3.0849355813401065e-4,0.030660342659330878,6,7
GB-GOV-1,2020,3,0.016207866571753275,0.029802870045305185,3,5
XI-IATI-EC_INTPA,2020,30,0.15044506338170124,0.39541181747691795,8,51
XI-IATI-EC_NEAR,2020,11,0.05503431746243816,0.09577119529888783,5,13
XI-IATI-IADB,2020,18,0.0930230878362281,0.15816334299191695,3,17
XM-DAC-46002,2020,40,0.1802463256784725,0.5253267647916773,6,50
XM-DAC-46004,2020,33,0.2164769486650002,0.3143261299038537,6,33
XM-DAC-6-4,2020,7,0.025481366103468253,0.09456109219681491,7,17
44000,2021,59,0.6934502886604991,1,9,60
CA-3,2021,2,0.002171992192679366,0.009750234828297392,4,4
DE-1,2021,2,0.0038708311314604076,0.01969180904408926,4,4
FI-3,2021,2,0.018348623853211007,0.01981347561049669,3,3
GB-GOV-1,2021,2,1.6989466530750933e-4,0.03884713648185472,3,5
XI-IATI-EC_INTPA,2021,23,0.1480032953768171,0.39397316905421303,7,35
XI-IATI-EC_NEAR,2021,7,0.05653383226109661,0.057877091201856815,6,9
XI-IATI-IADB,2021,15,0.11158417465601839,0.15987164458994035,2,11
XM-DAC-46002,2021,20,0.14708769495580318,0.25215721197567054,5,22
XM-DAC-46004,2021,32,0.2645081105609585,0.431783911016369,5,29
XM-DAC-6-4,2021,4,0.03677211115947487,0.040930628377326445,4,6
44000,2022,62,0.6378585585115697,0.9999999999999999,10,71
CA-3,2022,2,0.007098839585511149,0.018133197542536856,4,4
DE-1,2022,1,0,0.001144504913743886,2,2
FI-3,2022,4,0.012737373014159416,0.04547585787466726,8,10
GB-GOV-1,2022,2,0.0010151783149394526,0.027599080537881925,5,6
NO-BRC-971277882,2022,1,0,0.022597319160790212,5,5
XI-IATI-EC_INTPA,2022,27,0.17891259594909878,0.37989559787498073,9,37
XI-IATI-EC_NEAR,2022,13,0.1665920402645228,0.07490557938136828,8,12
XI-IATI-IADB,2022,19,0.10862260919859583,0.19780757595182796,2,15
XM-DAC-46002,2022,24,0.12510998346812846,0.3147517475621595,5,24
XM-DAC-46004,2022,32,0.2413324249709418,0.38400448341912913,6,30
XM-DAC-5-7,2022,3,0.032387045181927226,9.446834566277758e-4,1,1
XM-DAC-6-4,2022,6,0.03811343950541908,0.04187773242633036,5,7
44000,2023,65,0.6275509997946984,1,10,88
CH-4,2023,2,1.8884080976294982e-4,0.041986630243883084,5,8
DE-1,2023,1,0,0.0033758900392073824,2,2
FI-3,2023,5,0.02942381661155184,0.0477488518463227,8,11
GB-GOV-1,2023,1,0,0.004403125283062238,3,3
NO-BRC-971277882,2023,1,0,0.004403125283062236,3,3
XI-IATI-EC_INTPA,2023,26,0.17461610271232914,0.3279982163607781,9,39
XI-IATI-EC_NEAR,2023,13,0.06828824915368052,0.140840675793312,6,17
XI-IATI-IADB,2023,16,0.07779217233713034,0.1587109886515951,3,13
XM-DAC-46002,2023,32,0.21029884755557243,0.4084191641354237,8,37
XM-DAC-46004,2023,27,0.17540820020712758,0.3305831979003957,8,36
XM-DAC-5-7,2023,8,0.0443892609611066,0.0870557026336688,7,13
XM-DAC-6-4,2023,3,0.0020921908615683256,0.024871370139152332,4,5
XM-DAC-701-8,2023,11,0.03402845398169857,0.15260358980767388,6,21
