child_id,parent_id
XM-DAC-3-1-191966-24982,XM-DAC-3-1-191966
XM-DAC-3-1-185092-24540,XM-DAC-3-1-185092
XM-DAC-3-1-187132-24323,XM-DAC-3-1-187132
XM-DAC-3-1-123763-17768,XM-DAC-3-1-123763
XM-DAC-3-1-104226-14831,XM-DAC-3-1-104226
XM-DAC-3-1-104226-3447,XM-DAC-3-1-104226
XM-DAC-3-1-146973-20461,XM-DAC-3-1-146973
XM-DAC-3-1-147772-20704,XM-DAC-3-1-147772
XM-DAC-3-1-107049-16394,XM-DAC-3-1-107049
XM-DAC-3-1-111873-15882,XM-DAC-3-1-111873
XM-DAC-3-1-157850-21430,XM-DAC-3-1-157850
XM-DAC-3-1-159646-21990,XM-DAC-3-1-159646
XM-DAC-3-1-159646-25812,XM-DAC-3-1-159646
XM-DAC-3-1-134624-18562,XM-DAC-3-1-134624
XM-DAC-3-1-160285-21566,XM-DAC-3-1-160285
XM-DAC-3-1-171259-23120,XM-DAC-3-1-171259
XM-DAC-3-1-144397-20541,XM-DAC-3-1-144397
XM-DAC-3-1-172859-23033,XM-DAC-3-1-172859
XM-DAC-3-1-204943-27743,XM-DAC-3-1-204943
XM-DAC-3-1-174458-24297,XM-DAC-3-1-174458
XM-DAC-3-1-175962-23673,XM-DAC-3-1-175962
XM-DAC-3-1-209288-26075,XM-DAC-3-1-209288
XM-DAC-3-1-209288-26078,XM-DAC-3-1-209288
XM-DAC-3-1-229249-29282,XM-DAC-3-1-229249
XM-DAC-3-1-255454-30798,XM-DAC-3-1-255454
XM-DAC-3-1-255454-31740,XM-DAC-3-1-255454
XM-DAC-3-1-255454-31741,XM-DAC-3-1-255454
XM-DAC-3-1-49056-15497,XM-DAC-3-1-49056
XM-DAC-3-1-49056-19443,XM-DAC-3-1-49056
XM-DAC-3-1-49056-6884,XM-DAC-3-1-49056
XI-IATI-EC_INTPA-2023-PC-23134,XI-IATI-EC_INTPA-2022-ACT-61306
XI-IATI-EC_INTPA-2023-PC-23130,XI-IATI-EC_INTPA-2022-ACT-61306
XI-IATI-EC_INTPA-2023-PC-25058,XI-IATI-EC_INTPA-2022-ACT-60736
XI-IATI-EC_INTPA-2025-PC-55044,XI-IATI-EC_INTPA-2022-ACT-61306
XI-IATI-EC_INTPA-2023-PC-23139,XI-IATI-EC_INTPA-2022-ACT-61306
XI-IATI-EC_INTPA-2022-PC-21502,XI-IATI-EC_INTPA-2021-ACT-62576
XI-IATI-EC_INTPA-2022-PC-21502,XI-IATI-EC_INTPA-2021-ACT-61116
XI-IATI-EC_INTPA-2020-PCC-417520,XI-IATI-EC_INTPA-2016-ACT-D-38575-00
XI-IATI-EC_INTPA-2023-PC-27358,XI-IATI-EC_INTPA-2016-ACT-D-38564-01
XI-IATI-EC_INTPA-2021-PCC-417549,XI-IATI-EC_INTPA-2016-ACT-D-38575-00
XI-IATI-EC_INTPA-2019-PCC-410060,XI-IATI-EC_INTPA-2018-ACT-D-40701-00
XI-IATI-EC_INTPA-2022-PC-21515,XI-IATI-EC_INTPA-2016-ACT-D-38574-01
XI-IATI-EC_INTPA-2018-PCC-404409,XI-IATI-EC_INTPA-2018-ACT-D-40643-00
XI-IATI-EC_INTPA-2018-PCC-404409,XI-IATI-EC_INTPA-2023-ACT-61724
XI-IATI-EC_INTPA-2018-PCC-404409,XI-IATI-EC_INTPA-2017-ACT-D-39656-00
XI-IATI-EC_INTPA-2022-PCC-436209,XI-IATI-EC_INTPA-2020-ACT-D-42401-00
XI-IATI-EC_INTPA-2023-PC-25429,XI-IATI-EC_INTPA-2020-ACT-D-42401-00
XI-IATI-EC_INTPA-2019-PCC-407596,XI-IATI-EC_INTPA-2016-ACT-D-38564-01
XI-IATI-EC_INTPA-2025-PC-36947,XI-IATI-EC_INTPA-2021-ACT-61116
XI-IATI-EC_INTPA-2019-PCC-404038,XI-IATI-EC_INTPA-2016-ACT-D-38564-01
XI-IATI-EC_INTPA-2021-PCC-422434,XI-IATI-EC_INTPA-2016-ACT-D-38575-00
XI-IATI-EC_INTPA-2023-PC-25426,XI-IATI-EC_INTPA-2020-ACT-D-42401-00
XI-IATI-EC_INTPA-2025-PC-26320,XI-IATI-EC_INTPA-2021-ACT-61116
XI-IATI-EC_INTPA-2018-PCC-383693,XI-IATI-EC_INTPA-2016-ACT-D-38564-01
XI-IATI-EC_INTPA-2018-PCC-397536,XI-IATI-EC_INTPA-2016-ACT-D-38575-00
XI-IATI-EC_INTPA-2023-PC-25538,XI-IATI-EC_INTPA-2023-ACT-60734
XI-IATI-EC_INTPA-2019-PCC-410047,XI-IATI-EC_INTPA-2019-ACT-D-40019-00
XI-IATI-EC_INTPA-2019-PCC-409406,XI-IATI-EC_INTPA-2019-ACT-D-40019-00
XI-IATI-EC_INTPA-2022-PC-21486,XI-IATI-EC_INTPA-2017-ACT-D-40031-01
XI-IATI-EC_INTPA-2021-PCC-428633,XI-IATI-EC_INTPA-2020-ACT-D-38966-00
XI-IATI-EC_INTPA-2024-PC-25551,XI-IATI-EC_INTPA-2023-ACT-60734
XI-IATI-EC_INTPA-2021-PCC-428501,XI-IATI-EC_INTPA-2020-ACT-D-40118-00
XI-IATI-EC_INTPA-2026-PC-83853,XI-IATI-EC_INTPA-2017-ACT-D-40031-01
XI-IATI-EC_INTPA-2021-PC-7879,XI-IATI-EC_INTPA-2017-ACT-D-40031-01
XI-IATI-EC_INTPA-2019-PCC-408616,XI-IATI-EC_INTPA-2017-ACT-D-40031-01
XI-IATI-EC_INTPA-2022-PC-16749,XI-IATI-EC_INTPA-2017-ACT-D-40031-01
XI-IATI-EC_INTPA-2023-PC-21484,XI-IATI-EC_INTPA-2017-ACT-D-40031-01
XI-IATI-EC_INTPA-2025-PC-36398,XI-IATI-EC_INTPA-2024-ACT-62007
XI-IATI-EC_INTPA-2023-PC-32262,XI-IATI-EC_INTPA-2017-ACT-D-40031-01
XI-IATI-EC_INTPA-2019-PCC-412775,XI-IATI-EC_INTPA-2017-ACT-D-40031-01
XI-IATI-EC_INTPA-2024-PC-26908,XI-IATI-EC_INTPA-2023-ACT-61699
XI-IATI-EC_INTPA-2023-PC-18143,XI-IATI-EC_INTPA-2017-ACT-D-40031-01
XI-IATI-EC_INTPA-2023-PC-25043,XI-IATI-EC_INTPA-2022-ACT-61508
XI-IATI-EC_INTPA-2023-PC-25147,XI-IATI-EC_INTPA-2022-ACT-61508
XI-IATI-EC_INTPA-2023-PC-41431,XI-IATI-EC_INTPA-2022-ACT-61508
XI-IATI-EC_INTPA-2026-PC-84198,XI-IATI-EC_INTPA-2022-ACT-61508
XI-IATI-EC_INTPA-2024-PC-25155,XI-IATI-EC_INTPA-2022-ACT-61508
XI-IATI-EC_INTPA-2024-PC-53145,XI-IATI-EC_INTPA-2021-ACT-61633
XI-IATI-EC_INTPA-2023-PC-25042,XI-IATI-EC_INTPA-2022-ACT-61508
XI-IATI-EC_INTPA-2020-PCC-416581,XI-IATI-EC_INTPA-2019-ACT-D-41517-00
XI-IATI-EC_INTPA-2024-PC-37405,XI-IATI-EC_INTPA-2023-ACT-62014
XI-IATI-EC_INTPA-2024-PC-27309,XI-IATI-EC_INTPA-2022-ACT-61483
XI-IATI-EC_INTPA-2024-PC-27308,XI-IATI-EC_INTPA-2022-ACT-61483
XI-IATI-EC_INTPA-2021-PCC-428224,XI-IATI-EC_INTPA-2020-ACT-D-42454-00
XI-IATI-EC_INTPA-2022-PC-20222,XI-IATI-EC_INTPA-2021-ACT-61078
XI-IATI-EC_INTPA-2023-PC-27590,XI-IATI-EC_INTPA-2021-ACT-61078
XI-IATI-EC_INTPA-2024-PC-27708,XI-IATI-EC_INTPA-2022-ACT-60987
XI-IATI-EC_INTPA-2023-PC-27690,XI-IATI-EC_INTPA-2022-ACT-60987
XI-IATI-EC_INTPA-2023-PC-27689,XI-IATI-EC_INTPA-2022-ACT-60987
XI-IATI-EC_INTPA-2025-PC-53764,XI-IATI-EC_INTPA-2021-ACT-63101
XI-IATI-EC_INTPA-2022-PC-24334,XI-IATI-EC_INTPA-2021-ACT-60940
XI-IATI-EC_INTPA-2021-PCC-430941,XI-IATI-EC_INTPA-2021-ACT-60940
XI-IATI-EC_INTPA-2026-PC-80279,XI-IATI-EC_INTPA-2021-ACT-60940
XI-IATI-EC_INTPA-2023-PC-18126,XI-IATI-EC_INTPA-2020-ACT-D-42401-00
XI-IATI-EC_INTPA-2022-PCC-431645,XI-IATI-EC_INTPA-2019-ACT-D-41940-00
XI-IATI-EC_INTPA-2023-PC-26293,XI-IATI-EC_INTPA-2022-ACT-61489
XI-IATI-EC_INTPA-2026-PC-26307,XI-IATI-EC_INTPA-2022-ACT-61489
XI-IATI-EC_INTPA-2024-PC-27305,XI-IATI-EC_INTPA-2023-ACT-61910
XI-IATI-EC_INTPA-2026-PC-38372,XI-IATI-EC_INTPA-2023-ACT-62246
XI-IATI-EC_INTPA-2022-PC-17800,XI-IATI-EC_INTPA-2021-ACT-61102
XI-IATI-EC_INTPA-2024-PC-37206,XI-IATI-EC_INTPA-2023-ACT-62246
XI-IATI-EC_INTPA-2024-PC-41558,XI-IATI-EC_INTPA-2023-ACT-61846
XI-IATI-EC_INTPA-2025-PC-50869,XI-IATI-EC_INTPA-2023-ACT-61846
XI-IATI-EC_INTPA-2024-PC-36587,XI-IATI-EC_INTPA-2023-ACT-61846
XI-IATI-EC_INTPA-2025-PC-49555,XI-IATI-EC_INTPA-2023-ACT-61846
XI-IATI-EC_INTPA-2021-PCC-429840,XI-IATI-EC_INTPA-2019-ACT-D-41264-00
XI-IATI-EC_INTPA-2023-PC-28421,XI-IATI-EC_INTPA-2023-ACT-61846
XI-IATI-EC_INTPA-2025-PC-46704,XI-IATI-EC_INTPA-2023-ACT-61846
XI-IATI-EC_INTPA-2026-PC-75852,XI-IATI-EC_INTPA-2023-ACT-61846
XI-IATI-EC_INTPA-2026-PC-88277,XI-IATI-EC_INTPA-2023-ACT-61846
XI-IATI-EC_INTPA-2024-PC-36591,XI-IATI-EC_INTPA-2023-ACT-61846
XI-IATI-EC_INTPA-2022-PC-21817,XI-IATI-EC_INTPA-2019-ACT-D-41264-00
XI-IATI-EC_INTPA-2023-PC-36658,XI-IATI-EC_INTPA-2023-ACT-61606
XI-IATI-EC_INTPA-2021-PC-1116,XI-IATI-EC_INTPA-2017-ACT-D-40031-01
XI-IATI-EC_INTPA-2025-PC-36663,XI-IATI-EC_INTPA-2023-ACT-61606
XI-IATI-EC_INTPA-2024-PC-36292,XI-IATI-EC_INTPA-2024-ACT-62007
XI-IATI-EC_INTPA-2023-PC-25625,XI-IATI-EC_INTPA-2022-ACT-61302
XI-IATI-EC_INTPA-2019-PCC-413782,XI-IATI-EC_INTPA-2016-ACT-D-38386-00
XI-IATI-EC_INTPA-2019-PCC-409671,XI-IATI-EC_INTPA-2019-ACT-D-40939-00
XI-IATI-EC_INTPA-2018-PCC-397670,XI-IATI-EC_INTPA-2016-ACT-D-38386-00
XI-IATI-EC_INTPA-2017-PCC-392914,XI-IATI-EC_INTPA-2017-ACT-D-39674-04
XI-IATI-EC_INTPA-2019-PCC-413519,XI-IATI-EC_INTPA-2019-ACT-D-40840-00
XI-IATI-EC_INTPA-2021-PCC-422992,XI-IATI-EC_INTPA-2018-ACT-D-40697-00
XI-IATI-EC_INTPA-2026-PC-76052,XI-IATI-EC_INTPA-2019-ACT-D-40840-00
XI-IATI-EC_INTPA-2021-PCC-419116,XI-IATI-EC_INTPA-2019-ACT-D-40840-00
XI-IATI-EC_INTPA-2018-PCC-397120,XI-IATI-EC_INTPA-2017-ACT-D-39148-00
XI-IATI-EC_INTPA-2018-PCC-399023,XI-IATI-EC_INTPA-2017-ACT-D-39148-00
XI-IATI-EC_INTPA-2025-PC-55340,XI-IATI-EC_INTPA-2021-ACT-62799
XI-IATI-EC_INTPA-2020-PCC-421423,XI-IATI-EC_INTPA-2019-ACT-D-42051-00
XI-IATI-EC_INTPA-2022-PC-21579,XI-IATI-EC_INTPA-2019-ACT-D-42051-00
XI-IATI-EC_INTPA-2026-PC-53801,XI-IATI-EC_INTPA-2022-ACT-60628
XI-IATI-EC_INTPA-2021-PCC-428606,XI-IATI-EC_INTPA-2017-ACT-D-39228-00
XI-IATI-EC_INTPA-2021-PCC-428618,XI-IATI-EC_INTPA-2017-ACT-D-39228-00
XI-IATI-EC_INTPA-2024-PC-37656,XI-IATI-EC_INTPA-2022-ACT-60692
XI-IATI-EC_INTPA-2026-PC-80732,XI-IATI-EC_INTPA-2021-ACT-62799
XI-IATI-EC_INTPA-2023-PC-24294,XI-IATI-EC_INTPA-2022-ACT-60628
XI-IATI-EC_INTPA-2026-PC-77050,XI-IATI-EC_INTPA-2021-ACT-62799
XI-IATI-EC_INTPA-2026-PC-81164,XI-IATI-EC_INTPA-2022-ACT-60628
XI-IATI-EC_INTPA-2022-PCC-421392,XI-IATI-EC_INTPA-2019-ACT-D-41123-00
XI-IATI-EC_INTPA-2023-PC-31976,XI-IATI-EC_INTPA-2022-ACT-60599
XI-IATI-EC_INTPA-2025-PC-53379,XI-IATI-EC_INTPA-2022-ACT-60599
XI-IATI-EC_INTPA-2018-PCC-397039,XI-IATI-EC_INTPA-2016-ACT-D-38868-01
XI-IATI-EC_INTPA-2026-PC-75412,XI-IATI-EC_INTPA-2021-ACT-63136
XI-IATI-EC_INTPA-2023-PC-19387,XI-IATI-EC_INTPA-2021-ACT-61001
XI-IATI-EC_INTPA-2022-PC-15528,XI-IATI-EC_INTPA-2021-ACT-61001
XI-IATI-EC_INTPA-2026-PC-75397,XI-IATI-EC_INTPA-2021-ACT-63136
XI-IATI-EC_INTPA-2025-PC-61997,XI-IATI-EC_INTPA-2021-ACT-62577
XI-IATI-EC_INTPA-2026-PC-75411,XI-IATI-EC_INTPA-2021-ACT-63136
XI-IATI-EC_INTPA-2026-PC-80080,XI-IATI-EC_INTPA-2021-ACT-62577
XI-IATI-EC_INTPA-2026-PC-75413,XI-IATI-EC_INTPA-2021-ACT-61001
XI-IATI-EC_INTPA-2026-PC-75410,XI-IATI-EC_INTPA-2021-ACT-63136
XI-IATI-EC_INTPA-2016-PCC-375131,XI-IATI-EC_INTPA-2015-ACT-D-37809-00
XI-IATI-EC_INTPA-2026-PC-42830,XI-IATI-EC_INTPA-2021-ACT-62577
XI-IATI-EC_INTPA-2023-PC-25140,XI-IATI-EC_INTPA-2021-ACT-61001
XI-IATI-EC_INTPA-2027-PC-88268,XI-IATI-EC_INTPA-2021-ACT-63644
XI-IATI-EC_INTPA-2024-PC-40050,XI-IATI-EC_INTPA-2023-ACT-61732
XI-IATI-EC_INTPA-2020-PCC-422215,XI-IATI-EC_INTPA-2017-ACT-D-38831-00
XI-IATI-EC_INTPA-2022-PC-19577,XI-IATI-EC_INTPA-2021-ACT-61069
XI-IATI-EC_INTPA-2020-PCC-422462,XI-IATI-EC_INTPA-2017-ACT-D-38831-00
XI-IATI-EC_INTPA-2025-PC-69397,XI-IATI-EC_INTPA-2021-ACT-62518
XI-IATI-EC_INTPA-2026-PC-75032,XI-IATI-EC_INTPA-2023-ACT-61732
XI-IATI-EC_INTPA-2024-PC-25272,XI-IATI-EC_INTPA-2018-ACT-D-40874-00
XI-IATI-EC_INTPA-2024-PC-25272,XI-IATI-EC_INTPA-2022-ACT-60558
XI-IATI-EC_INTPA-2022-PC-24289,XI-IATI-EC_INTPA-2022-ACT-60558
XI-IATI-EC_INTPA-2025-PC-36183,XI-IATI-EC_INTPA-2021-ACT-62518
XI-IATI-EC_INTPA-2026-PC-52678,XI-IATI-EC_INTPA-2021-ACT-62518
XI-IATI-EC_INTPA-2022-PC-18569,XI-IATI-EC_INTPA-2021-ACT-61069
XI-IATI-EC_INTPA-2024-PC-47768,XI-IATI-EC_INTPA-2024-ACT-62693
XI-IATI-EC_INTPA-2020-PCC-415725,XI-IATI-EC_INTPA-2019-ACT-D-42187-00
XI-IATI-EC_INTPA-2020-PCC-418930,XI-IATI-EC_INTPA-2019-ACT-D-42187-00
XI-IATI-EC_INTPA-2026-PC-80198,XI-IATI-EC_INTPA-2024-ACT-62693
XI-IATI-EC_INTPA-2025-PC-53445,XI-IATI-EC_INTPA-2024-ACT-62693
XI-IATI-EC_INTPA-2023-PC-27334,XI-IATI-EC_INTPA-2019-ACT-D-42187-00
XI-IATI-EC_INTPA-2021-PCC-425135,XI-IATI-EC_INTPA-2019-ACT-D-39998-00
XI-IATI-EC_INTPA-2026-PC-75966,XI-IATI-EC_INTPA-2019-ACT-D-39998-00
XI-IATI-EC_INTPA-2023-PC-24210,XI-IATI-EC_INTPA-2022-ACT-61433
XI-IATI-EC_INTPA-2023-PC-26617,XI-IATI-EC_INTPA-2022-ACT-61310
XI-IATI-EC_INTPA-2020-PCC-421284,XI-IATI-EC_INTPA-2019-ACT-D-39998-00
XI-IATI-EC_INTPA-2023-PC-26888,XI-IATI-EC_INTPA-2022-ACT-61310
XI-IATI-EC_INTPA-2023-PC-20039,XI-IATI-EC_INTPA-2021-ACT-61086
XI-IATI-EC_INTPA-2023-PC-22492,XI-IATI-EC_INTPA-2021-ACT-61086
XI-IATI-EC_INTPA-2024-PC-37344,XI-IATI-EC_INTPA-2024-ACT-62358
XI-IATI-EC_INTPA-2022-PC-22100,XI-IATI-EC_INTPA-2021-ACT-61086
XI-IATI-EC_INTPA-2023-PC-19168,XI-IATI-EC_INTPA-2021-ACT-61086
XI-IATI-EC_INTPA-2023-PC-29022,XI-IATI-EC_INTPA-2021-ACT-61086
XI-IATI-EC_INTPA-2020-PCC-415584,XI-IATI-EC_INTPA-2016-ACT-D-38972-00
XI-IATI-EC_INTPA-2022-PC-16758,XI-IATI-EC_INTPA-2021-ACT-61086
XI-IATI-EC_INTPA-2022-PC-16925,XI-IATI-EC_INTPA-2021-ACT-61086
XI-IATI-EC_INTPA-2023-PC-20035,XI-IATI-EC_INTPA-2021-ACT-61086
XI-IATI-EC_INTPA-2023-PC-16929,XI-IATI-EC_INTPA-2021-ACT-61086
XI-IATI-EC_INTPA-2024-PC-45725,XI-IATI-EC_INTPA-2016-ACT-D-38320-00
XI-IATI-EC_INTPA-2026-PC-77174,XI-IATI-EC_INTPA-2016-ACT-D-38320-00
XI-IATI-EC_INTPA-2023-PC-20001,XI-IATI-EC_INTPA-2021-ACT-61086
XI-IATI-EC_INTPA-2017-PCC-389389,XI-IATI-EC_INTPA-2016-ACT-D-38972-00
XI-IATI-EC_INTPA-2025-PC-49770,XI-IATI-EC_INTPA-2022-ACT-61240
XI-IATI-EC_INTPA-2022-PC-19819,XI-IATI-EC_INTPA-2021-ACT-61090
XI-IATI-EC_INTPA-2018-PCC-397046,XI-IATI-EC_INTPA-2016-ACT-D-38107-00
XI-IATI-EC_INTPA-2017-PCC-385290,XI-IATI-EC_INTPA-2016-ACT-D-37486-02
XI-IATI-EC_INTPA-2026-PC-36509,XI-IATI-EC_INTPA-2023-ACT-61233
XI-IATI-EC_INTPA-2023-PC-26364,XI-IATI-EC_INTPA-2022-ACT-61423
XI-IATI-EC_INTPA-2025-PC-59817,XI-IATI-EC_INTPA-2023-ACT-61233
XI-IATI-EC_INTPA-2024-PC-26389,XI-IATI-EC_INTPA-2022-ACT-61423
XI-IATI-EC_INTPA-2025-PC-72780,XI-IATI-EC_INTPA-2021-ACT-62771
XI-IATI-EC_INTPA-2026-PC-64428,XI-IATI-EC_INTPA-2021-ACT-62771
XI-IATI-EC_INTPA-2025-PC-36473,XI-IATI-EC_INTPA-2023-ACT-61233
XI-IATI-EC_INTPA-2024-PC-36429,XI-IATI-EC_INTPA-2023-ACT-61233
XI-IATI-EC_INTPA-2026-PC-75396,XI-IATI-EC_INTPA-2021-ACT-62771
XI-IATI-EC_INTPA-2026-PC-86752,XI-IATI-EC_INTPA-2023-ACT-61233
XI-IATI-EC_INTPA-2021-PCC-421490,XI-IATI-EC_INTPA-2020-ACT-D-40138-00
XI-IATI-EC_INTPA-2021-PC-4857,XI-IATI-EC_INTPA-2019-ACT-D-38918-00
XI-IATI-EC_INTPA-2024-PC-44598,XI-IATI-EC_INTPA-2021-ACT-61121
XI-IATI-EC_INTPA-2021-PCC-425265,XI-IATI-EC_INTPA-2020-ACT-D-40138-00
XI-IATI-EC_INTPA-2023-PC-24213,XI-IATI-EC_INTPA-2022-ACT-61446
XI-IATI-EC_INTPA-2023-PC-26483,XI-IATI-EC_INTPA-2021-ACT-61121
XI-IATI-EC_INTPA-2023-PC-25713,XI-IATI-EC_INTPA-2021-ACT-61472
XI-IATI-EC_INTPA-2020-PCC-420650,XI-IATI-EC_INTPA-2020-ACT-D-40138-00
XI-IATI-EC_INTPA-2024-PC-35983,XI-IATI-EC_INTPA-2024-ACT-62209
XI-IATI-EC_INTPA-2023-PC-34444,XI-IATI-EC_INTPA-2021-ACT-61121
XI-IATI-EC_INTPA-2023-PC-32264,XI-IATI-EC_INTPA-2021-ACT-61472
XI-IATI-EC_INTPA-2023-PC-25701,XI-IATI-EC_INTPA-2021-ACT-61472
XI-IATI-EC_INTPA-2025-PC-72129,XI-IATI-EC_INTPA-2021-ACT-61121
XI-IATI-EC_INTPA-2023-PC-26647,XI-IATI-EC_INTPA-2021-ACT-61121
XI-IATI-EC_INTPA-2025-PC-70474,XI-IATI-EC_INTPA-2021-ACT-61121
XI-IATI-EC_INTPA-2023-PC-29463,XI-IATI-EC_INTPA-2021-ACT-61121
XI-IATI-EC_INTPA-2023-PC-30645,XI-IATI-EC_INTPA-2021-ACT-61121
XI-IATI-EC_INTPA-2023-PC-25850,XI-IATI-EC_INTPA-2021-ACT-61121
XI-IATI-EC_INTPA-2021-PCC-429957,XI-IATI-EC_INTPA-2018-ACT-D-40929-00
XI-IATI-EC_INTPA-2022-PCC-435740,XI-IATI-EC_INTPA-2020-ACT-D-42950-01
XI-IATI-EC_INTPA-2026-PC-77058,XI-IATI-EC_INTPA-2021-ACT-63091
XI-IATI-EC_INTPA-2026-PC-37759,XI-IATI-EC_INTPA-2022-ACT-60909
XI-IATI-EC_INTPA-2025-PC-37761,XI-IATI-EC_INTPA-2022-ACT-60909
XI-IATI-EC_INTPA-2022-PC-18559,XI-IATI-EC_INTPA-2021-ACT-61104
XI-IATI-EC_INTPA-2026-PC-77059,XI-IATI-EC_INTPA-2021-ACT-63091
XI-IATI-EC_INTPA-2023-PC-22049,XI-IATI-EC_INTPA-2021-ACT-61104
XI-IATI-EC_INTPA-2023-PC-27905,XI-IATI-EC_INTPA-2022-ACT-60909
XI-IATI-EC_INTPA-2026-PC-53819,XI-IATI-EC_INTPA-2021-ACT-63055
XI-IATI-EC_INTPA-2023-PC-30817,XI-IATI-EC_INTPA-2022-ACT-61496
XI-IATI-EC_INTPA-2023-PC-32172,XI-IATI-EC_INTPA-2023-ACT-61862
XI-IATI-EC_INTPA-2023-PC-26198,XI-IATI-EC_INTPA-2022-ACT-61496
XI-IATI-EC_INTPA-2020-PCC-416008,XI-IATI-EC_INTPA-2016-ACT-D-37486-02
XI-IATI-EC_INTPA-2026-PC-85210,XI-IATI-EC_INTPA-2022-ACT-61240
XI-IATI-EC_INTPA-2023-PC-27699,XI-IATI-EC_INTPA-2016-ACT-D-37486-02
XI-IATI-EC_INTPA-2023-PC-32142,XI-IATI-EC_INTPA-2022-ACT-61240
XI-IATI-EC_INTPA-2024-PC-37034,XI-IATI-EC_INTPA-2022-ACT-61496
XI-IATI-EC_INTPA-2023-PC-30334,XI-IATI-EC_INTPA-2021-ACT-61090
XI-IATI-EC_INTPA-2023-PC-26203,XI-IATI-EC_INTPA-2022-ACT-61496
XI-IATI-EC_INTPA-2023-PC-31561,XI-IATI-EC_INTPA-2022-ACT-61496
XI-IATI-EC_INTPA-2026-PC-88130,XI-IATI-EC_INTPA-2023-ACT-61325
XI-IATI-EC_INTPA-2022-PC-23195,XI-IATI-EC_INTPA-2021-ACT-61090
XI-IATI-EC_INTPA-2019-PCC-414050,XI-IATI-EC_INTPA-2016-ACT-D-37486-02
XI-IATI-EC_INTPA-2019-PCC-413820,XI-IATI-EC_INTPA-2016-ACT-D-37486-02
XI-IATI-EC_INTPA-2020-PCC-418161,XI-IATI-EC_INTPA-2016-ACT-D-37486-02
XI-IATI-EC_INTPA-2026-PC-75961,XI-IATI-EC_INTPA-2023-ACT-61325
XI-IATI-EC_INTPA-2023-PC-28008,XI-IATI-EC_INTPA-2017-ACT-D-40134-00
XI-IATI-EC_INTPA-2024-PC-27747,XI-IATI-EC_INTPA-2022-ACT-61240
XI-IATI-EC_INTPA-2023-PC-26837,XI-IATI-EC_INTPA-2023-ACT-61325
XI-IATI-EC_INTPA-2021-PCC-425462,XI-IATI-EC_INTPA-2018-ACT-D-39797-00
XI-IATI-EC_INTPA-2023-PC-23354,XI-IATI-EC_INTPA-2020-ACT-D-40387-00
XI-IATI-EC_INTPA-2022-PC-15588,XI-IATI-EC_INTPA-2021-ACT-60903
XI-IATI-EC_INTPA-2022-PC-16632,XI-IATI-EC_INTPA-2021-ACT-60933
XI-IATI-EC_INTPA-2026-PC-37078,XI-IATI-EC_INTPA-2023-ACT-60983
XI-IATI-EC_INTPA-2025-PC-42056,XI-IATI-EC_INTPA-2023-ACT-60983
XI-IATI-EC_INTPA-2023-PC-26411,XI-IATI-EC_INTPA-2022-ACT-60961
XI-IATI-EC_INTPA-2025-PC-58376,XI-IATI-EC_INTPA-2018-ACT-D-39797-00
XI-IATI-EC_INTPA-2025-PC-52115,XI-IATI-EC_INTPA-2023-ACT-61863
XI-IATI-EC_INTPA-2024-PC-36114,XI-IATI-EC_INTPA-2022-ACT-60961
XI-IATI-EC_INTPA-2027-PC-76726,XI-IATI-EC_INTPA-2023-ACT-60983
XI-IATI-EC_INTPA-2026-PC-87860,XI-IATI-EC_INTPA-2023-ACT-60983
XI-IATI-EC_INTPA-2026-PC-87858,XI-IATI-EC_INTPA-2023-ACT-60983
XI-IATI-EC_INTPA-2027-PC-76728,XI-IATI-EC_INTPA-2023-ACT-60983
XI-IATI-EC_INTPA-2025-PC-52952,XI-IATI-EC_INTPA-2021-ACT-62317
XI-IATI-EC_INTPA-2022-PC-24537,XI-IATI-EC_INTPA-2021-ACT-61120
XI-IATI-EC_INTPA-2024-PC-36107,XI-IATI-EC_INTPA-2022-ACT-60961
XI-IATI-EC_INTPA-2023-PC-26579,XI-IATI-EC_INTPA-2023-ACT-60983
XI-IATI-EC_INTPA-2024-PC-44588,XI-IATI-EC_INTPA-2021-ACT-61120
XI-IATI-EC_INTPA-2023-PC-18768,XI-IATI-EC_INTPA-2021-ACT-60933
XI-IATI-EC_INTPA-2024-PC-32327,XI-IATI-EC_INTPA-2021-ACT-61120
XI-IATI-EC_INTPA-2023-PC-25655,XI-IATI-EC_INTPA-2022-ACT-60636
XI-IATI-EC_INTPA-2024-PC-25656,XI-IATI-EC_INTPA-2022-ACT-60636
XI-IATI-EC_INTPA-2024-PC-37833,XI-IATI-EC_INTPA-2023-ACT-61863
XI-IATI-EC_INTPA-2021-PCC-427166,XI-IATI-EC_INTPA-2018-ACT-D-39797-00
XI-IATI-EC_INTPA-2022-PC-15913,XI-IATI-EC_INTPA-2021-ACT-60933
XI-IATI-EC_INTPA-2026-PC-49465,XI-IATI-EC_INTPA-2021-ACT-62292
XI-IATI-EC_INTPA-2025-PC-49248,XI-IATI-EC_INTPA-2021-ACT-62292
XI-IATI-EC_INTPA-2025-PC-42917,XI-IATI-EC_INTPA-2021-ACT-62696
XI-IATI-EC_INTPA-2022-PC-24576,XI-IATI-EC_INTPA-2021-ACT-61100
XI-IATI-EC_INTPA-2022-PC-16482,XI-IATI-EC_INTPA-2021-ACT-61065
XI-IATI-EC_INTPA-2023-PC-27513,XI-IATI-EC_INTPA-2021-ACT-61065
XI-IATI-EC_INTPA-2018-PCC-404429,XI-IATI-EC_INTPA-2016-ACT-D-39310-00
XI-IATI-EC_INTPA-2021-PCC-429309,XI-IATI-EC_INTPA-2016-ACT-D-39310-00
XI-IATI-EC_INTPA-2025-PC-26037,XI-IATI-EC_INTPA-2021-ACT-61065
XI-IATI-EC_INTPA-2020-PCC-415467,XI-IATI-EC_INTPA-2019-ACT-D-41736-00
XI-IATI-EC_INTPA-2023-PC-26026,XI-IATI-EC_INTPA-2021-ACT-61065
XI-IATI-EC_INTPA-2022-PC-22890,XI-IATI-EC_INTPA-2020-ACT-D-41754-00
XI-IATI-EC_INTPA-2020-PCC-419898,XI-IATI-EC_INTPA-2020-ACT-D-41754-00
XI-IATI-EC_INTPA-2022-PC-21555,XI-IATI-EC_INTPA-2019-ACT-D-41736-00
XI-IATI-EC_INTPA-2023-PC-26380,XI-IATI-EC_INTPA-2023-ACT-61294
XI-IATI-EC_INTPA-2022-PC-15602,XI-IATI-EC_INTPA-2021-ACT-60930
XI-IATI-EC_INTPA-2027-PC-76727,XI-IATI-EC_INTPA-2023-ACT-60983
XI-IATI-EC_INTPA-2026-PC-37296,XI-IATI-EC_INTPA-2023-ACT-60983
XI-IATI-EC_INTPA-2020-PC-733,XI-IATI-EC_INTPA-2016-ACT-D-37972-00
XI-IATI-EC_INTPA-2022-PCC-429583,XI-IATI-EC_INTPA-2020-ACT-D-40898-00
XI-IATI-EC_INTPA-2023-PC-30243,XI-IATI-EC_INTPA-2020-ACT-D-40898-00
XI-IATI-EC_INTPA-2026-PC-78665,XI-IATI-EC_INTPA-2020-ACT-D-40898-00
XI-IATI-EC_INTPA-2022-PCC-428966,XI-IATI-EC_INTPA-2020-ACT-D-40898-00
XI-IATI-EC_INTPA-2022-PC-23770,XI-IATI-EC_INTPA-2020-ACT-D-40898-00
XI-IATI-EC_INTPA-2019-PCC-413599,XI-IATI-EC_INTPA-2018-ACT-D-41015-01
XI-IATI-EC_INTPA-2021-PC-5303,XI-IATI-EC_INTPA-2017-ACT-D-40033-01
XI-IATI-EC_INTPA-2021-PC-1163,XI-IATI-EC_INTPA-2018-ACT-D-41015-01
XI-IATI-EC_INTPA-2018-PCC-402235,XI-IATI-EC_INTPA-2017-ACT-D-40022-00
XI-IATI-EC_INTPA-2021-PCC-426286,XI-IATI-EC_INTPA-2019-ACT-D-41739-00
XI-IATI-EC_INTPA-2020-PCC-418122,XI-IATI-EC_INTPA-2017-ACT-D-40033-01
XI-IATI-EC_INTPA-2018-PCC-402069,XI-IATI-EC_INTPA-2017-ACT-D-40033-01
XI-IATI-EC_INTPA-2026-PC-76418,XI-IATI-EC_INTPA-2017-ACT-D-40033-01
XI-IATI-EC_INTPA-2026-PC-77142,XI-IATI-EC_INTPA-2019-ACT-D-41739-00
XI-IATI-EC_INTPA-2026-PC-75416,XI-IATI-EC_INTPA-2021-ACT-63169
XI-IATI-EC_NEAR-2023-PC-26413,XI-IATI-EC_NEAR-2022-ACT-61442
XI-IATI-EC_NEAR-2023-PC-26479,XI-IATI-EC_NEAR-2022-ACT-61467
XI-IATI-EC_NEAR-2024-PC-36865,XI-IATI-EC_NEAR-2023-ACT-62364
XI-IATI-EC_NEAR-2024-PC-26416,XI-IATI-EC_NEAR-2022-ACT-61442
XI-IATI-EC_NEAR-2024-PC-26598,XI-IATI-EC_NEAR-2022-ACT-61467
XI-IATI-EC_NEAR-2024-PC-26596,XI-IATI-EC_NEAR-2022-ACT-61467
XI-IATI-EC_NEAR-2021-PCC-424514,XI-IATI-EC_NEAR-2020-ACT-D-42914-01
XI-IATI-EC_NEAR-2021-PCC-424417,XI-IATI-EC_NEAR-2020-ACT-D-42914-01
XI-IATI-EC_NEAR-2021-PCC-426292,XI-IATI-EC_NEAR-2019-ACT-D-41203-02
XI-IATI-EC_NEAR-2021-PCC-423828,XI-IATI-EC_NEAR-2019-ACT-D-41203-02
XI-IATI-EC_NEAR-2021-PCC-424517,XI-IATI-EC_NEAR-2020-ACT-D-42914-01
XI-IATI-EC_NEAR-2016-PCC-383649,XI-IATI-EC_NEAR-2015-ACT-D-38716-05
XI-IATI-EC_NEAR-2021-PCC-427664,XI-IATI-EC_NEAR-2019-ACT-D-41203-02
XI-IATI-EC_NEAR-2020-PCC-419973,XI-IATI-EC_NEAR-2019-ACT-D-41203-02
XI-IATI-EC_NEAR-2020-PCC-423478,XI-IATI-EC_NEAR-2019-ACT-D-41203-02
XI-IATI-EC_NEAR-2020-PCC-424787,XI-IATI-EC_NEAR-2020-ACT-D-42914-01
XI-IATI-EC_NEAR-2024-PC-34437,XI-IATI-EC_NEAR-2020-ACT-D-42914-01
XI-IATI-EC_NEAR-2023-PC-3384,XI-IATI-EC_NEAR-2020-ACT-D-42914-01
XI-IATI-EC_NEAR-2023-PC-25960,XI-IATI-EC_NEAR-2023-ACT-61604
XI-IATI-EC_NEAR-2023-PC-3383,XI-IATI-EC_NEAR-2020-ACT-D-42914-01
XI-IATI-EC_NEAR-2023-PC-25441,XI-IATI-EC_NEAR-2023-ACT-61596
XI-IATI-EC_NEAR-2018-PCC-401352,XI-IATI-EC_NEAR-2017-ACT-D-40318-00
XI-IATI-EC_NEAR-2018-PCC-401348,XI-IATI-EC_NEAR-2017-ACT-D-40318-00
XI-IATI-EC_NEAR-2020-PCC-417111,XI-IATI-EC_NEAR-2017-ACT-D-40318-00
XI-IATI-EC_NEAR-2021-PCC-416172,XI-IATI-EC_NEAR-2018-ACT-D-41405-00
XI-IATI-EC_NEAR-2021-PCC-427059,XI-IATI-EC_NEAR-2019-ACT-D-41937-00
XI-IATI-EC_NEAR-2021-PCC-428582,XI-IATI-EC_NEAR-2019-ACT-D-41934-01
XI-IATI-EC_NEAR-2022-PC-23383,XI-IATI-EC_NEAR-2019-ACT-D-41934-01
XI-IATI-EC_NEAR-2022-PC-23690,XI-IATI-EC_NEAR-2019-ACT-D-41937-00
XI-IATI-EC_NEAR-2021-PCC-427568,XI-IATI-EC_NEAR-2019-ACT-D-41937-00
XI-IATI-EC_NEAR-2021-PCC-428565,XI-IATI-EC_NEAR-2019-ACT-D-41934-01
XI-IATI-EC_NEAR-2021-PCC-424843,XI-IATI-EC_NEAR-2019-ACT-D-41937-00
XI-IATI-EC_NEAR-2022-PC-22151,XI-IATI-EC_NEAR-2019-ACT-D-41934-01
XI-IATI-EC_NEAR-2022-PC-22257,XI-IATI-EC_NEAR-2019-ACT-D-41934-01
XI-IATI-EC_NEAR-2021-PC-7372,XI-IATI-EC_NEAR-2019-ACT-D-41934-01
XI-IATI-EC_NEAR-2020-PCC-421173,XI-IATI-EC_NEAR-2019-ACT-D-41937-00
XI-IATI-EC_NEAR-2023-PC-26221,XI-IATI-EC_NEAR-2019-ACT-D-41937-00
XI-IATI-EC_NEAR-2020-PCC-419437,XI-IATI-EC_NEAR-2019-ACT-D-41934-01
XI-IATI-EC_NEAR-2022-PC-21806,XI-IATI-EC_NEAR-2019-ACT-D-41937-00
XI-IATI-EC_NEAR-2022-PC-23492,XI-IATI-EC_NEAR-2019-ACT-D-41937-00
XI-IATI-EC_NEAR-2022-PC-22447,XI-IATI-EC_NEAR-2019-ACT-D-41937-00
XI-IATI-EC_NEAR-2022-PC-22453,XI-IATI-EC_NEAR-2019-ACT-D-41937-00
XI-IATI-EC_NEAR-2023-PC-23151,XI-IATI-EC_NEAR-2019-ACT-D-41934-01
XI-IATI-EC_NEAR-2023-PC-23854,XI-IATI-EC_NEAR-2022-ACT-61197
XI-IATI-EC_NEAR-2024-PC-26216,XI-IATI-EC_NEAR-2019-ACT-D-41937-00
XI-IATI-EC_NEAR-2024-PC-26216,XI-IATI-EC_NEAR-2016-ACT-D-39318-00
XI-IATI-EC_NEAR-2016-PCC-380129,XI-IATI-EC_NEAR-2015-ACT-D-37735-00
XI-IATI-EC_NEAR-2016-PCC-380130,XI-IATI-EC_NEAR-2015-ACT-D-37735-00
XI-IATI-EC_NEAR-2017-PCC-394816,XI-IATI-EC_NEAR-2016-ACT-D-39601-00
XI-IATI-EC_NEAR-2017-PCC-394816,XI-IATI-EC_NEAR-2017-ACT-D-40316-00
XI-IATI-EC_NEAR-2020-PCC-420528,XI-IATI-EC_NEAR-2020-ACT-D-42602-00
XI-IATI-EC_NEAR-2020-PCC-420528,XI-IATI-EC_NEAR-2019-ACT-D-42240-00
XI-IATI-EC_NEAR-2019-PCC-411975,XI-IATI-EC_NEAR-2016-ACT-D-39601-00
XI-IATI-EC_NEAR-2018-PCC-399610,XI-IATI-EC_NEAR-2016-ACT-D-39601-00
XI-IATI-EC_NEAR-2020-PCC-420275,XI-IATI-EC_NEAR-2019-ACT-D-42137-00
XI-IATI-EC_NEAR-2020-PCC-420275,XI-IATI-EC_NEAR-2020-ACT-D-42575-00
XI-IATI-EC_NEAR-2017-PCC-394566,XI-IATI-EC_NEAR-2016-ACT-D-39601-00
XI-IATI-EC_NEAR-2021-PCC-430372,XI-IATI-EC_NEAR-2019-ACT-D-42240-00
XI-IATI-EC_NEAR-2022-PC-24488,XI-IATI-EC_NEAR-2019-ACT-D-42240-00
XI-IATI-EC_NEAR-2023-PC-24994,XI-IATI-EC_NEAR-2022-ACT-60900
XI-IATI-EC_NEAR-2023-PC-26322,XI-IATI-EC_NEAR-2022-ACT-60901
XI-IATI-EC_NEAR-2023-PC-26324,XI-IATI-EC_NEAR-2022-ACT-60901
XI-IATI-EC_NEAR-2023-PC-25133,XI-IATI-EC_NEAR-2019-ACT-D-42137-00
XI-IATI-EC_NEAR-2023-PC-25135,XI-IATI-EC_NEAR-2019-ACT-D-42137-00
XI-IATI-EC_NEAR-2022-PC-19257,XI-IATI-EC_NEAR-2019-ACT-D-42240-00
XI-IATI-EC_NEAR-2023-PC-28407,XI-IATI-EC_NEAR-2019-ACT-D-42137-00
XI-IATI-EC_NEAR-2020-PCC-416748,XI-IATI-EC_NEAR-2020-ACT-D-42291-00
XI-IATI-EC_NEAR-2020-PCC-416748,XI-IATI-EC_NEAR-2019-ACT-D-42126-00
XI-IATI-EC_NEAR-2021-PCC-415264,XI-IATI-EC_NEAR-2018-ACT-D-41398-00
XI-IATI-EC_NEAR-2017-PCC-394764,XI-IATI-EC_NEAR-2016-ACT-D-39842-01
XI-IATI-EC_NEAR-2019-PCC-414058,XI-IATI-EC_NEAR-2018-ACT-D-41398-00
XI-IATI-EC_NEAR-2017-PCC-394764,XI-IATI-EC_NEAR-2017-ACT-D-40761-01
XI-IATI-EC_NEAR-2020-PC-524,XI-IATI-EC_NEAR-2017-ACT-D-40260-00
XI-IATI-EC_NEAR-2021-PC-6968,XI-IATI-EC_NEAR-2020-ACT-D-42291-00
XI-IATI-EC_NEAR-2018-PCC-404157,XI-IATI-EC_NEAR-2014-ACT-D-37371-00
XI-IATI-EC_NEAR-2018-PCC-404157,XI-IATI-EC_NEAR-2018-ACT-D-41290-00
XI-IATI-EC_NEAR-2021-PCC-417640,XI-IATI-EC_NEAR-2017-ACT-D-40313-00
XI-IATI-EC_NEAR-2021-PC-4735,XI-IATI-EC_NEAR-2020-ACT-D-42291-00
XI-IATI-EC_NEAR-2020-PCC-416795,XI-IATI-EC_NEAR-2017-ACT-D-40260-00
XI-IATI-EC_NEAR-2020-PCC-421661,XI-IATI-EC_NEAR-2016-ACT-D-39842-01
XI-IATI-EC_NEAR-2021-PCC-428889,XI-IATI-EC_NEAR-2017-ACT-D-40260-00
XI-IATI-EC_NEAR-2021-PCC-428890,XI-IATI-EC_NEAR-2017-ACT-D-40260-00
XI-IATI-EC_NEAR-2020-PCC-416324,XI-IATI-EC_NEAR-2019-ACT-D-41950-00
XI-IATI-EC_NEAR-2020-PCC-416324,XI-IATI-EC_NEAR-2020-ACT-D-42278-00
XI-IATI-EC_NEAR-2021-PC-4855,XI-IATI-EC_NEAR-2020-ACT-D-42291-00
XI-IATI-EC_NEAR-2021-PCC-424895,XI-IATI-EC_NEAR-2017-ACT-D-40759-00
XI-IATI-EC_NEAR-2021-PCC-423852,XI-IATI-EC_NEAR-2019-ACT-D-41950-00
XI-IATI-EC_NEAR-2022-PC-24235,XI-IATI-EC_NEAR-2021-ACT-61066
XI-IATI-EC_NEAR-2022-PC-23356,XI-IATI-EC_NEAR-2021-ACT-61068
XI-IATI-EC_NEAR-2021-PCC-425620,XI-IATI-EC_NEAR-2017-ACT-D-40260-00
XI-IATI-EC_NEAR-2021-PCC-423852,XI-IATI-EC_NEAR-2020-ACT-D-42278-00
XI-IATI-EC_NEAR-2021-PCC-428962,XI-IATI-EC_NEAR-2017-ACT-D-40313-00
XI-IATI-EC_NEAR-2021-PCC-428965,XI-IATI-EC_NEAR-2017-ACT-D-40313-00
XI-IATI-EC_NEAR-2021-PCC-430122,XI-IATI-EC_NEAR-2017-ACT-D-40260-00
XI-IATI-EC_NEAR-2021-PCC-429045,XI-IATI-EC_NEAR-2017-ACT-D-40260-00
XI-IATI-EC_NEAR-2021-PCC-428959,XI-IATI-EC_NEAR-2017-ACT-D-40313-00
XI-IATI-EC_NEAR-2021-PCC-427905,XI-IATI-EC_NEAR-2017-ACT-D-40759-00
XI-IATI-EC_NEAR-2021-PCC-423450,XI-IATI-EC_NEAR-2018-ACT-D-41290-00
XI-IATI-EC_NEAR-2017-PCC-394871,XI-IATI-EC_NEAR-2016-ACT-D-39372-02
XI-IATI-EC_NEAR-2021-PC-7220,XI-IATI-EC_NEAR-2020-ACT-D-42291-00
XI-IATI-EC_NEAR-2023-PC-17755,XI-IATI-EC_NEAR-2020-ACT-D-42278-00
XI-IATI-EC_NEAR-2021-PC-7220,XI-IATI-EC_NEAR-2019-ACT-D-42126-00
XI-IATI-EC_NEAR-2022-PC-16052,XI-IATI-EC_NEAR-2020-ACT-D-42291-00
XI-IATI-EC_NEAR-2023-PC-29160,XI-IATI-EC_NEAR-2020-ACT-D-42291-00
XI-IATI-EC_NEAR-2021-PCC-415259,XI-IATI-EC_NEAR-2018-ACT-D-41398-00
XI-IATI-EC_NEAR-2020-PCC-415186,XI-IATI-EC_NEAR-2017-ACT-D-40260-00
XI-IATI-EC_NEAR-2023-PC-13415,XI-IATI-EC_NEAR-2019-ACT-D-42126-00
XI-IATI-EC_NEAR-2020-PCC-414985,XI-IATI-EC_NEAR-2018-ACT-D-41398-00
XI-IATI-EC_NEAR-2021-PC-2265,XI-IATI-EC_NEAR-2018-ACT-D-41151-00
XI-IATI-EC_NEAR-2022-PC-22869,XI-IATI-EC_NEAR-2018-ACT-D-41151-00
XI-IATI-EC_NEAR-2022-PC-20176,XI-IATI-EC_NEAR-2022-ACT-60561
XI-IATI-EC_NEAR-2023-PC-22338,XI-IATI-EC_NEAR-2022-ACT-61400
XI-IATI-EC_NEAR-2023-PC-29638,XI-IATI-EC_NEAR-2020-ACT-D-42291-00
XI-IATI-EC_NEAR-2023-PC-29284,XI-IATI-EC_NEAR-2020-ACT-D-42278-00
XI-IATI-EC_NEAR-2023-PC-29639,XI-IATI-EC_NEAR-2020-ACT-D-42291-00
XI-IATI-EC_NEAR-2023-PC-26509,XI-IATI-EC_NEAR-2021-ACT-61137
XI-IATI-EC_NEAR-2023-PC-25026,XI-IATI-EC_NEAR-2022-ACT-60561
XI-IATI-EC_NEAR-2023-PC-26205,XI-IATI-EC_NEAR-2019-ACT-D-41950-00
XI-IATI-EC_NEAR-2023-PC-26205,XI-IATI-EC_NEAR-2020-ACT-D-42278-00
XI-IATI-EC_NEAR-2022-PC-10234,XI-IATI-EC_NEAR-2020-ACT-D-42278-00
XI-IATI-EC_NEAR-2023-PC-26206,XI-IATI-EC_NEAR-2020-ACT-D-42278-00
XI-IATI-EC_NEAR-2023-PC-26487,XI-IATI-EC_NEAR-2021-ACT-61137
XI-IATI-EC_NEAR-2023-PC-21871,XI-IATI-EC_NEAR-2019-ACT-D-42126-00
XI-IATI-EC_NEAR-2023-PC-26474,XI-IATI-EC_NEAR-2021-ACT-61137
XI-IATI-EC_NEAR-2023-PC-25712,XI-IATI-EC_NEAR-2022-ACT-61199
XI-IATI-EC_NEAR-2024-PC-36873,XI-IATI-EC_NEAR-2023-ACT-62340
XI-IATI-EC_NEAR-2024-PC-37799,XI-IATI-EC_NEAR-2018-ACT-D-41398-00
XI-IATI-EC_NEAR-2022-PC-23718,XI-IATI-EC_NEAR-2021-ACT-61137
XI-IATI-EC_NEAR-2024-PC-16109,XI-IATI-EC_NEAR-2022-ACT-61027
XI-IATI-EC_NEAR-2024-PC-30274,XI-IATI-EC_NEAR-2021-ACT-61066
XI-IATI-EC_NEAR-2024-PC-26165,XI-IATI-EC_NEAR-2022-ACT-61027
XI-IATI-EC_NEAR-2024-PC-25608,XI-IATI-EC_NEAR-2021-ACT-61068
XI-IATI-EC_NEAR-2025-PC-25588,XI-IATI-EC_NEAR-2021-ACT-61068
XI-IATI-EC_NEAR-2024-PC-46587,XI-IATI-EC_NEAR-2017-ACT-D-40260-00
XI-IATI-EC_NEAR-2023-PC-34044,XI-IATI-EC_NEAR-2023-ACT-60844
XI-IATI-EC_NEAR-2023-PC-25328,XI-IATI-EC_NEAR-2023-ACT-61597
XI-IATI-EC_NEAR-2023-PC-25995,XI-IATI-EC_NEAR-2023-ACT-60862
XI-IATI-EC_NEAR-2023-PC-25842,XI-IATI-EC_NEAR-2023-ACT-60844
XI-IATI-EC_NEAR-2023-PC-25094,XI-IATI-EC_NEAR-2023-ACT-60844
XI-IATI-EC_NEAR-2024-PC-26711,XI-IATI-EC_NEAR-2023-ACT-60844
XI-IATI-EC_NEAR-2020-PCC-421250,XI-IATI-EC_NEAR-2019-ACT-D-41263-03
XI-IATI-EC_NEAR-2020-PCC-419152,XI-IATI-EC_NEAR-2020-ACT-D-42747-06
XI-IATI-EC_NEAR-2019-PCC-415500,XI-IATI-EC_NEAR-2019-ACT-D-41263-03
XI-IATI-EC_NEAR-2021-PCC-430625,XI-IATI-EC_NEAR-2023-ACT-60518
XI-IATI-EC_NEAR-2023-PC-22941,XI-IATI-EC_NEAR-2023-ACT-61594
XI-IATI-EC_NEAR-2023-PC-26649,XI-IATI-EC_NEAR-2022-ACT-60915
XI-IATI-EC_NEAR-2025-PC-25283,XI-IATI-EC_NEAR-2022-ACT-60915
XI-IATI-EC_NEAR-2024-PC-25269,XI-IATI-EC_NEAR-2022-ACT-60915
XI-IATI-EC_NEAR-2023-PC-31959,XI-IATI-EC_NEAR-2023-ACT-60518
XI-IATI-EC_NEAR-2022-PC-18169,XI-IATI-EC_NEAR-2023-ACT-60518
XI-IATI-EC_NEAR-2019-PCC-407821,XI-IATI-EC_NEAR-2016-ACT-D-39803-06
XI-IATI-EC_NEAR-2018-PCC-397293,XI-IATI-EC_NEAR-2015-ACT-D-38444-04
XI-IATI-EC_NEAR-2018-PCC-395584,XI-IATI-EC_NEAR-2015-ACT-D-38444-04
XI-IATI-EC_NEAR-2023-PC-26113,XI-IATI-EC_NEAR-2021-ACT-61585
XI-IATI-EC_NEAR-2023-PC-25802,XI-IATI-EC_NEAR-2021-ACT-60875
XI-IATI-EC_NEAR-2023-PC-25764,XI-IATI-EC_NEAR-2021-ACT-60872
XI-IATI-EC_NEAR-2024-PC-37108,XI-IATI-EC_NEAR-2024-ACT-62417
XI-IATI-EC_NEAR-2024-PC-25804,XI-IATI-EC_NEAR-2021-ACT-60875
XI-IATI-EC_NEAR-2023-PC-23862,XI-IATI-EC_NEAR-2022-ACT-60730
XI-IATI-EC_NEAR-2023-PC-21815,XI-IATI-EC_NEAR-2022-ACT-60730
XI-IATI-EC_NEAR-2019-PCC-404352,XI-IATI-EC_NEAR-2017-ACT-D-40704-00
XI-IATI-EC_NEAR-2019-PCC-404799,XI-IATI-EC_NEAR-2017-ACT-D-40562-01
XI-IATI-EC_NEAR-2018-PCC-403140,XI-IATI-EC_NEAR-2017-ACT-D-40562-01
XI-IATI-EC_NEAR-2021-PCC-427970,XI-IATI-EC_NEAR-2017-ACT-D-40445-00
XI-IATI-EC_NEAR-2021-PCC-428148,XI-IATI-EC_NEAR-2017-ACT-D-40704-00
XI-IATI-EC_NEAR-2019-PCC-410052,XI-IATI-EC_NEAR-2017-ACT-D-40704-00
XI-IATI-EC_NEAR-2018-PCC-404297,XI-IATI-EC_NEAR-2017-ACT-D-40704-00
XI-IATI-EC_NEAR-2018-PCC-404417,XI-IATI-EC_NEAR-2017-ACT-D-40704-00
XI-IATI-EC_NEAR-2018-PCC-404376,XI-IATI-EC_NEAR-2017-ACT-D-40695-00
XI-IATI-EC_NEAR-2018-PCC-403150,XI-IATI-EC_NEAR-2017-ACT-D-40704-00
XI-IATI-EC_NEAR-2021-PCC-428768,XI-IATI-EC_NEAR-2017-ACT-D-40562-01
XI-IATI-EC_NEAR-2020-PCC-417245,XI-IATI-EC_NEAR-2019-ACT-D-41891-00
XI-IATI-EC_NEAR-2021-PCC-426850,XI-IATI-EC_NEAR-2019-ACT-D-41891-00
XI-IATI-EC_NEAR-2021-PCC-426850,XI-IATI-EC_NEAR-2020-ACT-D-42859-00
XI-IATI-EC_NEAR-2019-PCC-407099,XI-IATI-EC_NEAR-2017-ACT-D-40704-00
XI-IATI-EC_NEAR-2021-PCC-430183,XI-IATI-EC_NEAR-2019-ACT-D-41860-00
XI-IATI-EC_NEAR-2020-PCC-418579,XI-IATI-EC_NEAR-2019-ACT-D-41860-00
XI-IATI-EC_NEAR-2021-PCC-423254,XI-IATI-EC_NEAR-2019-ACT-D-41891-00
XI-IATI-EC_NEAR-2021-PCC-428588,XI-IATI-EC_NEAR-2019-ACT-D-41860-00
XI-IATI-EC_NEAR-2019-PCC-411467,XI-IATI-EC_NEAR-2017-ACT-D-40445-00
XI-IATI-EC_NEAR-2021-PCC-414053,XI-IATI-EC_NEAR-2017-ACT-D-40562-01
XI-IATI-EC_NEAR-2020-PCC-416672,XI-IATI-EC_NEAR-2019-ACT-D-41859-00
XI-IATI-EC_NEAR-2021-PC-3558,XI-IATI-EC_NEAR-2019-ACT-D-41860-00
XI-IATI-EC_NEAR-2020-PCC-420597,XI-IATI-EC_NEAR-2019-ACT-D-41859-00
XI-IATI-EC_NEAR-2022-PC-15378,XI-IATI-EC_NEAR-2017-ACT-D-40445-00
XI-IATI-EC_NEAR-2021-PC-8877,XI-IATI-EC_NEAR-2017-ACT-D-40562-01
XI-IATI-EC_NEAR-2023-PC-31719,XI-IATI-EC_NEAR-2019-ACT-D-41860-00
XI-IATI-EC_NEAR-2022-PC-23457,XI-IATI-EC_NEAR-2019-ACT-D-41860-00
XI-IATI-EC_NEAR-2023-PC-31722,XI-IATI-EC_NEAR-2019-ACT-D-41860-00
XI-IATI-EC_NEAR-2023-PC-30872,XI-IATI-EC_NEAR-2019-ACT-D-41891-00
XI-IATI-EC_NEAR-2022-PC-20298,XI-IATI-EC_NEAR-2021-ACT-61082
XI-IATI-EC_NEAR-2023-PC-31718,XI-IATI-EC_NEAR-2019-ACT-D-41860-00
XI-IATI-EC_NEAR-2023-PC-32512,XI-IATI-EC_NEAR-2019-ACT-D-41891-00
XI-IATI-EC_NEAR-2023-PC-30456,XI-IATI-EC_NEAR-2019-ACT-D-41891-00
XI-IATI-EC_NEAR-2022-PC-22976,XI-IATI-EC_NEAR-2019-ACT-D-41891-00
XI-IATI-EC_NEAR-2023-PC-30873,XI-IATI-EC_NEAR-2019-ACT-D-41891-00
XI-IATI-EC_NEAR-2024-PC-39790,XI-IATI-EC_NEAR-2019-ACT-D-41891-00
XI-IATI-EC_NEAR-2024-PC-38097,XI-IATI-EC_NEAR-2019-ACT-D-41891-00
XI-IATI-EC_NEAR-2024-PC-38100,XI-IATI-EC_NEAR-2019-ACT-D-41891-00
XI-IATI-EC_NEAR-2023-PC-37347,XI-IATI-EC_NEAR-2023-ACT-62422
XI-IATI-EC_NEAR-2022-PCC-425501,XI-IATI-EC_NEAR-2019-ACT-D-41859-00
XI-IATI-EC_NEAR-2024-PC-32056,XI-IATI-EC_NEAR-2019-ACT-D-41891-00
XI-IATI-EC_NEAR-2024-PC-32056,XI-IATI-EC_NEAR-2020-ACT-D-42859-00
XI-IATI-EC_NEAR-2024-PC-27731,XI-IATI-EC_NEAR-2019-ACT-D-41891-00
XI-IATI-EC_NEAR-2017-PCC-394632,XI-IATI-EC_NEAR-2016-ACT-D-39747-07
XI-IATI-EC_NEAR-2023-PC-25711,XI-IATI-EC_NEAR-2023-ACT-61599
XI-IATI-EC_NEAR-2017-PCC-385741,XI-IATI-EC_NEAR-2016-ACT-D-39569-00
XI-IATI-EC_NEAR-2022-PC-19078,XI-IATI-EC_NEAR-2022-ACT-61256
XI-IATI-EC_NEAR-2022-PC-15302,XI-IATI-EC_NEAR-2022-ACT-60707
XI-IATI-EC_NEAR-2024-PC-41992,XI-IATI-EC_NEAR-2021-ACT-62782
XI-IATI-EC_NEAR-2023-PC-34368,XI-IATI-EC_NEAR-2021-ACT-62372
XI-IATI-EC_NEAR-2023-PC-26460,XI-IATI-EC_NEAR-2023-ACT-61827
FI-3-2016-2005050123,FI-3-2015-2005050123
FI-3-2016-2008080028,FI-3-2015-2008080028
FI-3-2016-2013130107,FI-3-2015-2013130107
FI-3-2016-2009091300,FI-3-2015-2009091300
FI-3-2015-2009091300,FI-3-2014-2009091300
FI-3-2016-2013130288,FI-3-2015-2013130288
FI-3-2015-2008080130,FI-3-2014-2008080130
FI-3-2015-2013130288,FI-3-2014-2013130288
FI-3-2016-2014140891,FI-3-2015-2014140891
FI-3-2015-2014140891,FI-3-2014-2014140891
FI-3-2015-2005050123,FI-3-2014-2005050123
FI-3-2015-2008080028,FI-3-2014-2008080028
FI-3-2015-2014140714,FI-3-2014-2014140714
FI-3-2015-2013130107,FI-3-2014-2013130107
FI-3-2018-2013130288,FI-3-2017-2013130288
FI-3-2017-2005050123,FI-3-2016-2005050123
FI-3-2018-2015150032,FI-3-2017-2015150032
FI-3-2018-2005050123,FI-3-2017-2005050123
FI-3-2017-2013130288,FI-3-2016-2013130288
FI-3-2017-2014140891,FI-3-2016-2014140891
FI-3-2021-2019190107,FI-3-2020-2019190107
FI-3-2021-2018180551,FI-3-2020-2018180551
FI-3-2019-2018180551,FI-3-2018-2018180551
FI-3-2020-2018180551,FI-3-2019-2018180551
FI-3-2019-2015150032,FI-3-2018-2015150032
FI-3-2019-2005050123,FI-3-2018-2005050123
FI-3-2020-2019190049,FI-3-2019-2019190049
FI-3-2020-2019190107,FI-3-2019-2019190107
FI-3-2019-2013130288,FI-3-2018-2013130288
BJ-IFU-4201710182326-RSG0123375-29295A,BJ-IFU-4201710182326-RSG0123375-29295
