iatiidentifier,country,percentage
DE-1-200770347,MW,100
DE-1-200970418,MW,100
46002-P-NA-HAA-006,NA,0
DE-1-200970012,MZ,100
46002-P-SC-K00-015,SC,0
DE-1-201265248,MZ,100
DE-1-201270370,MZ,100
DE-1-201366632,MZ,100
46002-P-SC-K00-004,SC,0
46002-P-SC-KA0-001,SC,0
46002-P-SC-K00-005,SC,0
46002-P-SC-K00-022,SC,0
46002-P-SC-K00-023,SC,0
46002-P-SC-K00-024,SC,0
46002-P-SC-K00-025,SC,0
46002-P-SC-K00-028,SC,0
46002-P-SO-K00-003,SO,0
46002-P-SO-AA0-009,SO,0
46002-P-SO-KF0-015,SO,0
46002-P-SO-E00-009,SO,0
46002-P-SO-E00-005,SO,0
46002-P-SL-KA0-017,SL,0
46002-P-SL-KA0-016,SL,0
46002-P-SL-KA0-005,SL,0
46002-P-SL-KA0-013,SL,0
46002-P-SL-AA0-023,SL,0
46002-P-SL-KF0-013,SL,0
46002-P-ZA-K00-005,ZA,0
46002-P-ZA-K00-006,ZA,0
46002-P-ZA-F00-013,ZA,0
46002-P-SS-I00-006,SS,0
46002-P-SS-I00-003,SS,0
46002-P-SS-AAZ-001,SS,0
46002-P-SS-I00-009,SS,0
46002-P-SS-I00-008,SS,0
46002-P-SS-A00-001,SS,0
46002-P-SS-A00-002,SS,0
46002-P-SS-I00-005,SS,0
46002-P-SS-I00-010,SS,0
46002-P-SS-I00-011,SS,0
46002-P-SS-I00-014,SS,0
46002-P-SN-KA0-014,SN,0
46002-P-SN-KA0-016,SN,0
46002-P-SN-KA0-009,SN,0
46002-P-SN-K00-005,SN,0
46002-P-SN-K00-006,SN,0
46002-P-SN-K00-008,SN,0
46002-P-SN-KA0-005,SN,0
46002-P-SN-K00-013,SN,0
46002-P-SN-BG0-001,SN,0
46002-P-SN-A00-022,SN,0
46002-P-SN-KA0-018,SN,0
46002-P-SN-KA0-019,SN,0
DE-1-201265743,PE,100
DE-1-201265750,PE,100
DE-1-201266287,PE,100
46002-P-SD-KF0-006,SD,0
46002-P-SD-K00-007,SD,0
46002-P-SD-AAB-005,SD,0
46002-P-SD-I00-010,SD,0
46002-P-SD-AA0-009,SD,0
46002-P-SD-I00-008,SD,0
46002-P-SZ-K00-005,SZ,0
46002-P-SZ-AA0-013,SZ,0
46002-P-SZ-K00-008,SZ,0
46002-P-TG-KA0-002,TG,0
46002-P-TG-KZ0-002,TG,0
46002-P-TG-AA0-015,TG,0
46002-P-TG-KA0-004,TG,0
46002-P-TZ-K00-016,TZ,0
46002-P-TZ-AA0-025,TZ,0
46002-P-TZ-KA0-002,TZ,0
46002-P-TZ-KA0-005,TZ,0
46002-P-TZ-AAZ-002,TZ,0
DE-1-201170315,RW,100
46002-P-TZ-IAC-002,TZ,0
46002-P-TZ-K00-007,TZ,0
46002-P-TZ-K00-008,TZ,0
46002-P-TZ-K00-009,TZ,0
46002-P-TZ-K00-011,TZ,0
46002-P-TZ-K00-013,TZ,0
46002-P-TZ-K00-014,TZ,0
46002-P-TZ-KA0-007,TZ,0
46002-P-TZ-K00-018,TZ,0
46002-P-TZ-HAA-004,TZ,0
46002-P-TZ-K00-019,TZ,0
46002-P-TZ-K00-020,TZ,0
46002-P-TN-HZ0-005,TN,0
46002-P-TN-IAZ-003,TN,0
46002-P-TN-IAZ-002,TN,0
46002-P-TN-HA0-004,TN,0
46002-P-TN-HAA-030,TN,0
46002-P-TN-IZ0-001,TN,0
46002-P-TN-IZ0-006,TN,0
DE-1-201265115,TZ,100
DE-1-201270040,TZ,100
46002-P-TN-KA0-003,TN,0
46002-P-TN-IZ0-008,TN,0
46002-P-TN-HZ0-002,TN,0
46002-P-TN-I00-012,TN,0
46002-P-TN-K00-018,TN,0
46002-P-TN-I00-022,TN,0
46002-P-UG-K00-009,UG,0
DE-1-201070259,UG,100
46002-P-UG-K00-006,UG,0
46002-P-UG-E00-012,UG,0
DE-1-201165828,ZM,100
BJ-IFU-6201001076902-RSG0123375-29295,BJ,100
BJ-IFU-6200901944209-RSG0123375-29295,BJ,100
BJ-IFU-6201001843703-RGS0123375-29295,BJ,100
46002-P-ZW-KZ0-001,ZW,0
46002-P-ZW-AA0-021,ZW,0
46002-P-ZW-I00-004,ZW,0
46002-P-ZW-AA0-024,ZW,0
46002-P-ZM-K00-002,ZM,0
46002-P-ZM-KA0-001,ZM,0
46002-P-ZM-IZ0-002,ZM,0
46002-P-ZM-K00-003,ZM,0
46002-P-ZM-KA0-004,ZM,0
46002-P-ZM-K00-006,ZM,0
XM-DAC-6-4-011639-02-5,BF,100
XM-DAC-6-4-011005-01-3,BF,100
XM-DAC-6-4-010877-02-0,BF,100
XM-DAC-6-4-010888-01-0,BO,100
XM-DAC-6-4-013158-01-1,CG,100
BJ-IFU-6201000370801-RSG0123375-29295,BJ,100
BJ-IFU-6201300688700-RSG0123375-29295,BJ,100
XI-IATI-CWSEC-Q0104,TO,12.5
XI-IATI-CWSEC-Q0104,IN,12.5
XI-IATI-CWSEC-Q0104,MU,12.5
XI-IATI-CWSEC-Q0104,ZA,12.5
XI-IATI-CWSEC-Q0104,GY,12.5
XI-IATI-CWSEC-Q0104,LS,12.5
XI-IATI-CWSEC-Q0201,TT,10
XI-IATI-CWSEC-Q0201,MW,10
XI-IATI-CWSEC-Q0201,GA,10
XI-IATI-CWSEC-Q0201,BW,10
XI-IATI-CWSEC-Q0201,MZ,10
XI-IATI-CWSEC-Q0201,GY,10
XI-IATI-CWSEC-Q0201,BD,10
XI-IATI-CWSEC-Q0201,SL,10
XI-IATI-CWSEC-Q0301,NZ,12.5
XI-IATI-CWSEC-Q0301,TO,12.5
XI-IATI-CWSEC-Q0301,KE,12.5
XI-IATI-CWSEC-Q0301,BB,12.5
XI-IATI-CWSEC-Q0301,FJ,12.5
XI-IATI-CWSEC-Q0301,BW,12.5
XI-IATI-CWSEC-Q0301,SZ,12.5
XI-IATI-CWSEC-Q0304,NA,50
XI-IATI-CWSEC-Q0305,GH,100
XI-IATI-CWSEC-Q0306,SC,16.66
XI-IATI-CWSEC-Q0306,GH,16.66
XI-IATI-CWSEC-Q0306,NG,16.66
XI-IATI-CWSEC-Q0306,KE,16.66
XI-IATI-CWSEC-Q0306,ZA,16.66
XI-IATI-CWSEC-Q0308,GH,50
XI-IATI-CWSEC-Q0501,GB,16.66
XI-IATI-CWSEC-Q0501,NG,16.66
XI-IATI-CWSEC-Q0501,PK,16.66
XI-IATI-CWSEC-Q0501,LK,16.66
XI-IATI-CWSEC-Q0501,MU,16.66
XI-IATI-CWSEC-Q0502,MU,50
XI-IATI-CWSEC-Q0503,NU,16.66
XI-IATI-CWSEC-Q0503,WS,16.66
XI-IATI-CWSEC-Q0503,VU,16.66
XI-IATI-CWSEC-Q0503,NZ,16.66
XI-IATI-CWSEC-Q0601,GB,50
XI-IATI-CWSEC-Q0601,BZ,50
XI-IATI-CWSEC-Q0701,NA,50
XI-IATI-CWSEC-Q0801,BD,20
XI-IATI-CWSEC-Q0801,PK,20
XI-IATI-CWSEC-Q0802,GB,25
XI-IATI-CWSEC-Q0802,KI,25
XI-IATI-CWSEC-Q0901,KN,25
XI-IATI-CWSEC-Q0901,CY,25
XI-IATI-CWSEC-Q1101,GB,50
XI-IATI-CWSEC-Q1203,SZ,100
XI-IATI-CWSEC-Q1303,BD,33.33
XI-IATI-CWSEC-Q1303,PK,33.33
XI-IATI-CWSEC-Q0603,KE,10
XI-IATI-CWSEC-Q0603,GB,10
XI-IATI-CWSEC-Q0603,LK,10
XI-IATI-CWSEC-Q0603,RW,10
XI-IATI-CWSEC-Q0603,NA,10
XI-IATI-CWSEC-Q0603,PG,10
XI-IATI-CWSEC-Q0603,SZ,10
XI-IATI-CWSEC-Q0603,GH,10
XI-IATI-CWSEC-Q0603,TZ,10
XI-IATI-CWSEC-Q0803,GB,50
XI-IATI-CWSEC-Q1001,MU,7.14
XI-IATI-CWSEC-Q1001,LS,7.14
XI-IATI-CWSEC-Q1001,MV,7.14
XI-IATI-CWSEC-Q1001,SC,7.14
XI-IATI-CWSEC-Q1001,FJ,7.14
XI-IATI-CWSEC-Q1001,NA,7.14
XI-IATI-CWSEC-Q1001,LK,7.14
XI-IATI-CWSEC-Q1001,BZ,7.14
XI-IATI-CWSEC-Q1001,UG,7.14
XI-IATI-CWSEC-Q1001,GD,7.14
XI-IATI-CWSEC-Q1001,SB,7.14
XI-IATI-CWSEC-Q1001,ZA,7.14
XI-IATI-CWSEC-Q1001,CM,7.14
XI-IATI-CWSEC-R11P04,FJ,50
XI-IATI-CWSEC-R11P05,GY,50
XI-IATI-CWSEC-R11P06,TT,12.5
XI-IATI-CWSEC-R11P06,BW,12.5
XI-IATI-CWSEC-R11P06,SZ,12.5
XI-IATI-CWSEC-R11P06,UG,12.5
XI-IATI-CWSEC-R11P06,MV,12.5
XI-IATI-CWSEC-R11P06,VU,12.5
XI-IATI-CWSEC-R11P07,LS,25
XI-IATI-CWSEC-R11P07,BD,25
XI-IATI-CWSEC-R11P09,ZA,25
XI-IATI-CWSEC-R11P09,KE,25
XI-IATI-CWSEC-R11P09,GH,25
XI-IATI-CWSEC-R11P09,GB,25
XI-IATI-CWSEC-R12P01,KE,7.14
XI-IATI-CWSEC-R12P01,GB,7.14
XI-IATI-CWSEC-R12P01,MY,7.14
XI-IATI-CWSEC-R12P01,LC,7.14
XI-IATI-CWSEC-R12P01,GH,7.14
XI-IATI-CWSEC-R12P01,NA,7.14
XI-IATI-CWSEC-R12P01,IN,7.14
XI-IATI-CWSEC-R12P01,JM,7.14
XI-IATI-CWSEC-R12P01,PK,7.14
XI-IATI-CWSEC-R12P01,GM,7.14
XI-IATI-CWSEC-R12P01,SL,7.14
XI-IATI-CWSEC-R12P01,BS,7.14
XI-IATI-CWSEC-R12P01,PG,7.14
XI-IATI-CWSEC-R21P01,SB,20
XI-IATI-CWSEC-R21P01,BS,20
XI-IATI-CWSEC-R21P01,GB,20
XI-IATI-CWSEC-R21P01,LK,20
XI-IATI-CWSEC-R21P01,BB,20
XI-IATI-CWSEC-R22P01,MV,25
XI-IATI-CWSEC-R22P01,KN,25
XI-IATI-CWSEC-R22P01,MW,25
XI-IATI-CWSEC-R31P01,AG,50
XI-IATI-CWSEC-R32P01,NG,20
XI-IATI-CWSEC-R32P01,SC,20
XI-IATI-CWSEC-R32P01,MU,20
XI-IATI-CWSEC-R43P01,KE,20
XI-IATI-CWSEC-R43P01,VC,20
XI-IATI-CWSEC-R43P01,BD,20
XI-IATI-CWSEC-R43P01,SG,20
XI-IATI-CWSEC-Q1301,BZ,6.66
XI-IATI-CWSEC-Q1301,BS,6.66
XI-IATI-CWSEC-Q1301,JM,6.66
XI-IATI-CWSEC-Q1301,GB,6.66
XI-IATI-CWSEC-Q1301,NA,6.66
XI-IATI-CWSEC-Q1301,AU,6.66
XI-IATI-CWSEC-Q1301,PK,6.66
XI-IATI-CWSEC-Q1301,NG,6.66
XI-IATI-CWSEC-Q1301,MT,6.66
XI-IATI-CWSEC-Q1301,IN,6.66
XI-IATI-CWSEC-Q1301,SB,6.66
XI-IATI-CWSEC-Q1301,CM,6.66
XI-IATI-CWSEC-Q1301,GH,6.66
XI-IATI-CWSEC-Q1302,KE,14.28
XI-IATI-CWSEC-Q1302,NG,14.28
XI-IATI-CWSEC-Q1302,GH,14.28
XI-IATI-CWSEC-Q1302,GB,14.28
XI-IATI-CWSEC-Q1302,MY,14.28
XI-IATI-CWSEC-Q1302,PK,14.28
XI-IATI-CWSEC-Q1401,BB,33.33
XI-IATI-CWSEC-Q1401,GB,33.33
XI-IATI-CWSEC-R11P03,TZ,25
XI-IATI-CWSEC-R11P03,MY,25
XI-IATI-CWSEC-R11P03,LS,25
XI-IATI-CWSEC-R32P02,UG,6.66
XI-IATI-CWSEC-R32P02,GD,6.66
XI-IATI-CWSEC-R32P02,SZ,6.66
XI-IATI-CWSEC-R32P02,LS,6.66
XI-IATI-CWSEC-R32P02,MV,6.66
XI-IATI-CWSEC-R32P02,NA,6.66
XI-IATI-CWSEC-R32P02,MU,6.66
XI-IATI-CWSEC-R32P02,LK,6.66
XI-IATI-CWSEC-R32P02,BZ,6.66
XI-IATI-CWSEC-R32P02,KI,6.66
XI-IATI-CWSEC-R32P02,SC,6.66
XI-IATI-CWSEC-R32P02,FJ,6.66
XI-IATI-CWSEC-R32P02,DM,6.66
XI-IATI-CWSEC-R32P02,GM,6.66
XI-IATI-CWSEC-R44P01,BD,50
XI-IATI-CWSEC-R71P03,UG,100
XM-DAC-6-4-010152-01-5,EC,100
XM-DAC-6-4-009659-01-6,EG,100
XM-DAC-6-4-011598-01-6,GN,100
XM-DAC-6-4-011835-01-4,ET,100
XM-DAC-6-4-011764-02-3,ET,100
XM-DAC-6-4-011389-02-2,ET,100
XM-DAC-6-4-010081-01-3,ET,100
XM-DAC-6-4-013015-01-0,ET,100
XM-DAC-6-4-011755-03-0,ET,100
BJ-IFU-4201710012551-RGS0123375-29295,BJ,100
BJ-IFU-6201501755307-RSG0123375-29295,BJ,100
BJ-IFU-5200801335602-RSG0123375-29295,BJ,100
XM-DAC-6-4-010718-02-4,ET,100
XM-DAC-6-4-010418-01-5,ET,100
XM-DAC-6-4-012316-01-0,ET,100
XM-DAC-3-1-185092-24540,TZ,100
XM-DAC-3-1-187132-24323,MZ,100
XM-DAC-3-1-191966-24982,BT,100
XM-DAC-3-1-107049-16394,BF,100
XM-DAC-3-1-114412-14709,NP,100
XM-DAC-3-1-144397-20541,BJ,100
XM-DAC-3-1-160285-21566,BT,100
XM-DAC-3-1-172859-23033,BF,100
XM-DAC-3-1-174458-24297,GH,100
XM-DAC-3-1-204943-27743,UG,100
XM-DAC-3-1-209288-26075,BF,100
XM-DAC-3-1-209288-26078,BF,100
XM-DAC-3-1-229249-29282,TZ,100
XM-DAC-3-1-255454-30798,BF,100
XM-DAC-3-1-255454-31740,BF,100
XM-DAC-3-1-255454-31741,BF,100
XM-DAC-6-4-010693-01-2,ML,100
XM-DAC-6-4-010084-02-3,ML,100
XM-DAC-6-4-010496-02-1,LB,100
XM-DAC-3-1-49056-19443,MZ,100
XM-DAC-6-4-010680-01-4,SL,100
XM-DAC-6-4-012620-01-0,SO,100
XM-DAC-6-4-011068-01-3,SN,100
XM-DAC-6-4-010733-01-5,SN,100
XM-DAC-6-4-011649-01-3,MZ,100
XM-DAC-6-4-010997-01-1,MZ,100
XM-DAC-6-4-009147-01-4,MZ,100
XM-DAC-6-4-008465-03-0,MZ,100
XM-DAC-6-4-010997-03-3,MZ,100
XM-DAC-6-4-011097-01-5,MZ,100
XM-DAC-6-4-010049-01-2,MZ,100
XM-DAC-6-4-009696-03-5,SV,100
XM-DAC-6-4-012041-01-3,SV,100
XM-DAC-6-4-010497-01-2,SV,100
XM-DAC-6-4-011023-01-4,SV,100
XM-DAC-6-4-012586-01-0,UA,100
XM-DAC-6-4-010408-01-6,VN,100
XM-DAC-6-4-010519-02-5,VN,100
XM-DAC-6-4-009614-01-0,VN,100
XM-DAC-6-4-010607-01-5,TN,100
XM-DAC-6-4-010744-01-6,TN,100
XM-DAC-6-4-010419-01-0,TN,100
XI-IATI-EC_INTPA-2023-ACT-61831,AW,0
XI-IATI-EC_INTPA-2021-PCC-427597,BB,0
XI-IATI-EC_INTPA-2023-PC-23134,AO,0
XI-IATI-EC_INTPA-2022-ACT-61306,AO,0
XI-IATI-EC_INTPA-2023-PC-23130,AO,0
XI-IATI-EC_INTPA-2025-PC-55044,AO,0
XI-IATI-EC_INTPA-2023-PC-23139,AO,0
XI-IATI-EC_INTPA-2023-ACT-61724,BD,0
XI-IATI-EC_INTPA-2022-PC-21502,BD,0
XI-IATI-EC_INTPA-2018-ACT-D-40701-00,BD,0
XI-IATI-EC_INTPA-2018-ACT-D-40643-00,BD,0
XI-IATI-EC_INTPA-2017-ACT-D-39656-00,BD,0
XI-IATI-EC_INTPA-2021-ACT-62576,BD,0
XI-IATI-EC_INTPA-2021-ACT-61116,BD,0
XI-IATI-EC_INTPA-2019-PCC-410060,BD,0
XI-IATI-EC_INTPA-2018-PCC-404409,BD,0
XI-IATI-EC_INTPA-2025-PC-36947,BD,0
XI-IATI-EC_INTPA-2025-PC-26320,BD,0
XI-IATI-EC_INTPA-2022-ACT-60736,BL,0
XI-IATI-EC_INTPA-2023-PC-25058,BL,0
XI-IATI-EC_INTPA-2008-ACT-D-20972-01,BF,0
XI-IATI-EC_INTPA-2021-ACT-61083,BF,0
XI-IATI-EC_INTPA-2016-ACT-D-38574-01,BF,0
XI-IATI-EC_INTPA-2020-PCC-417520,BF,0
XI-IATI-EC_INTPA-2023-PC-27358,BF,0
XI-IATI-EC_INTPA-2021-PCC-417549,BF,0
XI-IATI-EC_INTPA-2016-ACT-D-38564-01,BF,0
XI-IATI-EC_INTPA-2016-ACT-D-38569-00,BF,0
XI-IATI-EC_INTPA-2016-ACT-D-38575-00,BF,0
XI-IATI-EC_INTPA-2022-PC-21515,BF,0
XI-IATI-EC_INTPA-2019-ACT-D-42209-00,BF,0
XI-IATI-EC_INTPA-2019-PCC-407596,BF,0
XI-IATI-EC_INTPA-2019-PCC-404038,BF,0
XI-IATI-EC_INTPA-2021-PCC-422434,BF,0
XI-IATI-EC_INTPA-2018-PCC-383693,BF,0
XI-IATI-EC_INTPA-2018-PCC-397536,BF,0
XI-IATI-EC_INTPA-2023-PC-25538,BO,0
XI-IATI-EC_INTPA-2019-ACT-D-40019-00,BO,0
XI-IATI-EC_INTPA-2020-ACT-D-38966-00,BO,0
XI-IATI-EC_INTPA-2020-ACT-D-40118-00,BO,0
XI-IATI-EC_INTPA-2019-PCC-410047,BO,0
XI-IATI-EC_INTPA-2014-ACT-D-25027-00,BO,0
XI-IATI-EC_INTPA-2023-ACT-60734,BO,0
XI-IATI-EC_INTPA-2019-PCC-409406,BO,0
XI-IATI-EC_INTPA-2021-PCC-428633,BO,0
XI-IATI-EC_INTPA-2024-PC-25551,BO,0
XI-IATI-EC_INTPA-2021-PCC-428501,BO,0
XI-IATI-EC_INTPA-2023-ACT-61699,BJ,0
XI-IATI-EC_INTPA-2022-ACT-61508,BJ,0
XI-IATI-EC_INTPA-2024-PC-26908,BJ,0
XI-IATI-EC_INTPA-2023-PC-25147,BJ,0
XI-IATI-EC_INTPA-2023-PC-41431,BJ,0
XI-IATI-EC_INTPA-2023-PC-25043,BJ,0
XI-IATI-EC_INTPA-2024-PC-25155,BJ,0
XI-IATI-EC_INTPA-2023-PC-25042,BJ,0
XI-IATI-EC_INTPA-2022-PC-20222,BT,0
XI-IATI-EC_INTPA-2023-PC-27590,BT,0
XI-IATI-EC_INTPA-2022-ACT-60987,BT,0
XI-IATI-EC_INTPA-2021-ACT-61078,BT,0
XI-IATI-EC_INTPA-2024-PC-27708,BT,0
XI-IATI-EC_INTPA-2023-PC-27690,BT,0
XI-IATI-EC_INTPA-2023-PC-27689,BT,0
XI-IATI-EC_INTPA-2023-PC-18126,CF,0
XI-IATI-EC_INTPA-2020-ACT-D-42401-00,CF,0
XI-IATI-EC_INTPA-2022-PCC-436209,CF,0
XI-IATI-EC_INTPA-2023-PC-25426,CF,0
XI-IATI-EC_INTPA-2023-ACT-62014,CI,0
XI-IATI-EC_INTPA-2024-PC-37405,CI,0
XI-IATI-EC_INTPA-2021-PC-1116,CM,0
XI-IATI-EC_INTPA-2024-PC-36292,CM,0
XI-IATI-EC_INTPA-2017-ACT-D-40031-01,CM,0
XI-IATI-EC_INTPA-2024-ACT-62007,CM,0
XI-IATI-EC_INTPA-2022-ACT-D-44510-00,CM,0
XI-IATI-EC_INTPA-2022-PC-21486,CM,0
XI-IATI-EC_INTPA-2026-PC-83853,CM,0
XI-IATI-EC_INTPA-2021-PC-7879,CM,0
XI-IATI-EC_INTPA-2019-PCC-408616,CM,0
XI-IATI-EC_INTPA-2022-PC-16749,CM,0
XI-IATI-EC_INTPA-2023-PC-21484,CM,0
XI-IATI-EC_INTPA-2025-PC-36398,CM,0
XI-IATI-EC_INTPA-2023-PC-32262,CM,0
XI-IATI-EC_INTPA-2019-PCC-412775,CM,0
XI-IATI-EC_INTPA-2023-PC-18143,CM,0
XI-IATI-EC_INTPA-2020-ACT-D-42454-00,CO,0
XI-IATI-EC_INTPA-2019-ACT-D-41517-00,CO,0
XI-IATI-EC_INTPA-2015-ACT-D-38302-01,CO,0
XI-IATI-EC_INTPA-2022-ACT-61483,CO,0
XI-IATI-EC_INTPA-2021-ACT-61633,CO,0
XI-IATI-EC_INTPA-2015-ACT-D-38302-02,CO,0
XI-IATI-EC_INTPA-2024-PC-53145,CO,0
XI-IATI-EC_INTPA-2020-PCC-416581,CO,0
XI-IATI-EC_INTPA-2024-PC-27309,CO,0
XI-IATI-EC_INTPA-2024-PC-27308,CO,0
XI-IATI-EC_INTPA-2021-PCC-428224,CO,0
XI-IATI-EC_INTPA-2021-ACT-63101,CV,0
XI-IATI-EC_INTPA-2025-PC-53764,CV,0
XI-IATI-EC_INTPA-2021-ACT-60940,CV,0
XI-IATI-EC_INTPA-2022-PC-24334,CV,0
XI-IATI-EC_INTPA-2021-PCC-430941,CV,0
XI-IATI-EC_INTPA-2018-ACT-D-40855-00,DM,0
XI-IATI-EC_INTPA-2018-ACT-D-41630-00,DM,0
XI-IATI-EC_INTPA-2022-ACT-61489,DO,0
XI-IATI-EC_INTPA-2018-ACT-D-39315-00,DO,0
XI-IATI-EC_INTPA-2019-ACT-D-41940-00,DO,0
XI-IATI-EC_INTPA-2022-PCC-431645,DO,0
XI-IATI-EC_INTPA-2016-ACT-D-39312-00,DO,0
XI-IATI-EC_INTPA-2023-PC-26293,DO,0
XI-IATI-EC_INTPA-2026-PC-26307,DO,0
XI-IATI-EC_INTPA-2020-ACT-D-38561-00,FJ,0
XI-IATI-EC_INTPA-2023-PC-36658,FJ,0
XI-IATI-EC_INTPA-2023-ACT-61606,FJ,0
XI-IATI-EC_INTPA-2025-PC-36663,FJ,0
XI-IATI-EC_INTPA-2024-PC-27305,GL,0
XI-IATI-EC_INTPA-2023-ACT-62246,GL,0
XI-IATI-EC_INTPA-2023-ACT-61910,GL,0
XI-IATI-EC_INTPA-2021-ACT-61102,GL,0
XI-IATI-EC_INTPA-2026-PC-38372,GL,0
XI-IATI-EC_INTPA-2022-PC-17800,GL,0
XI-IATI-EC_INTPA-2024-PC-37206,GL,0
XI-IATI-EC_INTPA-2019-ACT-D-41264-00,GM,0
XI-IATI-EC_INTPA-2024-PC-41558,GM,0
XI-IATI-EC_INTPA-2025-PC-50869,GM,0
XI-IATI-EC_INTPA-2023-ACT-61846,GM,0
XI-IATI-EC_INTPA-2024-PC-36587,GM,0
XI-IATI-EC_INTPA-2025-PC-49555,GM,0
XI-IATI-EC_INTPA-2021-PCC-429840,GM,0
XI-IATI-EC_INTPA-2023-PC-28421,GM,0
XI-IATI-EC_INTPA-2026-PC-75852,GM,0
XI-IATI-EC_INTPA-2024-PC-36591,GM,0
XI-IATI-EC_INTPA-2022-PC-21817,GM,0
XI-IATI-EC_INTPA-2016-ACT-D-38386-00,ET,0
XI-IATI-EC_INTPA-2019-ACT-D-40939-00,ET,0
XI-IATI-EC_INTPA-2019-PCC-413782,ET,0
XI-IATI-EC_INTPA-2019-PCC-409671,ET,0
XI-IATI-EC_INTPA-2018-PCC-397670,ET,0
XI-IATI-EC_INTPA-2017-PCC-392914,GN,0
XI-IATI-EC_INTPA-2017-ACT-D-39674-04,GN,0
XI-IATI-EC_INTPA-2022-ACT-61302,GY,0
XI-IATI-EC_INTPA-2023-PC-25625,GY,0
XI-IATI-EC_INTPA-2019-PCC-413519,HN,0
XI-IATI-EC_INTPA-2019-ACT-D-40840-00,HN,0
XI-IATI-EC_INTPA-2015-ACT-D-38103-00,HN,0
XI-IATI-EC_INTPA-2018-ACT-D-40697-00,HN,0
XI-IATI-EC_INTPA-2021-PCC-422992,HN,0
XI-IATI-EC_INTPA-2021-PCC-419116,HN,0
XI-IATI-EC_INTPA-2017-ACT-D-39148-00,HT,0
XI-IATI-EC_INTPA-2018-PCC-397120,HT,0
XI-IATI-EC_INTPA-2018-PCC-399023,HT,0
XI-IATI-EC_INTPA-2025-PC-55340,JM,0
XI-IATI-EC_INTPA-2019-ACT-D-42051-00,JM,0
XI-IATI-EC_INTPA-2015-ACT-D-38731-01,JM,0
XI-IATI-EC_INTPA-2022-ACT-60692,JM,0
XI-IATI-EC_INTPA-2020-PCC-421423,JM,0
XI-IATI-EC_INTPA-2017-ACT-D-39228-00,JM,0
XI-IATI-EC_INTPA-2022-PC-21579,JM,0
XI-IATI-EC_INTPA-2021-ACT-62799,JM,0
XI-IATI-EC_INTPA-2021-PCC-428606,JM,0
XI-IATI-EC_INTPA-2021-PCC-428618,JM,0
XI-IATI-EC_INTPA-2024-PC-37656,JM,0
XI-IATI-EC_INTPA-2026-PC-80732,JM,0
XI-IATI-EC_INTPA-2022-ACT-60599,KI,0
XI-IATI-EC_INTPA-2020-PCC-416132,KI,0
XI-IATI-EC_INTPA-2023-PC-31976,KI,0
XI-IATI-EC_INTPA-2020-PCC-416065,KI,0
XI-IATI-EC_INTPA-2025-PC-53379,KI,0
XI-IATI-EC_INTPA-2021-ACT-63136,KG,0
XI-IATI-EC_INTPA-2021-ACT-62577,KG,0
XI-IATI-EC_INTPA-2021-ACT-61001,KG,0
XI-IATI-EC_INTPA-2015-ACT-D-37809-00,KG,0
XI-IATI-EC_INTPA-2020-ACT-D-42335-00,KG,0
XI-IATI-EC_INTPA-2015-ACT-D-38149-00,KG,0
XI-IATI-EC_INTPA-2023-PC-19387,KG,0
XI-IATI-EC_INTPA-2022-PC-15528,KG,0
XI-IATI-EC_INTPA-2025-PC-61997,KG,0
XI-IATI-EC_INTPA-2026-PC-75410,KG,0
XI-IATI-EC_INTPA-2016-PCC-375131,KG,0
XI-IATI-EC_INTPA-2026-PC-42830,KG,0
XI-IATI-EC_INTPA-2023-PC-25140,KG,0
XI-IATI-EC_INTPA-2017-ACT-D-38831-00,KH,0
XI-IATI-EC_INTPA-2017-ACT-D-39902-00,KH,0
XI-IATI-EC_INTPA-2023-ACT-61732,KH,0
XI-IATI-EC_INTPA-2018-ACT-D-40874-00,KH,0
XI-IATI-EC_INTPA-2019-ACT-D-41594-00,KH,0
XI-IATI-EC_INTPA-2022-ACT-60558,KH,0
XI-IATI-EC_INTPA-2024-PC-40050,KH,0
XI-IATI-EC_INTPA-2020-PCC-422215,KH,0
XI-IATI-EC_INTPA-2020-PCC-422462,KH,0
XI-IATI-EC_INTPA-2024-PC-25272,KH,0
XI-IATI-EC_INTPA-2022-PC-24289,KH,0
XI-IATI-EC_INTPA-2020-PCC-422494,LC,0
XI-IATI-EC_INTPA-2020-ACT-D-42802-00,KE,0
XI-IATI-EC_INTPA-2020-PCC-416217,KE,0
XI-IATI-EC_INTPA-2020-ACT-D-41871-00,LA,0
XI-IATI-EC_INTPA-2019-ACT-D-41123-00,LA,0
XI-IATI-EC_INTPA-2018-ACT-D-39985-00,LA,0
XI-IATI-EC_INTPA-2026-PC-53801,LA,0
XI-IATI-EC_INTPA-2022-ACT-60628,LA,0
XI-IATI-EC_INTPA-2023-PC-24294,LA,0
XI-IATI-EC_INTPA-2026-PC-81164,LA,0
XI-IATI-EC_INTPA-2022-PCC-421392,LA,0
XI-IATI-EC_INTPA-2016-ACT-D-38868-01,MH,0
XI-IATI-EC_INTPA-2018-PCC-397039,MH,0
XI-IATI-EC_INTPA-2021-ACT-62518,LR,0
XI-IATI-EC_INTPA-2025-PC-69397,LR,0
XI-IATI-EC_INTPA-2025-PC-36183,LR,0
XI-IATI-EC_INTPA-2026-PC-52678,LR,0
XI-IATI-EC_INTPA-2019-ACT-D-42187-00,MN,0
XI-IATI-EC_INTPA-2020-PCC-415725,MN,0
XI-IATI-EC_INTPA-2020-PCC-418930,MN,0
XI-IATI-EC_INTPA-2023-PC-27334,MN,0
XI-IATI-EC_INTPA-2021-PCC-425135,MM,0
XI-IATI-EC_INTPA-2019-ACT-D-39998-00,MM,0
XI-IATI-EC_INTPA-2026-PC-75966,MM,0
XI-IATI-EC_INTPA-2018-ACT-D-39665-00,MM,0
XI-IATI-EC_INTPA-2020-PCC-421284,MM,0
XI-IATI-EC_INTPA-2026-PC-76775,MM,0
XI-IATI-EC_INTPA-2015-ACT-D-38388-00,ML,0
XI-IATI-EC_INTPA-2016-ACT-D-38972-00,ML,0
XI-IATI-EC_INTPA-2020-PCC-415584,ML,0
XI-IATI-EC_INTPA-2017-PCC-389389,ML,0
XI-IATI-EC_INTPA-2020-ACT-D-42916-00,MU,0
XI-IATI-EC_INTPA-2022-PC-19577,MR,0
XI-IATI-EC_INTPA-2021-ACT-61069,MR,0
XI-IATI-EC_INTPA-2024-ACT-62693,MR,0
XI-IATI-EC_INTPA-2022-PC-18569,MR,0
XI-IATI-EC_INTPA-2024-PC-47768,MR,0
XI-IATI-EC_INTPA-2025-PC-53445,MR,0
XI-IATI-EC_INTPA-2022-ACT-61433,NC,0
XI-IATI-EC_INTPA-2023-PC-24210,NC,0
XI-IATI-EC_INTPA-2023-PC-26617,NA,0
XI-IATI-EC_INTPA-2022-ACT-61310,NA,0
XI-IATI-EC_INTPA-2023-PC-26888,NA,0
XI-IATI-EC_INTPA-2021-ACT-61086,NE,0
XI-IATI-EC_INTPA-2023-PC-20039,NE,0
XI-IATI-EC_INTPA-2023-PC-22492,NE,0
XI-IATI-EC_INTPA-2018-ACT-D-40839-01,NE,0
XI-IATI-EC_INTPA-2022-PC-22100,NE,0
XI-IATI-EC_INTPA-2023-PC-19168,NE,0
XI-IATI-EC_INTPA-2023-PC-29022,NE,0
XI-IATI-EC_INTPA-2022-ACT-D-44448-00,NE,0
XI-IATI-EC_INTPA-2016-ACT-D-38233-00,NE,0
XI-IATI-EC_INTPA-2016-ACT-D-38320-00,NE,0
XI-IATI-EC_INTPA-2022-PC-16758,NE,0
XI-IATI-EC_INTPA-2022-PC-16925,NE,0
XI-IATI-EC_INTPA-2023-PC-20035,NE,0
XI-IATI-EC_INTPA-2023-PC-16929,NE,0
XI-IATI-EC_INTPA-2024-PC-45725,NE,0
XI-IATI-EC_INTPA-2026-PC-77174,NE,0
XI-IATI-EC_INTPA-2023-PC-20001,NE,0
XI-IATI-EC_INTPA-2024-ACT-62358,MW,0
XI-IATI-EC_INTPA-2021-ACT-63421,MW,0
XI-IATI-EC_INTPA-2024-PC-37344,MW,0
XI-IATI-EC_INTPA-2022-ACT-61446,PF,0
XI-IATI-EC_INTPA-2023-PC-24213,PF,0
XI-IATI-EC_INTPA-2023-PC-25713,NP,0
XI-IATI-EC_INTPA-2016-ACT-D-38030-00,NP,0
XI-IATI-EC_INTPA-2021-ACT-61472,NP,0
XI-IATI-EC_INTPA-2024-PC-35983,NP,0
XI-IATI-EC_INTPA-2024-ACT-62209,NP,0
XI-IATI-EC_INTPA-2023-PC-32264,NP,0
XI-IATI-EC_INTPA-2023-PC-25701,NP,0
XI-IATI-EC_INTPA-2020-PCC-414217,NP,0
XI-IATI-EC_INTPA-2015-ACT-D-37956-00,PE,0
XI-IATI-EC_INTPA-2020-ACT-D-42950-01,PE,0
XI-IATI-EC_INTPA-2022-PCC-435740,PE,0
XI-IATI-EC_INTPA-2023-PC-26364,PM,0
XI-IATI-EC_INTPA-2024-PC-26389,PM,0
XI-IATI-EC_INTPA-2022-ACT-61423,PM,0
XI-IATI-EC_INTPA-2022-PCC-429800,PG,0
XI-IATI-EC_INTPA-2021-PCC-424359,PG,0
XI-IATI-EC_INTPA-2021-ACT-62771,PG,0
XI-IATI-EC_INTPA-2025-PC-72780,PG,0
XI-IATI-EC_INTPA-2026-PC-64428,PG,0
XI-IATI-EC_INTPA-2026-PC-75396,PG,0
XI-IATI-EC_INTPA-2020-ACT-D-40138-00,PY,0
XI-IATI-EC_INTPA-2021-PCC-421490,PY,0
XI-IATI-EC_INTPA-2021-PC-4857,PY,0
XI-IATI-EC_INTPA-2019-ACT-D-38918-00,PY,0
XI-IATI-EC_INTPA-2021-PCC-425265,PY,0
XI-IATI-EC_INTPA-2020-PCC-420650,PY,0
XI-IATI-EC_INTPA-2021-ACT-61104,SB,0
XI-IATI-EC_INTPA-2022-PC-18559,SB,0
XI-IATI-EC_INTPA-2021-ACT-63091,SB,0
XI-IATI-EC_INTPA-2023-PC-22049,SB,0
XI-IATI-EC_INTPA-2018-ACT-D-38945-00,SH,0
XI-IATI-EC_INTPA-2017-ACT-D-39288-00,PK,0
XI-IATI-EC_INTPA-2022-ACT-61240,RW,0
XI-IATI-EC_INTPA-2020-PCC-416008,RW,0
XI-IATI-EC_INTPA-2021-ACT-61090,RW,0
XI-IATI-EC_INTPA-2016-ACT-D-38107-00,RW,0
XI-IATI-EC_INTPA-2023-PC-32142,RW,0
XI-IATI-EC_INTPA-2023-PC-30334,RW,0
XI-IATI-EC_INTPA-2016-ACT-D-37486-02,RW,0
XI-IATI-EC_INTPA-2022-PC-23195,RW,0
XI-IATI-EC_INTPA-2021-ACT-62976,RW,0
XI-IATI-EC_INTPA-2019-PCC-414050,RW,0
XI-IATI-EC_INTPA-2019-PCC-413820,RW,0
XI-IATI-EC_INTPA-2020-PCC-418161,RW,0
XI-IATI-EC_INTPA-2024-PC-27747,RW,0
XI-IATI-EC_INTPA-2022-PC-19819,RW,0
XI-IATI-EC_INTPA-2018-PCC-397046,RW,0
XI-IATI-EC_INTPA-2017-PCC-385290,RW,0
XI-IATI-EC_INTPA-2025-PC-59817,SL,0
XI-IATI-EC_INTPA-2023-ACT-61233,SL,0
XI-IATI-EC_INTPA-2025-PC-36473,SL,0
XI-IATI-EC_INTPA-2024-PC-36429,SL,0
XI-IATI-EC_INTPA-2024-PC-44598,SN,0
XI-IATI-EC_INTPA-2021-ACT-61121,SN,0
XI-IATI-EC_INTPA-2023-PC-26483,SN,0
XI-IATI-EC_INTPA-2018-ACT-D-40929-00,SN,0
XI-IATI-EC_INTPA-2023-PC-34444,SN,0
XI-IATI-EC_INTPA-2023-PC-26647,SN,0
XI-IATI-EC_INTPA-2025-PC-72129,SN,0
XI-IATI-EC_INTPA-2023-PC-29463,SN,0
XI-IATI-EC_INTPA-2023-PC-30645,SN,0
XI-IATI-EC_INTPA-2023-PC-25850,SN,0
XI-IATI-EC_INTPA-2021-PCC-429957,SN,0
XI-IATI-EC_INTPA-2022-ACT-60909,ST,0
XI-IATI-EC_INTPA-2026-PC-37759,ST,0
XI-IATI-EC_INTPA-2025-PC-37761,ST,0
XI-IATI-EC_INTPA-2023-PC-27905,ST,0
XI-IATI-EC_INTPA-2023-ACT-61862,SO,0
XI-IATI-EC_INTPA-2021-ACT-63055,SO,0
XI-IATI-EC_INTPA-2026-PC-53819,SO,0
XI-IATI-EC_INTPA-2023-PC-32172,SO,0
XI-IATI-EC_INTPA-2024-PC-46872,SS,0
XI-IATI-EC_INTPA-2017-ACT-D-40134-00,SV,0
XI-IATI-EC_INTPA-2023-PC-24360,SV,0
XI-IATI-EC_INTPA-2023-PC-30817,TG,0
XI-IATI-EC_INTPA-2023-PC-26198,TG,0
XI-IATI-EC_INTPA-2016-ACT-D-38540-01,TG,0
XI-IATI-EC_INTPA-2022-ACT-61496,TG,0
XI-IATI-EC_INTPA-2024-PC-37034,TG,0
XI-IATI-EC_INTPA-2023-PC-26203,TG,0
XI-IATI-EC_INTPA-2023-PC-31561,TG,0
XI-IATI-EC_INTPA-2023-ACT-61325,TJ,0
XI-IATI-EC_INTPA-2021-PCC-423353,TJ,0
XI-IATI-EC_INTPA-2023-PC-26837,TJ,0
XI-IATI-EC_INTPA-2019-ACT-D-41577-00,TL,0
XI-IATI-EC_INTPA-2018-ACT-D-39984-00,TL,0
XI-IATI-EC_INTPA-2021-ACT-62317,TL,0
XI-IATI-EC_INTPA-2016-ACT-D-37957-01,TL,0
XI-IATI-EC_INTPA-2025-PC-52952,TL,0
XI-IATI-EC_INTPA-2015-ACT-D-38504-00,TO,0
XI-IATI-EC_INTPA-2021-ACT-61120,TO,0
XI-IATI-EC_INTPA-2024-PC-44588,TO,0
XI-IATI-EC_INTPA-2022-PC-24537,TO,0
XI-IATI-EC_INTPA-2024-PC-32327,TO,0
XI-IATI-EC_INTPA-2023-PC-25655,TV,0
XI-IATI-EC_INTPA-2022-ACT-60636,TV,0
XI-IATI-EC_INTPA-2024-PC-25656,TV,0
XI-IATI-EC_INTPA-2019-ACT-D-40807-00,TD,0
XI-IATI-EC_INTPA-2021-ACT-61065,TD,0
XI-IATI-EC_INTPA-2016-ACT-D-39310-00,TD,0
XI-IATI-EC_INTPA-2022-PC-16482,TD,0
XI-IATI-EC_INTPA-2023-PC-27513,TD,0
XI-IATI-EC_INTPA-2018-PCC-404429,TD,0
XI-IATI-EC_INTPA-2021-PCC-429309,TD,0
XI-IATI-EC_INTPA-2023-PC-26026,TD,0
XI-IATI-EC_INTPA-2023-ACT-61294,UZ,0
XI-IATI-EC_INTPA-2020-ACT-D-41754-00,UZ,0
XI-IATI-EC_INTPA-2022-PC-22890,UZ,0
XI-IATI-EC_INTPA-2020-PCC-419898,UZ,0
XI-IATI-EC_INTPA-2023-PC-26380,UZ,0
XI-IATI-EC_INTPA-2022-PC-15602,TZ,0
XI-IATI-EC_INTPA-2018-ACT-D-39797-00,TZ,0
XI-IATI-EC_INTPA-2021-ACT-60933,TZ,0
XI-IATI-EC_INTPA-2020-ACT-D-40387-00,TZ,0
XI-IATI-EC_INTPA-2021-ACT-60903,TZ,0
XI-IATI-EC_INTPA-2016-ACT-D-38939-00,TZ,0
XI-IATI-EC_INTPA-2022-ACT-60961,TZ,0
XI-IATI-EC_INTPA-2021-ACT-60930,TZ,0
XI-IATI-EC_INTPA-2023-ACT-60983,TZ,0
XI-IATI-EC_INTPA-2021-PCC-425462,TZ,0
XI-IATI-EC_INTPA-2023-PC-23354,TZ,0
XI-IATI-EC_INTPA-2022-PC-15588,TZ,0
XI-IATI-EC_INTPA-2022-PC-16632,TZ,0
XI-IATI-EC_INTPA-2023-PC-26411,TZ,0
XI-IATI-EC_INTPA-2024-PC-36107,TZ,0
XI-IATI-EC_INTPA-2023-PC-26579,TZ,0
XI-IATI-EC_INTPA-2023-PC-18768,TZ,0
XI-IATI-EC_INTPA-2021-PCC-427166,TZ,0
XI-IATI-EC_INTPA-2022-PC-15913,TZ,0
XI-IATI-EC_INTPA-2021-ACT-62292,VU,0
XI-IATI-EC_INTPA-2026-PC-49465,VU,0
XI-IATI-EC_INTPA-2025-PC-49248,VU,0
XI-IATI-EC_INTPA-2021-ACT-62696,WF,0
XI-IATI-EC_INTPA-2025-PC-42917,WF,0
XI-IATI-EC_INTPA-2021-ACT-61100,WS,0
XI-IATI-EC_INTPA-2022-PC-24576,WS,0
XI-IATI-EC_INTPA-2019-ACT-D-41736-00,UG,0
XI-IATI-EC_INTPA-2020-PCC-415467,UG,0
XI-IATI-EC_INTPA-2016-ACT-D-37972-00,VN,0
XI-IATI-EC_INTPA-2020-ACT-D-40898-00,VN,0
XI-IATI-EC_INTPA-2022-PCC-429583,VN,0
XI-IATI-EC_INTPA-2023-PC-30243,VN,0
XI-IATI-EC_INTPA-2026-PC-78665,VN,0
XI-IATI-EC_INTPA-2022-PCC-428966,VN,0
XI-IATI-EC_INTPA-2022-PC-23770,VN,0
XI-IATI-EC_INTPA-2017-ACT-D-40033-01,ZA,0
XI-IATI-EC_INTPA-2019-PCC-413599,ZA,0
XI-IATI-EC_INTPA-2016-ACT-D-39297-00,ZA,0
XI-IATI-EC_INTPA-2017-ACT-D-40022-00,ZA,0
XI-IATI-EC_INTPA-2019-ACT-D-41739-00,ZA,0
XI-IATI-EC_INTPA-2018-ACT-D-41015-01,ZA,0
XI-IATI-EC_INTPA-2021-PC-5303,ZA,0
XI-IATI-EC_INTPA-2018-ACT-D-40854-00,ZA,0
XI-IATI-EC_INTPA-2021-PC-1163,ZA,0
XI-IATI-EC_INTPA-2018-PCC-402235,ZA,0
XI-IATI-EC_INTPA-2021-PCC-426286,ZA,0
XI-IATI-EC_INTPA-2020-PCC-418122,ZA,0
XI-IATI-EC_INTPA-2018-PCC-402069,ZA,0
XI-IATI-EC_INTPA-2025-PC-52115,ZM,0
XI-IATI-EC_INTPA-2021-ACT-63169,ZM,0
XI-IATI-EC_INTPA-2023-ACT-61863,ZM,0
XI-IATI-EC_INTPA-2024-PC-37833,ZM,0
XI-IATI-EC_NEAR-2016-ACT-D-39595-00,AM,0
XI-IATI-EC_NEAR-2022-ACT-61467,AM,0
XI-IATI-EC_NEAR-2023-ACT-62364,AM,0
XI-IATI-EC_NEAR-2020-ACT-D-42019-00,AM,0
XI-IATI-EC_NEAR-2022-ACT-61442,AM,0
XI-IATI-EC_NEAR-2023-PC-26413,AM,0
XI-IATI-EC_NEAR-2023-PC-26479,AM,0
XI-IATI-EC_NEAR-2024-PC-36865,AM,0
XI-IATI-EC_NEAR-2024-PC-26416,AM,0
XI-IATI-EC_NEAR-2024-PC-26598,AM,0
XI-IATI-EC_NEAR-2024-PC-26596,AM,0
XI-IATI-EC_NEAR-2016-ACT-D-38718-06,AL,0
XI-IATI-EC_NEAR-2014-ACT-D-32813-01,AL,0
XI-IATI-EC_NEAR-2016-ACT-D-38717-03,AL,0
XI-IATI-EC_NEAR-2015-ACT-D-38716-05,AL,0
XI-IATI-EC_NEAR-2015-ACT-D-38715-01,AL,0
XI-IATI-EC_NEAR-2021-ACT-62392,AL,0
XI-IATI-EC_NEAR-2020-ACT-D-42914-01,AL,0
XI-IATI-EC_NEAR-2023-ACT-61604,AL,0
XI-IATI-EC_NEAR-2019-ACT-D-41203-02,AL,0
XI-IATI-EC_NEAR-2019-PCC-408874,AL,0
XI-IATI-EC_NEAR-2021-PCC-423828,AL,0
XI-IATI-EC_NEAR-2021-PCC-424514,AL,0
XI-IATI-EC_NEAR-2021-PCC-424517,AL,0
XI-IATI-EC_NEAR-2016-PCC-383649,AL,0
XI-IATI-EC_NEAR-2021-PCC-427664,AL,0
XI-IATI-EC_NEAR-2021-PCC-424417,AL,0
XI-IATI-EC_NEAR-2021-PCC-426292,AL,0
XI-IATI-EC_NEAR-2020-PCC-423478,AL,0
XI-IATI-EC_NEAR-2020-PCC-424787,AL,0
XI-IATI-EC_NEAR-2020-PCC-419973,AL,0
XI-IATI-EC_NEAR-2023-PC-3384,AL,0
XI-IATI-EC_NEAR-2023-PC-25960,AL,0
XI-IATI-EC_NEAR-2023-PC-3383,AL,0
XI-IATI-EC_NEAR-2024-PC-34437,AL,0
XI-IATI-EC_NEAR-2023-ACT-61596,BA,0
XI-IATI-EC_NEAR-2023-PC-25441,BA,0
XI-IATI-EC_NEAR-2012-ACT-D-24572-00,EG,0
XI-IATI-EC_NEAR-2017-ACT-D-40318-00,GE,0
XI-IATI-EC_NEAR-2016-ACT-D-39318-00,GE,0
XI-IATI-EC_NEAR-2019-ACT-D-41937-00,GE,0
XI-IATI-EC_NEAR-2018-ACT-D-41405-00,GE,0
XI-IATI-EC_NEAR-2019-ACT-D-41934-01,GE,0
XI-IATI-EC_NEAR-2023-ACT-61996,GE,0
XI-IATI-EC_NEAR-2022-ACT-61197,GE,0
XI-IATI-EC_NEAR-2018-PCC-401348,GE,0
XI-IATI-EC_NEAR-2018-PCC-401352,GE,0
XI-IATI-EC_NEAR-2018-PCC-403393,GE,0
XI-IATI-EC_NEAR-2021-PCC-427568,GE,0
XI-IATI-EC_NEAR-2021-PCC-428565,GE,0
XI-IATI-EC_NEAR-2021-PC-7372,GE,0
XI-IATI-EC_NEAR-2020-PCC-421173,GE,0
XI-IATI-EC_NEAR-2020-PCC-417111,GE,0
XI-IATI-EC_NEAR-2021-PCC-416172,GE,0
XI-IATI-EC_NEAR-2021-PCC-427059,GE,0
XI-IATI-EC_NEAR-2021-PCC-428582,GE,0
XI-IATI-EC_NEAR-2021-PCC-424843,GE,0
XI-IATI-EC_NEAR-2022-PC-23383,GE,0
XI-IATI-EC_NEAR-2020-PCC-419437,GE,0
XI-IATI-EC_NEAR-2022-PC-21806,GE,0
XI-IATI-EC_NEAR-2022-PC-23492,GE,0
XI-IATI-EC_NEAR-2022-PC-22447,GE,0
XI-IATI-EC_NEAR-2022-PC-22453,GE,0
XI-IATI-EC_NEAR-2022-PC-23690,GE,0
XI-IATI-EC_NEAR-2022-PC-22151,GE,0
XI-IATI-EC_NEAR-2022-PC-22257,GE,0
XI-IATI-EC_NEAR-2023-PC-26221,GE,0
XI-IATI-EC_NEAR-2023-PC-23854,GE,0
XI-IATI-EC_NEAR-2023-PC-23151,GE,0
XI-IATI-EC_NEAR-2024-PC-26216,GE,0
XI-IATI-EC_NEAR-2015-ACT-D-37735-00,JO,0
XI-IATI-EC_NEAR-2016-ACT-D-39601-00,JO,0
XI-IATI-EC_NEAR-2017-ACT-D-40316-00,JO,0
XI-IATI-EC_NEAR-2017-ACT-D-40548-00,JO,0
XI-IATI-EC_NEAR-2019-ACT-D-42137-00,JO,0
XI-IATI-EC_NEAR-2020-ACT-D-42602-00,JO,0
XI-IATI-EC_NEAR-2019-ACT-D-42240-00,JO,0
XI-IATI-EC_NEAR-2021-ACT-61727,JO,0
XI-IATI-EC_NEAR-2020-ACT-D-42575-00,JO,0
XI-IATI-EC_NEAR-2021-ACT-62606,JO,0
XI-IATI-EC_NEAR-2023-ACT-61816,JO,0
XI-IATI-EC_NEAR-2022-ACT-60900,JO,0
XI-IATI-EC_NEAR-2022-ACT-60901,JO,0
XI-IATI-EC_NEAR-2019-PCC-411975,JO,0
XI-IATI-EC_NEAR-2018-PCC-399610,JO,0
XI-IATI-EC_NEAR-2017-PCC-394566,JO,0
XI-IATI-EC_NEAR-2016-PCC-380129,JO,0
XI-IATI-EC_NEAR-2016-PCC-380130,JO,0
XI-IATI-EC_NEAR-2017-PCC-394816,JO,0
XI-IATI-EC_NEAR-2020-PCC-420528,JO,0
XI-IATI-EC_NEAR-2020-PCC-420275,JO,0
XI-IATI-EC_NEAR-2021-PCC-430372,JO,0
XI-IATI-EC_NEAR-2022-PC-23142,JO,0
XI-IATI-EC_NEAR-2022-PC-24488,JO,0
XI-IATI-EC_NEAR-2022-PCC-430729,JO,0
XI-IATI-EC_NEAR-2022-PC-19257,JO,0
XI-IATI-EC_NEAR-2022-PC-19626,JO,0
XI-IATI-EC_NEAR-2023-PC-28407,JO,0
XI-IATI-EC_NEAR-2023-PC-24994,JO,0
XI-IATI-EC_NEAR-2023-PC-26322,JO,0
XI-IATI-EC_NEAR-2023-PC-26324,JO,0
XI-IATI-EC_NEAR-2023-PC-25371,JO,0
XI-IATI-EC_NEAR-2016-ACT-D-39842-01,MA,0
XI-IATI-EC_NEAR-2014-ACT-D-37371-00,MA,0
XI-IATI-EC_NEAR-2017-ACT-D-40260-00,MA,0
XI-IATI-EC_NEAR-2017-ACT-D-40313-00,MA,0
XI-IATI-EC_NEAR-2016-ACT-D-39372-02,MA,0
XI-IATI-EC_NEAR-2011-ACT-D-22775-00,MA,0
XI-IATI-EC_NEAR-2021-ACT-61868,MA,0
XI-IATI-EC_NEAR-2021-ACT-61066,MA,0
XI-IATI-EC_NEAR-2019-ACT-D-42126-00,MA,0
XI-IATI-EC_NEAR-2019-ACT-D-41950-00,MA,0
XI-IATI-EC_NEAR-2017-ACT-D-40759-00,MA,0
XI-IATI-EC_NEAR-2017-ACT-D-40761-01,MA,0
XI-IATI-EC_NEAR-2018-ACT-D-41398-00,MA,0
XI-IATI-EC_NEAR-2021-ACT-61137,MA,0
XI-IATI-EC_NEAR-2018-ACT-D-41290-00,MA,0
XI-IATI-EC_NEAR-2021-ACT-61068,MA,0
XI-IATI-EC_NEAR-2022-ACT-61027,MA,0
XI-IATI-EC_NEAR-2023-ACT-62340,MA,0
XI-IATI-EC_NEAR-2018-ACT-D-41151-00,MA,0
XI-IATI-EC_NEAR-2020-ACT-D-42278-00,MA,0
XI-IATI-EC_NEAR-2020-ACT-D-42291-00,MA,0
XI-IATI-EC_NEAR-2022-ACT-61400,MA,0
XI-IATI-EC_NEAR-2022-ACT-60561,MA,0
XI-IATI-EC_NEAR-2022-ACT-61199,MA,0
XI-IATI-EC_NEAR-2019-PCC-414058,MA,0
XI-IATI-EC_NEAR-2019-PCC-413828,MA,0
XI-IATI-EC_NEAR-2017-PCC-394764,MA,0
XI-IATI-EC_NEAR-2018-PCC-404157,MA,0
XI-IATI-EC_NEAR-2021-PCC-428889,MA,0
XI-IATI-EC_NEAR-2021-PCC-428890,MA,0
XI-IATI-EC_NEAR-2021-PCC-423852,MA,0
XI-IATI-EC_NEAR-2021-PCC-428962,MA,0
XI-IATI-EC_NEAR-2021-PCC-428965,MA,0
XI-IATI-EC_NEAR-2021-PCC-430122,MA,0
XI-IATI-EC_NEAR-2021-PCC-428959,MA,0
XI-IATI-EC_NEAR-2021-PCC-427905,MA,0
XI-IATI-EC_NEAR-2021-PCC-423450,MA,0
XI-IATI-EC_NEAR-2017-PCC-394871,MA,0
XI-IATI-EC_NEAR-2021-PC-7220,MA,0
XI-IATI-EC_NEAR-2020-PCC-416795,MA,0
XI-IATI-EC_NEAR-2021-PCC-415259,MA,0
XI-IATI-EC_NEAR-2021-PCC-415264,MA,0
XI-IATI-EC_NEAR-2020-PCC-416748,MA,0
XI-IATI-EC_NEAR-2021-PCC-417640,MA,0
XI-IATI-EC_NEAR-2020-PCC-421661,MA,0
XI-IATI-EC_NEAR-2020-PCC-416324,MA,0
XI-IATI-EC_NEAR-2021-PC-4855,MA,0
XI-IATI-EC_NEAR-2021-PCC-424895,MA,0
XI-IATI-EC_NEAR-2021-PCC-425620,MA,0
XI-IATI-EC_NEAR-2021-PCC-429045,MA,0
XI-IATI-EC_NEAR-2023-PC-17755,MA,0
XI-IATI-EC_NEAR-2022-PC-24235,MA,0
XI-IATI-EC_NEAR-2022-PC-23356,MA,0
XI-IATI-EC_NEAR-2020-PCC-415186,MA,0
XI-IATI-EC_NEAR-2023-PC-13415,MA,0
XI-IATI-EC_NEAR-2020-PCC-414985,MA,0
XI-IATI-EC_NEAR-2021-PC-2265,MA,0
XI-IATI-EC_NEAR-2022-PC-22869,MA,0
XI-IATI-EC_NEAR-2022-PC-23718,MA,0
XI-IATI-EC_NEAR-2022-PC-10234,MA,0
XI-IATI-EC_NEAR-2022-PC-20176,MA,0
XI-IATI-EC_NEAR-2023-PC-29638,MA,0
XI-IATI-EC_NEAR-2023-PC-29284,MA,0
XI-IATI-EC_NEAR-2023-PC-29639,MA,0
XI-IATI-EC_NEAR-2023-PC-22338,MA,0
XI-IATI-EC_NEAR-2023-PC-26509,MA,0
XI-IATI-EC_NEAR-2023-PC-25026,MA,0
XI-IATI-EC_NEAR-2023-PC-26205,MA,0
XI-IATI-EC_NEAR-2023-PC-26206,MA,0
XI-IATI-EC_NEAR-2023-PC-26487,MA,0
XI-IATI-EC_NEAR-2023-PC-21871,MA,0
XI-IATI-EC_NEAR-2023-PC-26474,MA,0
XI-IATI-EC_NEAR-2023-PC-25712,MA,0
XI-IATI-EC_NEAR-2024-PC-36873,MA,0
XI-IATI-EC_NEAR-2024-PC-16109,MA,0
XI-IATI-EC_NEAR-2024-PC-26165,MA,0
XI-IATI-EC_NEAR-2015-ACT-D-37894-03,ME,0
XI-IATI-EC_NEAR-2023-ACT-60844,ME,0
XI-IATI-EC_NEAR-2023-ACT-60862,ME,0
XI-IATI-EC_NEAR-2023-ACT-61597,ME,0
XI-IATI-EC_NEAR-2020-ACT-D-42145-06,ME,0
XI-IATI-EC_NEAR-2023-PC-34044,ME,0
XI-IATI-EC_NEAR-2023-PC-25995,ME,0
XI-IATI-EC_NEAR-2023-PC-25842,ME,0
XI-IATI-EC_NEAR-2023-PC-25328,ME,0
XI-IATI-EC_NEAR-2023-PC-25094,ME,0
XI-IATI-EC_NEAR-2024-PC-26711,ME,0
XI-IATI-EC_NEAR-2020-ACT-D-42747-06,MK,0
XI-IATI-EC_NEAR-2019-ACT-D-41263-03,MK,0
XI-IATI-EC_NEAR-2023-ACT-61594,MK,0
XI-IATI-EC_NEAR-2022-ACT-60915,MK,0
XI-IATI-EC_NEAR-2019-PCC-415500,MK,0
XI-IATI-EC_NEAR-2020-PCC-421250,MK,0
XI-IATI-EC_NEAR-2020-PCC-419152,MK,0
XI-IATI-EC_NEAR-2015-ACT-D-38144-00,MD,0
XI-IATI-EC_NEAR-2021-ACT-62648,MD,0
XI-IATI-EC_NEAR-2020-ACT-D-42924-00,MD,0
XI-IATI-EC_NEAR-2023-ACT-60518,MD,0
XI-IATI-EC_NEAR-2023-PC-22941,MK,0
XI-IATI-EC_NEAR-2023-PC-26649,MK,0
XI-IATI-EC_NEAR-2024-PC-25269,MK,0
XI-IATI-EC_NEAR-2021-PCC-430625,MD,0
XI-IATI-EC_NEAR-2022-PC-18169,MD,0
XI-IATI-EC_NEAR-2023-PC-31959,MD,0
XI-IATI-EC_NEAR-2016-ACT-D-39803-06,RS,0
XI-IATI-EC_NEAR-2016-ACT-D-39806-09,RS,0
XI-IATI-EC_NEAR-2015-ACT-D-38444-04,RS,0
XI-IATI-EC_NEAR-2021-ACT-60872,RS,0
XI-IATI-EC_NEAR-2021-ACT-61585,RS,0
XI-IATI-EC_NEAR-2021-ACT-60875,RS,0
XI-IATI-EC_NEAR-2024-ACT-62417,RS,0
XI-IATI-EC_NEAR-2018-PCC-397293,RS,0
XI-IATI-EC_NEAR-2019-PCC-407821,RS,0
XI-IATI-EC_NEAR-2018-PCC-395584,RS,0
XI-IATI-EC_NEAR-2022-PC-18779,RS,0
XI-IATI-EC_NEAR-2023-PC-29296,RS,0
XI-IATI-EC_NEAR-2023-PC-26113,RS,0
XI-IATI-EC_NEAR-2023-PC-25802,RS,0
XI-IATI-EC_NEAR-2023-PC-25764,RS,0
XI-IATI-EC_NEAR-2024-PC-37108,RS,0
XI-IATI-EC_NEAR-2024-PC-25804,RS,0
XI-IATI-EC_NEAR-2022-ACT-60730,PS,0
XI-IATI-EC_NEAR-2023-PC-23862,PS,0
XI-IATI-EC_NEAR-2023-PC-21815,PS,0
XI-IATI-EC_NEAR-2015-ACT-D-38422-00,TN,0
XI-IATI-EC_NEAR-2017-ACT-D-40562-01,TN,0
XI-IATI-EC_NEAR-2017-ACT-D-40695-00,TN,0
XI-IATI-EC_NEAR-2017-ACT-D-40704-00,TN,0
XI-IATI-EC_NEAR-2017-ACT-D-40445-00,TN,0
XI-IATI-EC_NEAR-2016-ACT-D-39506-00,TN,0
XI-IATI-EC_NEAR-2015-ACT-D-38720-00,TN,0
XI-IATI-EC_NEAR-2021-ACT-61082,TN,0
XI-IATI-EC_NEAR-2020-ACT-D-42859-00,TN,0
XI-IATI-EC_NEAR-2019-ACT-D-41859-00,TN,0
XI-IATI-EC_NEAR-2019-ACT-D-41860-00,TN,0
XI-IATI-EC_NEAR-2019-ACT-D-41891-00,TN,0
XI-IATI-EC_NEAR-2023-ACT-62422,TN,0
XI-IATI-EC_NEAR-2019-PCC-410052,TN,0
XI-IATI-EC_NEAR-2019-PCC-404352,TN,0
XI-IATI-EC_NEAR-2019-PCC-404799,TN,0
XI-IATI-EC_NEAR-2018-PCC-403150,TN,0
XI-IATI-EC_NEAR-2019-PCC-407099,TN,0
XI-IATI-EC_NEAR-2019-PCC-411467,TN,0
XI-IATI-EC_NEAR-2018-PCC-404297,TN,0
XI-IATI-EC_NEAR-2018-PCC-404376,TN,0
XI-IATI-EC_NEAR-2018-PCC-404417,TN,0
XI-IATI-EC_NEAR-2018-PCC-403140,TN,0
XI-IATI-EC_NEAR-2021-PCC-427970,TN,0
XI-IATI-EC_NEAR-2021-PCC-428148,TN,0
XI-IATI-EC_NEAR-2021-PCC-428768,TN,0
XI-IATI-EC_NEAR-2021-PCC-414053,TN,0
XI-IATI-EC_NEAR-2020-PCC-416672,TN,0
XI-IATI-EC_NEAR-2020-PCC-420597,TN,0
XI-IATI-EC_NEAR-2021-PC-8877,TN,0
XI-IATI-EC_NEAR-2021-PCC-426850,TN,0
XI-IATI-EC_NEAR-2021-PCC-423254,TN,0
XI-IATI-EC_NEAR-2021-PCC-430183,TN,0
XI-IATI-EC_NEAR-2020-PCC-418579,TN,0
XI-IATI-EC_NEAR-2021-PCC-428588,TN,0
XI-IATI-EC_NEAR-2022-PC-22976,TN,0
XI-IATI-EC_NEAR-2022-PCC-425501,TN,0
XI-IATI-EC_NEAR-2021-PC-3558,TN,0
XI-IATI-EC_NEAR-2020-PCC-417245,TN,0
XI-IATI-EC_NEAR-2022-PC-15378,TN,0
XI-IATI-EC_NEAR-2022-PC-23457,TN,0
XI-IATI-EC_NEAR-2022-PC-20298,TN,0
XI-IATI-EC_NEAR-2023-PC-31718,TN,0
XI-IATI-EC_NEAR-2023-PC-31719,TN,0
XI-IATI-EC_NEAR-2023-PC-31722,TN,0
XI-IATI-EC_NEAR-2023-PC-30456,TN,0
XI-IATI-EC_NEAR-2023-PC-30872,TN,0
XI-IATI-EC_NEAR-2023-PC-32512,TN,0
XI-IATI-EC_NEAR-2023-PC-30873,TN,0
XI-IATI-EC_NEAR-2024-PC-39790,TN,0
XI-IATI-EC_NEAR-2024-PC-38097,TN,0
XI-IATI-EC_NEAR-2024-PC-38100,TN,0
XI-IATI-EC_NEAR-2023-PC-37347,TN,0
XI-IATI-EC_NEAR-2024-PC-32056,TN,0
XI-IATI-EC_NEAR-2024-PC-27731,TN,0
XI-IATI-EC_NEAR-2016-ACT-D-39747-07,XK,0
XI-IATI-EC_NEAR-2023-ACT-61599,XK,0
XI-IATI-EC_NEAR-2017-PCC-394632,XK,0
XI-IATI-EC_NEAR-2022-PC-24561,XK,0
XI-IATI-EC_NEAR-2023-PC-25711,XK,0
XI-IATI-EC_NEAR-2016-ACT-D-39569-00,UA,0
XI-IATI-EC_NEAR-2022-ACT-60707,UA,0
XI-IATI-EC_NEAR-2022-ACT-61256,UA,0
XI-IATI-EC_NEAR-2023-ACT-61827,UA,0
XI-IATI-EC_NEAR-2021-ACT-62782,UA,0
XI-IATI-EC_NEAR-2017-PCC-385741,UA,0
XI-IATI-EC_NEAR-2022-PC-15302,UA,0
XI-IATI-EC_NEAR-2022-PC-19078,UA,0
XI-IATI-EC_NEAR-2023-PC-34368,UA,0
XI-IATI-EC_NEAR-2023-PC-26460,UA,0
XI-IATI-EC_NEAR-2024-PC-41992,UA,0
GB-1-103985-101,MZ,100
GB-1-103986-101,MZ,100
GB-1-202328-101,PK,100
GB-1-202377-101,RW,100
GB-1-202462-101,MZ,100
GB-1-202468-101,GH,100
GB-1-202697-101,PK,100
GB-1-202893-104,ET,100
GB-1-202990-101,ET,100
GB-1-202990-103,ET,100
GB-1-202991-102,ET,100
GB-1-203001-101,ZM,100
GB-1-203100-104,NP,100
GB-1-203213-101,TZ,100
GB-1-203213-102,TZ,100
GB-1-203396-102,ET,100
GB-1-203413-102,NP,100
GB-1-203536-101,GH,100
GB-1-203536-113,GH,100
GB-1-203585-101,SL,100
GB-1-203766-109,ET,100
GB-1-203766-111,ET,100
GB-1-203766-112,ET,100
GB-1-203811-101,MW,100
GB-1-204024-107,PK,100
GB-1-204179-101,MZ,100
GB-1-204288-102,TZ,100
GB-1-205145-102,NP,100
GB-1-205145-104,NP,100
GB-GOV-1-301596-404,NP,100
GB-1-114506-106,IN,100
GB-1-113707-102,IN,100
GB-1-113963-102,IN,100
GB-1-114086-101,MZ,100
GB-GOV-3-PSA-NPK-200029,NP,0
GB-1-201375-102,NP,100
GB-1-201375-106,NP,100
GB-1-201564-101,ZM,100
GB-1-201629-108,GH,100
FI-3-2014-2005050123,MZ,100
FI-3-2014-2002023052,MZ,100
FI-3-2014-2008080028,MZ,100
FI-3-2014-2014140714,MZ,100
FI-3-2014-2000003078,TZ,100
FI-3-2014-2013130107,TZ,100
FI-3-2014-2013130132,ZM,100
FI-3-2014-2012000151,ZM,100
FI-3-2014-2009091300,NP,100
FI-3-2014-2008080130,VN,100
FI-3-2014-2004043014,VN,100
FI-3-2014-2013130288,VN,100
FI-3-2014-2014140891,PS,100
FI-3-2016-2005050123,MZ,100
FI-3-2016-2008080028,MZ,100
FI-3-2016-2013130107,TZ,100
FI-3-2016-2009091300,NP,100
FI-3-2016-2013130288,VN,100
FI-3-2016-2014140891,PS,100
FI-3-2015-2015150032,ET,100
FI-3-2015-2005050123,MZ,100
FI-3-2015-2008080028,MZ,100
FI-3-2015-2014140714,MZ,100
FI-3-2015-2013130107,TZ,100
FI-3-2015-2009091300,NP,100
FI-3-2015-2008080130,VN,100
FI-3-2015-2013130288,VN,100
FI-3-2015-2014140891,PS,100
FI-3-2017-2015150032,ET,100
FI-3-2017-2005050123,MZ,100
FI-3-2017-2013130288,VN,100
FI-3-2017-2014140891,PS,100
FI-3-2018-2015150032,ET,100
FI-3-2018-2005050123,MZ,100
FI-3-2018-2013130288,VN,100
FI-3-2018-2018180551,PS,100
FI-3-2021-2021001001,ZA,100
FI-3-2021-2019190107,MZ,100
FI-3-2021-2021005339,NP,100
FI-3-2021-2018180551,PS,100
FI-3-2019-2015150032,ET,100
FI-3-2019-2019190049,ET,100
FI-3-2019-2005050123,MZ,100
FI-3-2019-2019190107,MZ,100
FI-3-2019-2013130288,VN,100
FI-3-2019-2018180551,PS,100
FI-3-2020-2019190049,ET,100
FI-3-2020-2019190107,MZ,100
FI-3-2020-2018180551,PS,100
FI-3-2022-2018180551,PS,100
FI-3-2022-2021210112,NP,100
FI-3-2022-2019190049,ET,100
FI-3-2022-2022220043,MZ,100
FI-3-2022-2019190107,MZ,100
FI-3-2024-2024240132,NP,100
FI-3-2024-2024240259,MZ,100
FI-3-2024-2024240349,PS,100
FI-3-2023-2023230044,ET,100
FI-3-2023-2023230130,MZ,100
FI-3-2023-2023230300,NP,100
FI-3-2023-2023230435,PS,100
FI-3-2023-2023230729,TZ,100
FI-3-2025-2025250181,PS,100
FI-3-2025-2025250423,NP,100
XM-DAC-5-7-6617541,AR,100
XM-DAC-5-7-6619031,PK,100
XM-DAC-5-7-6618689,SY,100
XM-DAC-5-7-6618709,SY,100
XM-DAC-5-7-6618264,AL,100
XM-DAC-5-7-6618595,BA,100
XM-DAC-5-7-6619010,BJ,100
XM-DAC-5-7-6619140,ML,100
XM-DAC-5-7-6619197,RW,100
CA-3-A033033001,MZ,100
CA-3-A033033002,MZ,100
CA-3-A033033004,MZ,100
CA-3-A033640001,HN,100
CA-3-A034252001,BD,100
CA-3-A034769001,ML,100
CA-3-A035261001,MZ,100
CA-3-A035342001,TZ,100
CA-3-A035369002,SN,100
CA-3-A035369003,SN,100
CA-3-A035435001,ML,100
CA-3-D000301001,TZ,100
CA-3-D000327001,JO,100
CA-3-D000954001,BF,100
CA-3-A032220001,ML,100
CA-3-A032230001,VN,100
CA-3-A034768005,ML,100
CA-3-A035209001,ML,100
CA-3-D000259001,TZ,100
CA-3-D001661001,SN,100
CA-3-P006740001,JO,100
CA-3-P006740002,JO,100
CA-3-A033419002,GH,100
CA-3-A033985001,TZ,100
CA-3-A033999002,TZ,100
CA-3-A034052001,SN,100
CA-3-A033033007,MZ,100
CA-3-A034379001,SN,100
CA-3-A034782006,TZ,100
CA-3-A034908002,ML,100
XM-DAC-50-21-Z03-24-01-22500,PY,100
XI-IATI-IADB-BA-U0001,BB,0
XI-IATI-IADB-BA-L1056,BB,0
XI-IATI-IADB-BA-L1061,BB,0
XI-IATI-IADB-BA-L1052,BB,0
XI-IATI-IADB-BA-L1048,BB,0
XI-IATI-IADB-BA-L1050,BB,0
XI-IATI-IADB-BA-L1060,BB,0
XI-IATI-IADB-BA-L1062,BB,0
XI-IATI-IADB-BA-U0002,BB,0
XI-IATI-IADB-BO-L1100,BO,0
XI-IATI-IADB-BO-L1200,BO,0
XI-IATI-IADB-BO-L1112,BO,0
XI-IATI-IADB-BO-L1089,BO,0
XI-IATI-IADB-BO-L1107,BO,0
XI-IATI-IADB-BO-L1104,BO,0
XI-IATI-IADB-BO-L1189,BO,0
XI-IATI-IADB-BO-L1183,BO,0
XI-IATI-IADB-BO-L1199,BO,0
XI-IATI-IADB-BH-U0002,BS,0
XI-IATI-IADB-BH-L1052,BS,0
XI-IATI-IADB-BH-U0001,BS,0
XI-IATI-IADB-BH-L1050,BS,0
XI-IATI-IADB-BH-L1062,BS,0
XI-IATI-IADB-BH-L1056,BS,0
XI-IATI-IADB-AR-L1268,AR,0
XI-IATI-IADB-AR-L1303,AR,0
XI-IATI-IADB-AR-L1404,AR,0
XI-IATI-IADB-AR-L1304,AR,0
XI-IATI-IADB-AR-L1298,AR,0
XI-IATI-IADB-AR-L1370,AR,0
XI-IATI-IADB-AR-L1413,AR,0
XI-IATI-IADB-AR-L1412,AR,0
XI-IATI-IADB-AR-L1351,AR,0
XI-IATI-IADB-AR-L1283,AR,0
XI-IATI-IADB-CH-L1111,CL,0
XI-IATI-IADB-CH-L1157,CL,0
XI-IATI-IADB-CH-L1110,CL,0
XI-IATI-IADB-CH-L1172,CL,0
XI-IATI-IADB-CH-L1148,CL,0
XI-IATI-IADB-CH-L1095,CL,0
XI-IATI-IADB-CH-L1145,CL,0
XI-IATI-IADB-CH-L1160,CL,0
XI-IATI-IADB-CH-L1149,CL,0
XI-IATI-IADB-CH-L1159,CL,0
XI-IATI-IADB-CH-L1136,CL,0
XI-IATI-IADB-CH-L1165,CL,0
XI-IATI-IADB-CH-L1174,CL,0
XI-IATI-IADB-CH-L1135,CL,0
XI-IATI-IADB-CH-L1134,CL,0
XI-IATI-IADB-CH-L1164,CL,0
XI-IATI-IADB-CH-L1179,CL,0
XI-IATI-IADB-CR-L1081,CR,0
XI-IATI-IADB-CR-L1145,CR,0
XI-IATI-IADB-CR-L1142,CR,0
XI-IATI-IADB-CO-L1268,CO,0
XI-IATI-IADB-CO-L1302,CO,0
XI-IATI-IADB-CO-L1142,CO,0
XI-IATI-IADB-CO-L1283,CO,0
XI-IATI-IADB-CO-L1144,CO,0
XI-IATI-IADB-CO-J0014,CO,0
XI-IATI-IADB-CO-L1217,CO,0
XI-IATI-IADB-CO-L1237,CO,0
XI-IATI-IADB-CO-L1274,CO,0
XI-IATI-IADB-CO-L1233,CO,0
XI-IATI-IADB-CO-L1162,CO,0
XI-IATI-IADB-CO-L1252,CO,0
XI-IATI-IADB-CO-L1163,CO,0
XI-IATI-IADB-CO-L1254,CO,0
XI-IATI-IADB-CO-L1141,CO,0
XI-IATI-IADB-CO-L1214,CO,0
XI-IATI-IADB-CO-L1227,CO,0
XI-IATI-IADB-CO-L1272,CO,0
XI-IATI-IADB-CO-L1291,CO,0
XI-IATI-IADB-DR-L1132,DO,0
XI-IATI-IADB-DR-L1146,DO,0
XI-IATI-IADB-DR-L1058,DO,0
XI-IATI-IADB-DR-L1072,DO,0
XI-IATI-IADB-DR-L1121,DO,0
XI-IATI-IADB-DR-L1140,DO,0
XI-IATI-IADB-DR-L1144,DO,0
XI-IATI-IADB-DR-L1162,DO,0
XI-IATI-IADB-DR-L1079,DO,0
XI-IATI-IADB-DR-L1073,DO,0
XI-IATI-IADB-BR-L1385,BR,0
XI-IATI-IADB-BR-L1575,BR,0
XI-IATI-IADB-BR-L1381,BR,0
XI-IATI-IADB-BR-L1375,BR,0
XI-IATI-IADB-BR-L1374,BR,0
XI-IATI-IADB-GU-L1183,GT,0
XI-IATI-IADB-GU-L1085,GT,0
XI-IATI-IADB-GU-L1096,GT,0
XI-IATI-IADB-GY-L1086,GY,0
XI-IATI-IADB-GY-L1067,GY,0
XI-IATI-IADB-GY-L1043,GY,0
XI-IATI-IADB-GY-L1075,GY,0
XI-IATI-IADB-GY-L1089,GY,0
XI-IATI-IADB-GY-L1083,GY,0
XI-IATI-IADB-EC-L1280,EC,0
XI-IATI-IADB-EC-L1265,EC,0
XI-IATI-IADB-EC-L1140,EC,0
XI-IATI-IADB-EC-L1287,EC,0
XI-IATI-IADB-EC-L1293,EC,0
XI-IATI-IADB-EC-U0005,EC,0
XI-IATI-IADB-EC-L1277,EC,0
XI-IATI-IADB-EC-L1273,EC,0
XI-IATI-IADB-EC-L1238,EC,0
XI-IATI-IADB-EC-L1301,EC,0
XI-IATI-IADB-EC-L1252,EC,0
XI-IATI-IADB-EC-L1310,EC,0
XI-IATI-IADB-EC-U0007,EC,0
XI-IATI-IADB-HO-L1229,HN,0
XI-IATI-IADB-HO-L1207,HN,0
XI-IATI-IADB-HO-L1193,HN,0
XI-IATI-IADB-HO-L1204,HN,0
XI-IATI-IADB-HO-L1103,HN,0
XI-IATI-IADB-HO-L1219,HN,0
XI-IATI-IADB-HO-L1206,HN,0
XI-IATI-IADB-HO-L1198,HN,0
XI-IATI-IADB-HO-L1232,HN,0
XI-IATI-IADB-HO-L1248,HN,0
XI-IATI-IADB-HO-L1182,HN,0
XI-IATI-IADB-HO-L1118,HN,0
XI-IATI-IADB-HO-L1070,HN,0
XI-IATI-IADB-HO-L1189,HN,0
XI-IATI-IADB-JA-L1086,JM,0
XI-IATI-IADB-JA-L1033,JM,0
XI-IATI-IADB-JA-L1058,JM,0
XI-IATI-IADB-JA-L1080,JM,0
XI-IATI-IADB-JA-L1078,JM,0
XI-IATI-IADB-JA-L1014,JM,0
XI-IATI-IADB-JA-L1087,JM,0
XI-IATI-IADB-JA-L1051,JM,0
XI-IATI-IADB-JA-L1055,JM,0
XI-IATI-IADB-JA-L1038,JM,0
XI-IATI-IADB-JA-L1088,JM,0
XI-IATI-IADB-ME-L1144,MX,0
XI-IATI-IADB-ME-L1189,MX,0
XI-IATI-IADB-ME-L1331,MX,0
XI-IATI-IADB-ME-L1264,MX,0
XI-IATI-IADB-ME-L1322,MX,0
XI-IATI-IADB-ME-L1299,MX,0
XI-IATI-IADB-ME-L1332,MX,0
XI-IATI-IADB-ME-L1315,MX,0
XI-IATI-IADB-ME-L1341,MX,0
XI-IATI-IADB-ME-L1289,MX,0
XI-IATI-IADB-ME-L1294,MX,0
XI-IATI-IADB-ME-L1266,MX,0
XI-IATI-IADB-ME-L1276,MX,0
XI-IATI-IADB-ME-L1253,MX,0
XI-IATI-IADB-ME-L1186,MX,0
XI-IATI-IADB-HA-L1099,HT,0
XI-IATI-IADB-HA-L1088,HT,0
XI-IATI-IADB-HA-L1090,HT,0
XI-IATI-IADB-NI-L1096,NI,0
XI-IATI-IADB-NI-L1079,NI,0
XI-IATI-IADB-NI-L1144,NI,0
XI-IATI-IADB-NI-L1089,NI,0
XI-IATI-IADB-PN-L1175,PA,0
XI-IATI-IADB-PN-L1159,PA,0
XI-IATI-IADB-PN-L1181,PA,0
XI-IATI-IADB-PN-L1145,PA,0
XI-IATI-IADB-PN-L1152,PA,0
XI-IATI-IADB-PN-L1167,PA,0
XI-IATI-IADB-PN-L1149,PA,0
XI-IATI-IADB-PN-L1100,PA,0
XI-IATI-IADB-PN-L1119,PA,0
XI-IATI-IADB-PN-L1110,PA,0
XI-IATI-IADB-PN-L1151,PA,0
XI-IATI-IADB-PN-L1193,PA,0
XI-IATI-IADB-PN-L1178,PA,0
XI-IATI-IADB-PN-L1118,PA,0
XI-IATI-IADB-PN-L1103,PA,0
XI-IATI-IADB-PN-L1162,PA,0
XI-IATI-IADB-PN-L1156,PA,0
XI-IATI-IADB-SU-L1065,SR,0
XI-IATI-IADB-SU-L1033,SR,0
XI-IATI-IADB-SU-L1066,SR,0
XI-IATI-IADB-SU-L1043,SR,0
XI-IATI-IADB-SU-L1075,SR,0
XI-IATI-IADB-SU-L1036,SR,0
XI-IATI-IADB-ES-L1093,SV,0
XI-IATI-IADB-ES-L1137,SV,0
XI-IATI-IADB-ES-L1143,SV,0
XI-IATI-IADB-PE-L1267,PE,0
XI-IATI-IADB-PE-L1099,PE,0
XI-IATI-IADB-PE-L1261,PE,0
XI-IATI-IADB-PE-L1276,PE,0
XI-IATI-IADB-PE-L1154,PE,0
XI-IATI-IADB-PE-L1283,PE,0
XI-IATI-IADB-PE-L1244,PE,0
XI-IATI-IADB-PE-L1138,PE,0
XI-IATI-IADB-PE-L1169,PE,0
XI-IATI-IADB-PE-L1303,PE,0
XI-IATI-IADB-PE-L1140,PE,0
XI-IATI-IADB-PE-L1262,PE,0
XI-IATI-IADB-PE-L1223,PE,0
XI-IATI-IADB-PR-L1163,PY,0
XI-IATI-IADB-PR-L1144,PY,0
XI-IATI-IADB-PR-L1161,PY,0
XI-IATI-IADB-PR-L1179,PY,0
XI-IATI-IADB-PR-L1175,PY,0
XI-IATI-IADB-PR-L1151,PY,0
XI-IATI-IADB-PR-L1177,PY,0
XI-IATI-IADB-PR-L1180,PY,0
XI-IATI-IADB-PR-L1101,PY,0
XI-IATI-IADB-PR-L1185,PY,0
XI-IATI-IADB-TT-L1058,TT,0
XI-IATI-IADB-UR-L1170,UY,0
XI-IATI-IADB-UR-L1207,UY,0
XI-IATI-IADB-UR-L1108,UY,0
XI-IATI-IADB-UR-L1076,UY,0
XI-IATI-IADB-UR-L1140,UY,0
XI-IATI-IADB-UR-L1186,UY,0
XI-IATI-IADB-UR-L1106,UY,0
XI-IATI-IADB-UR-L1156,UY,0
XI-IATI-IADB-UR-L1097,UY,0
XI-IATI-IADB-UR-L1175,UY,0
XI-IATI-IADB-UR-L1195,UY,0
XI-IATI-IADB-UR-L1199,UY,0
XM-DAC-50-21-Z03-25-01-21800,CV,100
BJ-IFU-6201100143407-RSG0123375-29295,BJ,100
BJ-IFU-4201710182326-RSG0123375-29295A,BJ,100
BJ-IFU-4201710182326-RSG0123375-29296,BJ,100
BJ-IFU-4201710182326-RSG0123375-29295,BJ,100
XM-DAC-46004-54192-001-GRNT0772,AF,0
XM-DAC-46004-38122-013-LN2215,AF,0
XM-DAC-46004-37393-032-GRNT0067,AF,0
XM-DAC-46004-43087-013-LN2529,AM,0
XM-DAC-46004-43087-023-LN2530,AM,0
XM-DAC-46004-45230-001-LN2922,AM,0
XM-DAC-46004-46220-001-LN3155,AM,0
XM-DAC-46004-46220-006-LN3453,AM,0
XM-DAC-46004-51060-002-LN3584,AM,0
XM-DAC-46004-51060-003-LN3735,AM,0
XM-DAC-46004-53248-001-LN3859,AM,0
XM-DAC-46004-51129-002-LN3860,AM,0
XM-DAC-46004-55103-001-LN4250,AM,0
XM-DAC-46004-55103-002-LN4518,AM,0
XM-DAC-46004-58475-001-LN4760,AM,0
XM-DAC-46004-50145-001-LN3486,AZ,0
XM-DAC-46004-48386-004-LN3614,AZ,0
XM-DAC-46004-51059-001-LN3616,AZ,0
XM-DAC-46004-51059-002-LN3868,AZ,0
XM-DAC-46004-55073-001-LN4082,AZ,0
XM-DAC-46004-42503-013-LN2565,CK,0
XM-DAC-46004-42503-023-LN2946,CK,0
XM-DAC-46004-50212-001-LN3479,CK,0
XM-DAC-46004-50212-003-LN3933,CK,0
XM-DAC-46004-54289-001-LN4010,CK,0
XM-DAC-46004-55014-001-LN4161,CK,0
XM-DAC-46004-55014-001-LN4162,CK,0
XM-DAC-46004-56138-002-LN4459,CK,0
XM-DAC-46004-57084-001-LN4563,CK,0
XM-DAC-46004-46371-002-GRNT0431,BT,0
XM-DAC-46004-37164-023-LN2279,BT,0
XM-DAC-46004-45260-001-LN2955,BT,0
XM-DAC-46004-46371-001-LN2994,BT,0
XM-DAC-46004-46371-002-LN3258,BT,0
XM-DAC-46004-51141-002-GRNT0615,BT,0
XM-DAC-46004-51252-003-LN3863,BT,0
XM-DAC-46004-54183-001-LN3914,BT,0
XM-DAC-46004-51252-004-LN3992,BT,0
XM-DAC-46004-51252-005-LN4130,BT,0
XM-DAC-46004-56010-001-LN4229,BT,0
XM-DAC-46004-56010-002-LN4453,BT,0
XM-DAC-46004-59151-001-GRNT1094,BT,0
XM-DAC-46004-59151-001-LN4722,BT,0
XM-DAC-46004-58522-001-GRNT1030,BT,0
XM-DAC-46004-58522-001-LN4752,BT,0
XM-DAC-46004-48490-002-LN3667,FJ,0
XM-DAC-46004-48490-003-LN3812,FJ,0
XM-DAC-46004-48490-004-LN3952,FJ,0
XM-DAC-46004-55116-001-LN4194,FJ,0
XM-DAC-46004-55116-001-LN4193,FJ,0
XM-DAC-46004-57264-001-LN4471,FJ,0
XM-DAC-46004-50028-002-GRNT0669,FM,0
XM-DAC-46004-54309-001-GRNT0751,FM,0
XM-DAC-46004-50028-003-GRNT0756,FM,0
XM-DAC-46004-56138-002-GRNT0950,FM,0
XM-DAC-46004-42529-013-LN2531,GE,0
XM-DAC-46004-42529-023-LN2532,GE,0
XM-DAC-46004-43496-013-LN2664,GE,0
XM-DAC-46004-48044-001-LN3190,GE,0
XM-DAC-46004-48044-001-LN3191,GE,0
XM-DAC-46004-48044-004-LN3282,GE,0
XM-DAC-46004-48044-004-LN3283,GE,0
XM-DAC-46004-48044-005-LN3417,GE,0
XM-DAC-46004-48044-005-LN3418,GE,0
XM-DAC-46004-54191-001-LN3929,GE,0
XM-DAC-46004-51132-002-LN3985,GE,0
XM-DAC-46004-54271-001-LN3993,GE,0
XM-DAC-46004-52339-001-LN4033,GE,0
XM-DAC-46004-49006-003-LN4112,GE,0
XM-DAC-46004-54271-002-LN4246,GE,0
XM-DAC-46004-54014-001-LN4378,GE,0
XM-DAC-46004-56069-001-LN4444,GE,0
XM-DAC-46004-52339-003-LN4547,GE,0
XM-DAC-46004-37307-013-LN2267,BD,0
XM-DAC-46004-36107-023-LN2334,BD,0
XM-DAC-46004-37017-013-LN2362,BD,0
XM-DAC-46004-39405-013-LN2383,BD,0
XM-DAC-46004-39305-013-LN2554,BD,0
XM-DAC-46004-43157-013-LN2566,BD,0
XM-DAC-46004-43157-013-LN2567,BD,0
XM-DAC-46004-43157-013-LN2568,BD,0
XM-DAC-46004-43157-013-LN2569,BD,0
XM-DAC-46004-43477-013-LN2951,BD,0
XM-DAC-46004-43477-013-LN2952,BD,0
XM-DAC-46004-43477-013-LN2953,BD,0
XM-DAC-46004-45260-001-LN2954,BD,0
XM-DAC-46004-45253-002-LN3318,BD,0
XM-DAC-46004-45253-002-LN3319,BD,0
XM-DAC-46004-54180-001-LN3920,BD,0
XM-DAC-46004-54180-001-LN3919,BD,0
XM-DAC-46004-53260-001-LN4177,BD,0
XM-DAC-46004-55041-001-LN4076,BD,0
XM-DAC-46004-55041-003-LN4187,BD,0
XM-DAC-46004-54307-001-LN4115,BD,0
XM-DAC-46004-54307-002-LN4319,BD,0
XM-DAC-46004-56253-001-LN4423,BD,0
XM-DAC-46004-57194-001-LN4451,BD,0
XM-DAC-46004-58020-001-LN4571,BD,0
XM-DAC-46004-56253-004-LN4606,BD,0
XM-DAC-46004-58446-001-LN4605,BD,0
XM-DAC-46004-57194-002-LN4774,BD,0
XM-DAC-46004-58020-002-LN4780,BD,0
XM-DAC-46004-58020-002-LN4781,BD,0
XM-DAC-46004-40009-023-LN2263,ID,0
XM-DAC-46004-40003-013-LN2361,ID,0
XM-DAC-46004-32507-013-LN2379,ID,0
XM-DAC-46004-40272-013-LN2394,ID,0
XM-DAC-46004-40009-033-LN2475,ID,0
XM-DAC-46004-38264-013-LN2478,ID,0
XM-DAC-46004-40273-013-LN2488,ID,0
XM-DAC-46004-43009-013-LN2521,ID,0
XM-DAC-46004-32507-023-LN2577,ID,0
XM-DAC-46004-43092-013-LN2595,ID,0
XM-DAC-46004-40009-043-LN2708,ID,0
XM-DAC-46004-43211-013-LN2723,ID,0
XM-DAC-46004-46239-001-LN2871,ID,0
XM-DAC-46004-44252-013-LN2895,ID,0
XM-DAC-46004-46093-001-LN2942,ID,0
XM-DAC-46004-46093-004-LN3068,ID,0
XM-DAC-46004-48134-001-LN3164,ID,0
XM-DAC-46004-48207-001-LN3274,ID,0
XM-DAC-46004-49043-001-LN3303,ID,0
XM-DAC-46004-48134-006-LN3402,ID,0
XM-DAC-46004-50168-001-LN3454,ID,0
XM-DAC-46004-48207-002-LN3541,ID,0
XM-DAC-46004-49043-002-LN3561,ID,0
XM-DAC-46004-50168-002-LN3671,ID,0
XM-DAC-46004-48134-007-LN3670,ID,0
XM-DAC-46004-48207-004-LN3779,ID,0
XM-DAC-46004-50168-003-LN3842,ID,0
XM-DAC-46004-54139-001-LN3905,ID,0
XM-DAC-46004-54139-001-LN3906,ID,0
XM-DAC-46004-54117-001-LN3971,ID,0
XM-DAC-46004-52218-001-LN4038,ID,0
XM-DAC-46004-53211-001-LN4137,ID,0
XM-DAC-46004-54461-001-LN4144,ID,0
XM-DAC-46004-49043-003-LN4256,ID,0
XM-DAC-46004-52218-002-LN4249,ID,0
XM-DAC-46004-55235-001-LN4251,ID,0
XM-DAC-46004-53211-002-LN4350,ID,0
XM-DAC-46004-54461-002-LN4377,ID,0
XM-DAC-46004-57018-001-LN4449,ID,0
XM-DAC-46004-56368-001-LN4487,ID,0
XM-DAC-46004-58165-001-LN4557,ID,0
XM-DAC-46004-56257-001-LN4617,ID,0
XM-DAC-46004-53211-003-LN4659,ID,0
XM-DAC-46004-54461-003-LN4723,ID,0
XM-DAC-46004-56140-001-GRNT1064,ID,0
XM-DAC-46004-53211-003-LN4659-JICA,ID,0
XM-DAC-46004-53211-003-LN4659-KfW,ID,0
XM-DAC-46004-41544-084-GRNT0393,KG,0
XM-DAC-46004-46537-002-GRNT0407,KG,0
XM-DAC-46004-41544-088-GRNT0432,KG,0
XM-DAC-46004-41544-089-GRNT0487,KG,0
XM-DAC-46004-50024-002-GRNT0552,KG,0
XM-DAC-46004-41544-091-GRNT0563,KG,0
XM-DAC-46004-34172-013-LN2224,KG,0
XM-DAC-46004-41544-089-LN3410,KG,0
XM-DAC-46004-54169-001-GRNT0699,KG,0
XM-DAC-46004-54169-001-LN3913,KG,0
XM-DAC-46004-52225-003-GRNT0800,KG,0
XM-DAC-46004-52225-003-LN4114,KG,0
XM-DAC-46004-52225-001-GRNT0657,KG,0
XM-DAC-46004-52225-004-LN4221,KG,0
XM-DAC-46004-52225-004-GRNT0853,KG,0
XM-DAC-46004-56150-001-GRNT0860,KG,0
XM-DAC-46004-56150-001-LN4241,KG,0
XM-DAC-46004-52337-001-GRNT0852,KG,0
XM-DAC-46004-57193-001-GRNT0954,KG,0
XM-DAC-46004-57193-001-LN4462,KG,0
XM-DAC-46004-58326-001-GRNT1044,KG,0
XM-DAC-46004-58326-001-LN4651,KG,0
XM-DAC-46004-59154-001-GRNT1067,KG,0
XM-DAC-46004-49232-001-LN3356,CN,0
XM-DAC-46004-52230-001-LN3988,CN,0
XM-DAC-46004-53059-001-LN4220,CN,0
XM-DAC-46004-47314-001-GRNT0416,KI,0
XM-DAC-46004-47322-001-GRNT0560,KI,0
XM-DAC-46004-47322-002-GRNT0633,KI,0
XM-DAC-46004-50028-003-GRNT0758,KI,0
XM-DAC-46004-56138-001-GRNT0882,KI,0
XM-DAC-46004-56284-001-GRNT0914,KI,0
XM-DAC-46004-56284-002-GRNT1081,KI,0
XM-DAC-46004-43330-013-LN2543,KZ,0
XM-DAC-46004-49083-001-LN3272,KZ,0
XM-DAC-46004-54188-001-LN3940,KZ,0
XM-DAC-46004-54188-001-LN3941,KZ,0
XM-DAC-46004-55039-001-LN4405,KZ,0
XM-DAC-46004-33357-013-LN2252,LA,0
XM-DAC-46004-32312-013-LN2306,LA,0
XM-DAC-46004-40368-022-LN2777,LA,0
XM-DAC-46004-44057-012-LN2791,LA,0
XM-DAC-46004-46059-001-LN2905,LA,0
XM-DAC-46004-44057-013-LN3036,LA,0
XM-DAC-46004-46059-002-LN3205,LA,0
XM-DAC-46004-47137-003-LN3279,LA,0
XM-DAC-46004-47137-006-GRNT0572,LA,0
XM-DAC-46004-52146-001-LN3825,LA,0
XM-DAC-46004-50399-003-LN3821,LA,0
XM-DAC-21-1-2014B1MOZBSUP-MOZBUDSUP,MZ,0
XM-DAC-21-1-2015000211B1TANGBIPTANGBS,TZ,0
XM-DAC-21-1-2015000108B1MOZBSUPMOZBUDSUP,MZ,0
BJ-IFU-6200901851300-RSG0123375-29295,BJ,100
BJ-IFU-6201100034408-RSG0123375-29295,BJ,100
XM-DAC-701-8-201903815,JO,100
XM-DAC-701-8-202210984,VN,100
XM-DAC-701-8-202210509,MD,100
XM-DAC-701-8-202208006,PH,100
XM-DAC-701-8-202311927,BD,100
XM-DAC-701-8-202209514,BT,100
XM-DAC-701-8-202207950,BO,100
XM-DAC-701-8-201905005,ID,100
XM-DAC-701-8-202004739,EG,100
XM-DAC-701-8-202108578,BW,100
XM-DAC-701-8-202109599,ID,100
XM-DAC-701-8-202311965,IN,100
XM-DAC-701-8-202209138,UZ,100
XM-DAC-701-8-202209815,NG,100
XM-DAC-701-8-202312660,UZ,100
XM-DAC-701-8-202208027,MA,100
XM-DAC-701-8-202111010,FJ,100
XM-DAC-701-8-202313856,JO,100
XM-DAC-701-8-202412128,EG,100
XM-DAC-701-8-202312773,PH,100
XM-DAC-701-8-202516249,UA,100
XM-DAC-701-8-202413783,BD,100
XM-DAC-701-8-202314504,PH,100
XM-DAC-701-8-202210428,HN,100
XM-DAC-701-8-202311979,IN,100
XM-DAC-701-8-202412097,BJ,100
XM-DAC-701-8-202515176,JO,100
XM-DAC-701-8-202615286,ID,100
XM-DAC-701-8-202515233,VN,100
BJ-IFU-6201101182902-RSG0123375-29295,BJ,100
XM-OCHAS-HPC6770-3209,BD,100
XM-OCHAS-HPC6770-3812,TJ,100
BJ-IFU-6200901944805-RSG0123375-29295,BJ,100
XM-OCHAS-HPC6770-2370,YE,100
XM-OCHAS-HPC6770-2371,YE,100
XM-OCHAS-HPC6770-2372,YE,100
XM-OCHAS-HPC6770-2385,YE,100
XM-OCHAS-HPC6770-2398,YE,100
XM-OCHAS-HPC6770-2399,YE,100
XM-OCHAS-HPC6770-2397,YE,100
XM-OCHAS-HPC6770-2401,YE,100
XM-OCHAS-HPC6770-2402,YE,100
XM-OCHAS-HPC6770-2403,YE,100
XM-OCHAS-HPC6770-2405,YE,100
XM-OCHAS-HPC6770-2404,YE,100
XM-OCHAS-HPC6770-2406,YE,100
XM-OCHAS-HPC6770-2407,YE,100
XM-OCHAS-HPC6770-2408,YE,100
XM-OCHAS-HPC6770-2409,YE,100
XM-OCHAS-HPC6770-2373,YE,100
XM-OCHAS-HPC6770-2374,YE,100
XM-OCHAS-HPC6770-2378,YE,100
XM-OCHAS-HPC6770-2379,YE,100
XM-OCHAS-HPC6770-2377,YE,100
XM-OCHAS-HPC6770-2375,YE,100
XM-OCHAS-HPC6770-2380,YE,100
XM-OCHAS-HPC6770-2400,YE,100
XM-OCHAS-HPC6770-2386,YE,100
XM-OCHAS-HPC6770-2381,YE,100
XM-OCHAS-HPC6770-2382,YE,100
XM-OCHAS-HPC6770-2383,YE,100
XM-OCHAS-HPC6770-2384,YE,100
XM-OCHAS-HPC6770-2387,YE,100
XM-OCHAS-HPC6770-2389,YE,100
XM-OCHAS-HPC6770-2390,YE,100
XM-OCHAS-HPC6770-2391,YE,100
XM-OCHAS-HPC6770-2392,YE,100
XM-OCHAS-HPC6770-2393,YE,100
XM-OCHAS-HPC6770-2394,YE,100
XM-OCHAS-HPC6770-3206,YE,100
XM-OCHAS-HPC6770-2376,YE,100
XM-OCHAS-HPC6770-2778,YE,100
XM-OCHAS-HPC6770-2690,YE,100
XM-OCHAS-HPC6770-2691,YE,100
XM-OCHAS-HPC6770-2695,YE,100
XM-OCHAS-HPC6770-2733,YE,100
XM-OCHAS-HPC6770-1258,YE,100
XM-OCHAS-HPC6770-1518,YE,100
XM-OCHAS-HPC6770-1605,YE,100
XM-OCHAS-HPC6770-1311,YE,100
XM-OCHAS-HPC6770-1606,YE,100
XM-OCHAS-HPC6770-1609,YE,100
XM-OCHAS-HPC6770-1610,YE,100
XM-OCHAS-HPC6770-3662,YE,100
XM-OCHAS-HPC6770-1612,YE,100
XM-OCHAS-HPC6770-1613,YE,100
XM-OCHAS-HPC6770-1614,YE,100
XM-OCHAS-HPC6770-1641,YE,100
XM-OCHAS-HPC6770-1642,YE,100
XM-OCHAS-HPC6770-1789,YE,100
XM-OCHAS-HPC6770-2174,YE,100
XM-OCHAS-HPC6770-2176,YE,100
XM-OCHAS-HPC6770-2186,YE,100
XM-OCHAS-HPC6770-2188,YE,100
XM-OCHAS-HPC6770-3198,YE,100
NZ-1-ACT-0100512,CK,100
NZ-1-ACT-0100637,CK,100
NZ-1-ACT-0101084,CK,100
NZ-1-ACT-0101236,CK,100
NZ-1-ACT-0101776,CK,100
NZ-1-ACT-0102671,CK,100
NZ-1-ACT-0102932,CK,100
NZ-1-ACT-0103398,CK,100
NZ-1-ACT-0103562,CK,100
NZ-1-ACT-0A11138,CK,100
NZ-1-ACT-0A11524,CK,100
NZ-1-ACT-0A11596,CK,100
NZ-1-ACT-0A12283,CK,100
NZ-1-ACT-0A12645,CK,100
NZ-1-ACT-0R10965,CK,100
NZ-1-ACT-0100378,FJ,100
NZ-1-ACT-0101351,FJ,100
NZ-1-ACT-0101567,FJ,100
NZ-1-ACT-0101775,FJ,100
NZ-1-ACT-0103305,FJ,100
NZ-1-ACT-0103509,FJ,100
NZ-1-ACT-0103537,FJ,100
NZ-1-ACT-0104800,FJ,100
NZ-1-ACT-0105177,FJ,100
NZ-1-ACT-0A12759,FJ,100
NZ-1-ACT-0100023,KI,100
NZ-1-ACT-0101117,KI,100
NZ-1-ACT-0101323,KI,100
NZ-1-ACT-0101736,KI,100
NZ-1-ACT-0101774,KI,100
NZ-1-ACT-0101827,KI,100
NZ-1-ACT-0102089,KI,100
NZ-1-ACT-0102252,KI,100
NZ-1-ACT-0102518,KI,100
NZ-1-ACT-0102885,KI,100
NZ-1-ACT-0A11817,KI,100
NZ-1-ACT-0A12592,KI,100
NZ-1-ACT-0100092,NR,100
NZ-1-ACT-0100220,NR,100
NZ-1-ACT-0100432,NR,100
NZ-1-ACT-0100448,NR,100
NZ-1-ACT-0101779,NR,100
NZ-1-ACT-0102028,NR,100
NZ-1-ACT-0A11142,NR,100
NZ-1-ACT-0A12438,NR,100
NZ-1-ACT-0102044,FM,33
NZ-1-ACT-0102044,MH,33
NZ-1-ACT-0102044,PW,34
NZ-1-ACT-0102575,PW,100
NZ-1-ACT-0104876,FM,50
NZ-1-ACT-0104876,MH,50
NZ-1-ACT-0100022,NU,100
NZ-1-ACT-0100039,NU,100
NZ-1-ACT-0100787,NU,100
NZ-1-ACT-0101219,NU,100
NZ-1-ACT-0101221,NU,100
NZ-1-ACT-0101780,NU,100
NZ-1-ACT-0101785,NU,100
NZ-1-ACT-0102670,NU,100
NZ-1-ACT-0102857,NU,100
NZ-1-ACT-0103265,NU,100
NZ-1-ACT-0103477,NU,100
NZ-1-ACT-0103491,NU,100
NZ-1-ACT-0104285,NU,100
NZ-1-ACT-0104703,NU,100
NZ-1-ACT-0104720,NU,100
NZ-1-ACT-0105157,NU,100
NZ-1-ACT-0A10772,NU,100
NZ-1-ACT-0A10927,NU,100
NZ-1-ACT-0A10991,NU,100
NZ-1-ACT-0A11588,NU,100
NZ-1-ACT-0A11639,NU,100
NZ-1-ACT-0A11836,NU,100
NZ-1-ACT-0A11971,NU,100
NZ-1-ACT-0A12296,NU,100
NZ-1-ACT-0A12554,NU,100
NZ-1-ACT-0A12555,NU,100
NZ-1-ACT-0A12575,NU,100
NZ-1-ACT-0A12607,NU,100
NZ-1-ACT-0S12070,NU,100
NZ-1-ACT-0S12081,NU,100
NZ-1-ACT-0S12197,NU,100
NZ-1-ACT-0A12254,NP,100
NZ-1-ACT-0A10592,TK,11
NZ-1-ACT-0A10592,TO,2
NZ-1-ACT-0A10592,CK,11
NZ-1-ACT-0A10592,FJ,11
NZ-1-ACT-0A10592,NU,11
NZ-1-ACT-0A10592,VU,11
NZ-1-ACT-0A10592,WS,11
NZ-1-ACT-0A10983,CK,23
NZ-1-ACT-0A10983,NU,10
NZ-1-ACT-0A10983,TK,10
NZ-1-ACT-0A10983,TO,31
NZ-1-ACT-0A10983,VU,16
NZ-1-ACT-0A10983,WS,10
NZ-1-ACT-0A11603,CK,33
NZ-1-ACT-0A11603,KI,33
NZ-1-ACT-0A11603,TO,34
NZ-1-ACT-0A11670,KI,10
NZ-1-ACT-0A11670,NR,10
NZ-1-ACT-0A11670,NU,10
NZ-1-ACT-0A11670,PG,10
NZ-1-ACT-0A11670,SB,10
NZ-1-ACT-0A11670,TO,10
NZ-1-ACT-0A11670,TV,10
NZ-1-ACT-0A11670,VU,10
NZ-1-ACT-0A11670,WS,10
NZ-1-ACT-0A11670,CK,10
NZ-1-ACT-0A11941,CK,0.11
NZ-1-ACT-0A11941,NU,0.11
NZ-1-ACT-0A11941,TK,0.11
NZ-1-ACT-0A11941,TO,0.11
NZ-1-ACT-0A11941,WS,0.11
NZ-1-ACT-0A12128,CK,6
NZ-1-ACT-0A12128,KI,8
NZ-1-ACT-0A12128,NU,6
NZ-1-ACT-0A12128,TK,8
NZ-1-ACT-0A12128,TO,1
NZ-1-ACT-0A12128,TV,6
NZ-1-ACT-0A12128,WS,6
NZ-1-ACT-0100238,WS,100
NZ-1-ACT-0100272,WS,100
NZ-1-ACT-0100385,WS,100
NZ-1-ACT-0100487,WS,100
NZ-1-ACT-0100986,WS,100
NZ-1-ACT-0101781,WS,100
NZ-1-ACT-0102702,WS,100
NZ-1-ACT-0102778,WS,100
NZ-1-ACT-0103194,WS,100
NZ-1-ACT-0103329,WS,100
NZ-1-ACT-0103399,WS,100
NZ-1-ACT-0104327,WS,100
NZ-1-ACT-0104505,WS,100
NZ-1-ACT-0105129,WS,100
NZ-1-ACT-0A00526,WS,100
NZ-1-ACT-0A11059,WS,100
NZ-1-ACT-0A11337,WS,100
NZ-1-ACT-0A11470,WS,100
NZ-1-ACT-0A11839,WS,100
NZ-1-ACT-0101650,PG,100
NZ-1-ACT-0101654,PG,100
NZ-1-ACT-0101778,PG,100
NZ-1-ACT-0102484,PG,100
NZ-1-ACT-0100067,TK,100
NZ-1-ACT-0100310,TK,100
NZ-1-ACT-0100483,TK,100
NZ-1-ACT-0100484,TK,100
NZ-1-ACT-0101771,TK,100
NZ-1-ACT-0102087,TK,100
NZ-1-ACT-0102556,TK,100
NZ-1-ACT-0103461,TK,100
NZ-1-ACT-0103520,TK,100
NZ-1-ACT-0103825,TK,100
NZ-1-ACT-0104283,TK,100
NZ-1-ACT-0104284,TK,100
NZ-1-ACT-0104560,TK,100
NZ-1-ACT-0A11555,TK,100
NZ-1-ACT-0A11834,TK,100
NZ-1-ACT-0A12049,TK,100
NZ-1-ACT-0A12359,TK,100
NZ-1-ACT-0A12639,TK,100
NZ-1-ACT-0A12678,TK,100
NZ-1-ACT-0100546,TV,100
NZ-1-ACT-0101071,TV,100
NZ-1-ACT-0101773,TV,100
NZ-1-ACT-0102435,TV,100
NZ-1-ACT-0102727,TV,100
NZ-1-ACT-0102806,TV,100
NZ-1-ACT-0103689,TV,100
NZ-1-ACT-0103910,TV,100
NZ-1-ACT-0104218,TV,100
NZ-1-ACT-0104329,TV,100
NZ-1-ACT-0A00446,TV,100
NZ-1-ACT-0A12335,TV,100
NZ-1-ACT-0A12771,TV,100
GB-GOV-28-MHRA-GAMRIF,GB,100
NZ-1-ACT-0100239,SB,100
NZ-1-ACT-0101175,SB,100
NZ-1-ACT-0101777,SB,100
NZ-1-ACT-0101786,SB,100
NZ-1-ACT-0101853,SB,100
NZ-1-ACT-0102283,SB,100
NZ-1-ACT-0104124,SB,100
NZ-1-ACT-0104126,SB,100
NZ-1-ACT-0A10372,SB,100
NZ-1-ACT-0A11439,SB,100
NZ-1-ACT-0A11913,SB,100
NZ-1-ACT-0A12061,SB,100
NZ-1-ACT-0F12261,SB,100
NZ-1-ACT-0100252,TO,100
NZ-1-ACT-0100978,TO,100
NZ-1-ACT-0101038,TO,100
NZ-1-ACT-0101435,TO,100
NZ-1-ACT-0101772,TO,100
NZ-1-ACT-0102464,TO,100
NZ-1-ACT-0102733,TO,100
NZ-1-ACT-0103028,TO,100
NZ-1-ACT-0103397,TO,100
NZ-1-ACT-0103441,TO,100
NZ-1-ACT-0103755,TO,100
NZ-1-ACT-0104008,TO,100
NZ-1-ACT-0104120,TO,100
NZ-1-ACT-0105057,TO,100
NZ-1-ACT-0A11594,TO,100
NZ-1-ACT-0A12560,TO,100
NZ-1-ACT-0100035,VU,100
NZ-1-ACT-0101770,VU,100
NZ-1-ACT-0101794,VU,100
NZ-1-ACT-0102481,VU,100
NZ-1-ACT-0103908,VU,100
NZ-1-ACT-0104449,VU,100
NZ-1-ACT-0A10201,VU,100
NL-1-PPR-26891,RW,0
GB-GOR-PB57-6,SN,100
GB-GOR-PB57-4,MV,100
GB-GOR-PB57-5,MZ,100
GB-GOR-PB57-7,SB,100
GB-GOR-PB57-8,LK,100
GB-GOR-PB57-9,VU,100
GB-GOR-PB57-Ghana,GH,100
XM-DAC-46004-34389-013-LN2378,KH,0
XM-DAC-46004-34389-023-LN2479,KH,0
XM-DAC-46004-38421-013-LN2480,KH,0
XM-DAC-46004-34389-033-LN2585,KH,0
XM-DAC-46004-38558-013-LN2673,KH,0
XM-DAC-46004-41373-013-LN2674,KH,0
XM-DAC-46004-38421-023-LN2675,KH,0
XM-DAC-46004-34389-043-LN2706,KH,0
XM-DAC-46004-42305-013-LN2815,KH,0
XM-DAC-46004-41392-013-LN2886,KH,0
XM-DAC-46004-43260-013-LN2888,KH,0
XM-DAC-46004-38421-072-LN2904,KH,0
XM-DAC-46004-42305-023-LN3002,KH,0
XM-DAC-46004-44321-013-LN3006,KH,0
XM-DAC-46004-46064-002-LN3166,KH,0
XM-DAC-46004-42305-033-LN3185,KH,0
XM-DAC-46004-41392-023-LN3415,KH,0
XM-DAC-46004-47136-003-LN3426,KH,0
XM-DAC-46004-49041-002-LN3428,KH,0
XM-DAC-46004-44263-013-LN3460,KH,0
XM-DAC-46004-47136-006-LN3719,KH,0
XM-DAC-46004-50101-002-LN3832,KH,0
XM-DAC-46004-44263-015-LN3831,KH,0
XM-DAC-46004-54195-001-LN3951,KH,0
XM-DAC-46004-52145-001-LN3969,KH,0
XM-DAC-46004-44263-016-LN4128,KH,0
XM-DAC-46004-54430-001-LN4285,KH,0
XM-DAC-46004-55255-001-LN4267,KH,0
XM-DAC-46004-55360-001-LN4331,KH,0
XM-DAC-46004-52145-002-LN4330,KH,0
XM-DAC-46004-49041-004-LN4391,KH,0
XM-DAC-46004-55220-001-LN4477,KH,0
XM-DAC-46004-55255-003-LN4549,KH,0
XM-DAC-46004-58452-001-LN4622,KH,0
XM-DAC-46004-54430-002-LN4654,KH,0
XM-DAC-46004-58538-001-LN4693,KH,0
XM-DAC-46004-43321-013-LN2659,MH,0
XM-DAC-46004-43321-023-LN2950,MH,0
XM-DAC-46004-50028-002-GRNT0666,MH,0
XM-DAC-46004-50028-003-GRNT0761,MH,0
XM-DAC-46004-54358-001-GRNT0766,MH,0
XM-DAC-46004-56138-002-GRNT0951,MH,0
XM-DAC-46004-46372-001-LN2984,MM,0
XM-DAC-46004-54255-001-LN3960,MM,0
XM-DAC-46004-39658-013-LN2597,MV,0
KR-GOV-021-12ED00015,VN,100
KR-GOV-021-13ED00017,VN,100
KR-GOV-021-14ED00021,VN,100
XM-DAC-46004-54189-001-LN3942,MV,0
XM-DAC-46004-54189-001-GRNT0710,MV,0
KR-GOV-021-18ED00038,CO,100
KR-GOV-021-19ED00043,HN,100
KR-GOV-021-20ED00021,PY,100
KR-GOV-021-20ED00023,ET,100
KR-GOV-021-20ED00026,BD,100
KR-GOV-021-20ED00029,PH,100
XM-DAC-46004-55003-001-GRNT0898,MV,0
KR-GOV-021-20ED00032,GH,100
KR-GOV-021-20ED00033,KH,100
KR-GOV-021-20ED00045,TZ,100
KR-GOV-021-21ED00001,ID,100
KR-GOV-021-21ED00012,CO,100
KR-GOV-021-21ED00015,DO,100
KR-GOV-021-21ED00017,DO,100
KR-GOV-021-21ED00020,BD,100
KR-GOV-021-21ED00028,ID,100
KR-GOV-021-21ED00037,PH,100
KR-GOV-021-22ED00001,IN,100
KR-GOV-021-23ED00011,EC,100
KR-GOV-021-23ED00043,BD,100
KR-GOV-021-24ED00011,EG,100
KR-GOV-021-24ED00020,BD,100
KR-GOV-021-24ED00021,EC,100
KR-GOV-021-24ED00027,UA,100
KR-GOV-021-24ED00043,CO,100
KR-GOV-021-24ED00044,KH,100
XM-DAC-46004-36343-013-LN2281,IN,0
XM-DAC-46004-36308-023-LN2442,IN,0
XM-DAC-46004-42151-013-LN2452,IN,0
XM-DAC-46004-41607-013-LN2536,IN,0
XM-DAC-46004-44453-014-LN2926,IN,0
XM-DAC-46004-42267-026-LN3182,IN,0
XM-DAC-46004-45288-002-LN3187,IN,0
XM-DAC-46004-48434-005-LN3424,IN,0
XM-DAC-46004-49209-001-LN3563,IN,0
XM-DAC-46004-54182-001-LN3915,IN,0
XM-DAC-46004-54182-001-LN3916,IN,0
XM-DAC-46004-54001-001-LN4004,IN,0
XM-DAC-46004-54465-001-LN4138,IN,0
XM-DAC-46004-55054-001-LN4158,IN,0
XM-DAC-46004-55154-001-LN4275,IN,0
XM-DAC-46004-55054-002-LN4362,IN,0
XM-DAC-46004-55080-001-LN4401,IN,0
XM-DAC-46004-54465-002-LN4421,IN,0
XM-DAC-46004-55145-001-LN4452,IN,0
XM-DAC-46004-56343-001-LN4393,IN,0
XM-DAC-46004-55154-003-LN4559,IN,0
XM-DAC-46004-59288-001-LN4703,IN,0
XM-DAC-46004-45032-001-GRNT0300,NR,0
XM-DAC-46004-48478-001-GRNT0473,NR,0
XM-DAC-46004-52073-001-GRNT0703,NR,0
XM-DAC-46004-55017-001-GRNT0946,NR,0
XM-DAC-46004-34135-013-LN2218,MN,0
XM-DAC-46004-43096-013-LN2523,MN,0
XM-DAC-46004-49210-001-LN3297,MN,0
XM-DAC-46004-50302-001-LN3532,MN,0
XM-DAC-46004-51054-001-LN3533,MN,0
XM-DAC-46004-51199-001-LN3648,MN,0
XM-DAC-46004-53028-001-LN3880,MN,0
XM-DAC-46004-54174-001-LN3922,MN,0
XM-DAC-46004-54228-001-LN4056,MN,0
XM-DAC-46004-56144-001-LN4202,MN,0
XM-DAC-46004-55209-003-LN4356,MN,0
XM-DAC-46004-56270-001-LN4538,MN,0
XM-DAC-46004-56270-001-LN4539,MN,0
XM-DAC-46004-49365-002-LN3446,LK,0
XM-DAC-46004-57035-001-LN4315,LK,0
XM-DAC-46004-56285-001-LN4422,LK,0
XM-DAC-46004-56332-001-LN4464,LK,0
XM-DAC-46004-56281-001-LN4479,LK,0
XM-DAC-46004-58208-001-LN4543,LK,0
XM-DAC-46004-57227-001-LN4669,LK,0
XM-DAC-46004-58023-001-LN4679,LK,0
XM-DAC-46004-59038-001-LN4675,LK,0
XM-DAC-46004-56332-002-LN4709,LK,0
XM-DAC-46004-35174-082-GRNT0272,NP,0
XM-DAC-46004-36172-063-GRNT0305,NP,0
XM-DAC-46004-45260-001-GRNT0322,NP,0
XM-DAC-46004-36169-013-LN2268,NP,0
XM-DAC-46004-35174-013-LN2277,NP,0
XM-DAC-46004-35174-023-LN2551,NP,0
XM-DAC-46004-36169-023-LN2641,NP,0
XM-DAC-46004-50254-001-LN3546,NP,0
XM-DAC-46004-48218-010-LN3847,NP,0
XM-DAC-46004-54184-001-LN3926,NP,0
XM-DAC-46004-38349-029-LN3948,NP,0
XM-DAC-46004-54402-001-LN4323,NP,0
XM-DAC-46004-55002-001-LN4349,NP,0
XM-DAC-46004-57337-001-LN4535,NP,0
XM-DAC-46004-59193-001-LN4704,NP,0
XM-DAC-46004-44031-013-LN2691,PW,0
XM-DAC-46004-44031-013-LN2692,PW,0
XM-DAC-46004-52018-001-LN3725,PW,0
XM-DAC-46004-54245-001-LN3955,PW,0
XM-DAC-46004-54151-001-LN4030,PW,0
XM-DAC-46004-50028-003-LN4011,PW,0
XM-DAC-46004-54284-001-LN4063,PW,0
XM-DAC-46004-54284-001-LN4064,PW,0
XM-DAC-46004-54284-002-LN4206,PW,0
XM-DAC-46004-54151-003-LN4198,PW,0
XM-DAC-46004-57121-001-LN4448,PW,0
XM-DAC-46004-51035-001-LN3664,PG,0
XM-DAC-46004-51035-003-LN3857,PG,0
XM-DAC-46004-53424-001-LN4022,PG,0
XM-DAC-46004-51035-005-LN4017,PG,0
XM-DAC-46004-54346-001-LN4015,PG,0
XM-DAC-46004-51035-005-LN4016,PG,0
XM-DAC-46004-53424-002-LN4155,PG,0
XM-DAC-46004-53424-003-LN4266,PG,0
XM-DAC-46004-57067-001-LN4568,PG,0
XM-DAC-46004-56023-001-LN4746,PG,0
XM-DAC-46004-58479-001-LN4748,PG,0
XM-DAC-46004-46497-001-GRNT0339,SB,0
XM-DAC-46004-48479-001-GRNT0478,SB,0
XM-DAC-46004-52074-001-GRNT0629,SB,0
XM-DAC-46004-50028-002-GRNT0667,SB,0
XM-DAC-46004-50028-002-LN3830,SB,0
XM-DAC-46004-54178-001-LN3938,SB,0
XM-DAC-46004-50028-003-GRNT0754,SB,0
XM-DAC-46004-54178-001-GRNT0708,SB,0
XM-DAC-46004-55011-001-GRNT0871,SB,0
XM-DAC-46004-55011-001-LN4274,SB,0
XM-DAC-46004-56138-001-LN4300,SB,0
XM-DAC-46004-56138-001-GRNT0884,SB,0
XM-DAC-46004-55011-002-LN4564,SB,0
XM-DAC-46004-38276-013-LN2278,PH,0
XM-DAC-46004-37752-013-LN2282,PH,0
XM-DAC-46004-40538-013-LN2315,PH,0
XM-DAC-46004-39516-013-LN2387,PH,0
XM-DAC-46004-40538-023-LN2450,PH,0
XM-DAC-46004-41380-013-LN2489,PH,0
XM-DAC-46004-43300-013-LN2538,PH,0
XM-DAC-46004-40538-033-LN2545,PH,0
XM-DAC-46004-39516-023-LN2584,PH,0
XM-DAC-46004-38276-023-LN2715,PH,0
XM-DAC-46004-41380-023-LN2840,PH,0
XM-DAC-46004-43396-013-LN2872,PH,0
XM-DAC-46004-44253-013-LN3111,PH,0
XM-DAC-46004-43396-014-LN3233,PH,0
XM-DAC-46004-48458-001-LN3333,PH,0
XM-DAC-46004-48427-001-LN3334,PH,0
XM-DAC-46004-44253-016-LN3505,PH,0
XM-DAC-46004-49117-002-LN3530,PH,0
XM-DAC-46004-48427-002-LN3595,PH,0
XM-DAC-46004-48458-003-LN3691,PH,0
XM-DAC-46004-51309-001-LN3707,PH,0
XM-DAC-46004-52173-001-LN3858,PH,0
XM-DAC-46004-49117-003-LN3875,PH,0
XM-DAC-46004-54138-001-LN3910,PH,0
XM-DAC-46004-54138-001-LN3907,PH,0
XM-DAC-46004-54138-001-LN3909,PH,0
XM-DAC-46004-54138-001-LN3908,PH,0
XM-DAC-46004-53047-001-LN3925,PH,0
XM-DAC-46004-53353-001-LN3957,PH,0
XM-DAC-46004-51309-002-LN3959,PH,0
XM-DAC-46004-54022-001-LN3968,PH,0
XM-DAC-46004-49117-004-LN4089,PH,0
XM-DAC-46004-52173-003-LN4102,PH,0
XM-DAC-46004-55105-001-LN4145,PH,0
XM-DAC-46004-55268-001-LN4186,PH,0
XM-DAC-46004-53047-003-LN4185,PH,0
XM-DAC-46004-53353-002-LN4288,PH,0
XM-DAC-46004-55300-001-LN4289,PH,0
XM-DAC-46004-51309-003-LN4355,PH,0
XM-DAC-46004-55105-003-LN4414,PH,0
XM-DAC-46004-56288-001-LN4376,PH,0
XM-DAC-46004-52313-001-GRNT0635,PH,0
XM-DAC-46004-55268-003-LN4550,PH,0
XM-DAC-46004-58003-001-LN4572,PH,0
XM-DAC-46004-55300-002-LN4581,PH,0
XM-DAC-46004-57309-001-LN4580,PH,0
XM-DAC-46004-57075-001-LN4660,PH,0
XM-DAC-46004-58379-001-LN4725,PH,0
XM-DAC-46004-59092-001-LN4724,PH,0
XM-DAC-46004-58379-001-LN4725-KfW,PH,0
XM-DAC-46004-41325-013-LN2665,TH,0
XM-DAC-46004-54177-001-LN3949,TH,0
XM-DAC-46004-54177-001-LN3945,TH,0
NO-BRC-971277882-PAL-24/0005,PS,0
XM-DAC-46004-44061-012-GRNT0251,TJ,0
XM-DAC-46004-47099-002-GRNT0463,TJ,0
XM-DAC-46004-47099-004-GRNT0530,TJ,0
XM-DAC-46004-47099-002-LN3343,TJ,0
XM-DAC-46004-47099-004-LN3513,TJ,0
XM-DAC-46004-51066-001-GRNT0782,TJ,0
XM-DAC-46004-53315-001-GRNT0777,TJ,0
XM-DAC-46004-54156-001-GRNT0706,TJ,0
XM-DAC-46004-56147-001-GRNT0857,TJ,0
NO-BRC-971277882-NPL-20/0002,NP,0
XM-DAC-46004-51066-003-GRNT0870,TJ,0
NO-BRC-971277882-NPL-07/010,NP,0
XM-DAC-46004-56299-001-GRNT0955,TJ,0
XM-DAC-46004-58417-001-GRNT1080,TJ,0
XM-DAC-46004-59154-001-GRNT1068,TJ,0
XM-DAC-46004-45395-001-GRNT0318,TV,0
XM-DAC-46004-47318-001-GRNT0442,TV,0
XM-DAC-46004-50028-001-GRNT0559,TV,0
XM-DAC-46004-50377-001-GRNT0673,TV,0
XM-DAC-46004-50028-003-GRNT0760,TV,0
XM-DAC-46004-56138-002-GRNT0952,TV,0
XM-DAC-46004-58548-001-GRNT1063,TV,0
XM-DAC-46004-46385-001-GRNT0359,TO,0
XM-DAC-46004-48361-001-GRNT0479,TO,0
XM-DAC-46004-48361-002-GRNT0532,TO,0
XM-DAC-46004-50028-001-GRNT0558,TO,0
XM-DAC-46004-48361-001-LN3393,TO,0
XM-DAC-46004-48361-002-LN3531,TO,0
XM-DAC-46004-50028-001-LN3628,TO,0
XM-DAC-46004-48361-003-GRNT0647,TO,0
XM-DAC-46004-50028-002-GRNT0668,TO,0
XM-DAC-46004-50028-003-GRNT0755,TO,0
XM-DAC-46004-55016-001-GRNT0807,TO,0
XM-DAC-46004-52030-001-GRNT0709,TO,0
XM-DAC-46004-56138-001-GRNT0883,TO,0
XM-DAC-46004-56358-001-GRNT0943,TO,0
XM-DAC-46004-56358-002-GRNT1051,TO,0
XM-DAC-46004-50028-003-GRNT0757,VU,0
XM-DAC-46004-54179-001-GRNT0776,VU,0
XM-DAC-46004-56138-002-GRNT0953,VU,0
XM-DAC-46004-55052-001-GRNT1001,VU,0
XM-DAC-46004-58547-001-GRNT1086,VU,0
NO-BRC-971277882-PAL-25/0011,PS,0
XM-DAC-46004-46384-001-GRNT0360,WS,0
XM-DAC-46004-50210-001-GRNT0525,WS,0
XM-DAC-46004-50028-001-GRNT0557,WS,0
XM-DAC-46004-43191-013-LN2625,WS,0
XM-DAC-46004-43191-023-LN2801,WS,0
XM-DAC-46004-50028-001-LN3627,WS,0
XM-DAC-46004-54243-001-GRNT0718,WS,0
XM-DAC-46004-50028-003-GRNT0759,WS,0
XM-DAC-46004-54054-001-GRNT0862,WS,0
XM-DAC-46004-56138-001-GRNT0881,WS,0
XM-DAC-46004-54054-002-GRNT0996,WS,0
NO-BRC-971277882-PAL-26/0002,PS,0
XM-DAC-46004-37218-013-LN2202,PK,0
XM-DAC-46004-37218-013-LN2203,PK,0
XM-DAC-46004-36155-013-LN2270,PK,0
XM-DAC-46004-39492-013-LN2291,PK,0
XM-DAC-46004-39492-013-LN2292,PK,0
XM-DAC-46004-40563-013-LN2335,PK,0
XM-DAC-46004-41108-013-LN2340,PK,0
XM-DAC-46004-41666-013-LN2385,PK,0
XM-DAC-46004-42163-013-LN2446,PK,0
XM-DAC-46004-42163-013-LN2447,PK,0
XM-DAC-46004-41545-013-LN2484,PK,0
XM-DAC-46004-41641-013-LN2485,PK,0
XM-DAC-46004-42163-023-LN2524,PK,0
XM-DAC-46004-42163-023-LN2525,PK,0
XM-DAC-46004-41666-033-LN2547,PK,0
XM-DAC-46004-41666-033-LN2548,PK,0
XM-DAC-46004-41641-023-LN2644,PK,0
XM-DAC-46004-41545-023-LN2645,PK,0
XM-DAC-46004-47015-001-LN3126,PK,0
XM-DAC-46004-47015-002-LN3321,PK,0
XM-DAC-46004-47015-002-LN3322,PK,0
XM-DAC-46004-48065-002-LN3398,PK,0
XM-DAC-46004-48065-002-LN3399,PK,0
XM-DAC-46004-47015-003-LN3537,PK,0
XM-DAC-46004-48065-003-LN3538,PK,0
XM-DAC-46004-52049-001-LN3804,PK,0
XM-DAC-46004-53247-001-LN3882,PK,0
XM-DAC-46004-53165-001-LN3881,PK,0
XM-DAC-46004-54193-001-LN3931,PK,0
XM-DAC-46004-53221-001-LN3976,PK,0
XM-DAC-46004-53221-001-LN3975,PK,0
XM-DAC-46004-52049-003-LN4018,PK,0
XM-DAC-46004-53165-002-LN4159,PK,0
XM-DAC-46004-53221-003-LN4176,PK,0
XM-DAC-46004-56148-001-LN4234,PK,0
XM-DAC-46004-56148-001-LN4235,PK,0
XM-DAC-46004-54424-001-LN4427,PK,0
XM-DAC-46004-56006-001-LN4406,PK,0
XM-DAC-46004-55183-001-LN4450,PK,0
XM-DAC-46004-58054-001-LN4514,PK,0
XM-DAC-46004-56006-003-GRNT4598,PK,0
XM-DAC-46004-56006-003-LN4597,PK,0
XM-DAC-46004-58508-001-LN4608,PK,0
XM-DAC-46004-58508-001-LN4609,PK,0
XM-DAC-46004-51350-001-LN3675,UZ,0
XM-DAC-46004-51348-001-LN3869,UZ,0
XM-DAC-46004-51350-003-LN3866,UZ,0
XM-DAC-46004-54160-001-LN3939,UZ,0
XM-DAC-46004-54269-001-LN3980,UZ,0
XM-DAC-46004-53161-001-LN4123,UZ,0
XM-DAC-46004-42007-020-LN4156,UZ,0
XM-DAC-46004-42007-020-LN4157,UZ,0
XM-DAC-46004-56149-001-LN4225,UZ,0
XM-DAC-46004-51350-004-LN4292,UZ,0
XM-DAC-46004-42007-021-LN4415,UZ,0
XM-DAC-46004-53161-003-LN4472,UZ,0
XM-DAC-46004-54269-002-LN4473,UZ,0
XM-DAC-46004-57245-001-LN4489,UZ,0
XM-DAC-46004-58125-001-LN4544,UZ,0
XM-DAC-46004-58125-001-LN4545,UZ,0
XM-DAC-46004-51350-005-LN4658,UZ,0
XM-DAC-46004-58438-001-LN4681,UZ,0
XM-DAC-46004-58438-001-LN4682,UZ,0
XM-DAC-46004-38392-033-LN2262,VN,0
XM-DAC-46004-38335-013-LN2284,VN,0
XM-DAC-46004-37577-013-LN2377,VN,0
XM-DAC-46004-42191-013-LN2490,VN,0
XM-DAC-46004-42191-023-LN2570,VN,0
XM-DAC-46004-40347-013-LN2582,VN,0
XM-DAC-46004-40354-013-LN2642,VN,0
XM-DAC-46004-41360-013-LN2680,VN,0
XM-DAC-46004-37577-023-LN2707,VN,0
XM-DAC-46004-42191-033-LN2827,VN,0
XM-DAC-46004-42235-013-LN2877,VN,0
XM-DAC-46004-41360-014-LN3050,VN,0
XM-DAC-46004-44251-013-LN3081,VN,0
XM-DAC-46004-42235-023-LN3213,VN,0
XM-DAC-46004-47293-001-LN3227,VN,0
XM-DAC-46004-47293-001-LN3228,VN,0
XM-DAC-46004-44251-034-LN3335,VN,0
XM-DAC-46004-47140-002-LN3493,VN,0
XM-DAC-46004-50051-001-LN3502,VN,0
XM-DAC-46004-50051-001-LN3503,VN,0
XM-DAC-46004-49331-001-LN3743,VN,0
XM-DAC-46004-50285-002-LN3758,VN,0
BJ-IFU-6201000068802-RSG0123375-29295,BJ,100
BJ-IFU-6201200579608-RSG0123375-29295,BJ,100
CH-4-2024-2018011172,CD,0
CH-4-2024-2020010895,TZ,0
AU-5-INL354-VN,VN,100
CH-4-2024-2023000533,BJ,0
AU-5-INJ438-VU,VU,100
CH-4-2024-2024000918,MZ,0
CH-4-2023-2004006120,MZ,0
CH-4-2023-2018011172,CD,0
CH-4-2023-2020010894,TZ,0
CH-4-2023-2020010895,TZ,0
AU-5-INJ402-WS,WS,100
CH-4-2023-2023000533,BJ,0
CH-4-2023-2023001248,MZ,0
CH-4-2025-2020010895,TZ,0
CH-4-2025-2020011220,TZ,0
CH-4-2025-2023000533,BJ,0
AU-5-INJ648-ID,ID,100
46002-P-DZ-K00-007,DZ,0
46002-P-AO-FA0-002,AO,0
46002-P-AO-K00-007,AO,0
46002-P-AO-AA0-011,AO,0
46002-P-AO-K00-009,AO,0
46002-P-BW-K00-004,BW,0
46002-P-BW-K00-001,BW,0
46002-P-BW-K00-005,BW,0
46002-P-BW-K00-006,BW,0
46002-P-BJ-KA0-006,BJ,0
46002-P-BJ-KA0-009,BJ,0
46002-P-BJ-KA0-013,BJ,0
46002-P-BJ-KA0-014,BJ,0
46002-P-BJ-FZ0-001,BJ,0
46002-P-BJ-K00-005,BJ,0
46002-P-BJ-K00-006,BJ,0
46002-P-BJ-KZ0-001,BJ,0
46002-P-BJ-KF0-001,BJ,0
46002-P-BJ-K00-007,BJ,0
46002-P-BJ-E00-007,BJ,0
46002-P-BJ-K00-010,BJ,0
AU-5-INI950-NR,NR,100
46002-P-BI-KA0-001,BI,0
46002-P-BI-I00-004,BI,0
46002-P-BF-FA0-008,BF,0
46002-P-BF-K00-006,BF,0
46002-P-BF-K00-011,BF,0
46002-P-BF-K00-012,BF,0
46002-P-BF-KA0-009,BF,0
46002-P-BF-KZ0-003,BF,0
46002-P-BF-KZ0-001,BF,0
AU-5-INK561-SB,SB,100
AU-5-INL121-SB,SB,100
AU-5-INL126-SB,SB,100
AU-5-INL129-SB,SB,100
AU-5-INL683-TO,TO,100
AU-5-INJ899-TV,TV,100
AU-5-INJ128-VN,VN,100
BJ-IFU-3200700033415-RSG0123375-29295,BJ,100
XM-DAC-69-1-2019000246,PS,100
XM-DAC-69-3-2018000217,ME,100
XM-DAC-69-3-2018000330,ME,100
46002-P-CV-K00-013,CV,0
BJ-IFU-5200081145006-RSG0123375-29295,BJ,100
BJ-IFU-6200901945503-RSG0123375-29295,BJ,100
46002-P-CV-K00-002,CV,0
46002-P-CV-K00-003,CV,0
46002-P-CV-K00-004,CV,0
46002-P-CV-K00-005,CV,0
46002-P-CV-K00-006,CV,0
46002-P-CV-K00-007,CV,0
46002-P-CV-K00-009,CV,0
46002-P-CV-K00-010,CV,0
46002-P-CV-K00-011,CV,0
46002-P-CV-KA0-003,CV,0
46002-P-CV-KA0-005,CV,0
46002-P-CV-KA0-008,CV,0
46002-P-CV-KA0-006,CV,0
46002-P-CV-KA0-007,CV,0
46002-P-CV-K00-016,CV,0
46002-P-CV-KA0-009,CV,0
46002-P-CV-K00-015,CV,0
46002-P-CV-A00-003,CV,0
46002-P-CV-K00-019,CV,0
46002-P-CV-GB0-005,CV,0
46002-P-CV-K00-020,CV,0
XM-DAC-41111-98569,SO,100
XM-DAC-41111-92034,BI,100
XM-DAC-41111-88100,BI,100
XM-DAC-41111-111465,SO,100
XM-DAC-41111-112392,SO,100
XM-DAC-41111-113154,BF,100
XM-DAC-41111-118133,BD,7
XM-DAC-41111-118133,BJ,7
XM-DAC-41111-118133,BT,7
XM-DAC-41111-118133,KH,7
XM-DAC-41111-118133,GH,7
XM-DAC-41111-118133,LA,7
XM-DAC-41111-118133,ML,7
XM-DAC-41111-118133,MZ,7
XM-DAC-41111-118133,NP,7
XM-DAC-41111-118133,NE,7
XM-DAC-41111-118133,TZ,7
XM-DAC-41111-118133,TV,7
XM-DAC-41111-118133,BF,4
XM-DAC-41111-118133,LS,4
XM-DAC-41111-118133,SB,4
XM-DAC-41111-118133,CI,4
XM-DAC-41111-114278,MZ,100
XM-DAC-41111-76452,LA,100
XM-DAC-41111-95546,MZ,100
XM-DAC-41111-106347,UG,100
XM-DAC-41111-110521,GN,100
XM-DAC-41111-90703,ML,7
XM-DAC-41111-90703,BD,7
XM-DAC-41111-90703,BJ,7
XM-DAC-41111-90703,BT,7
XM-DAC-41111-90703,KH,7
XM-DAC-41111-90703,GH,7
XM-DAC-41111-90703,LA,7
XM-DAC-41111-90703,MZ,7
XM-DAC-41111-90703,NP,7
XM-DAC-41111-90703,NE,7
XM-DAC-41111-90703,TZ,7
XM-DAC-41111-90703,TV,7
XM-DAC-41111-90703,LS,8
XM-DAC-41111-90703,UG,8
XM-DAC-41111-90014,BD,9
XM-DAC-41111-90014,BJ,9
XM-DAC-41111-90014,BT,9
XM-DAC-41111-90014,KH,9
XM-DAC-41111-90014,GH,8
XM-DAC-41111-90014,LA,8
XM-DAC-41111-90014,ML,8
XM-DAC-41111-90014,MZ,8
XM-DAC-41111-90014,NP,8
XM-DAC-41111-90014,NE,8
XM-DAC-41111-90014,TZ,8
XM-DAC-41111-90014,TV,8
46002-P-CF-KZ0-002,CF,0
46002-P-CF-K00-006,CF,0
46002-P-CF-KZ0-003,CF,0
46002-P-CF-K00-007,CF,0
46002-P-CF-K00-010,CF,0
46002-P-CF-I00-006,CF,0
46002-P-CF-K00-020,CF,0
46002-P-CF-K00-021,CF,0
46002-P-CM-K00-010,CM,0
46002-P-CM-KA0-005,CM,0
46002-P-CM-KA0-011,CM,0
46002-P-CM-K00-009,CM,0
46002-P-CM-KA0-015,CM,0
46002-P-CM-AA0-015,CM,0
46002-P-CM-KF0-006,CM,0
46002-P-CM-KF0-007,CM,0
46002-P-CM-FA0-011,CM,0
46002-P-CM-H00-010,CM,0
46002-P-KM-K00-006,KM,0
46002-P-KM-K00-009,KM,0
46002-P-KM-K00-013,KM,0
46002-P-KM-K00-014,KM,0
46002-P-TD-KA0-009,TD,0
46002-P-TD-KA0-007,TD,0
46002-P-TD-KA0-006,TD,0
BJ-IFU-6201810251129-RGS0123375-29295,BJ,100
46002-P-TD-K00-002,TD,0
46002-P-TD-K00-003,TD,0
BJ-IFU-6200901944008-RSG0123375-29295,BJ,100
46002-P-TD-KA0-001,TD,0
46002-P-TD-KA0-005,TD,0
46002-P-TD-K00-009,TD,0
46002-P-TD-AB0-005,TD,0
46002-P-CG-K00-002,CG,0
46002-P-CG-K00-006,CG,0
46002-P-CG-K00-009,CG,0
46002-P-CG-K00-012,CG,0
46002-P-DJ-K00-001,DJ,0
46002-P-DJ-KF0-010,DJ,0
46002-P-DJ-K00-003,DJ,0
46002-P-CI-I00-003,CI,0
46002-P-CI-IZ0-001,CI,0
46002-P-CI-IZ0-004,CI,0
46002-P-CI-KA0-009,CI,0
46002-P-CI-KA0-012,CI,0
46002-P-CI-KA0-011,CI,0
46002-P-CI-KA0-010,CI,0
46002-P-CI-AA0-037,CI,0
46002-P-CI-KA0-013,CI,0
46002-P-CI-BG0-002,CI,0
46002-P-CI-KA0-014,CI,0
46002-P-GQ-K00-002,GQ,0
46002-P-CD-K00-012,CD,0
46002-P-CD-K00-002,CD,0
46002-P-EG-FA0-005,EG,0
46002-P-EG-FA0-008,EG,0
46002-P-EG-HZ0-001,EG,0
46002-P-EG-IBZ-001,EG,0
46002-P-EG-K00-011,EG,0
46002-P-EG-K00-009,EG,0
46002-P-EG-K00-010,EG,0
46002-P-EG-K00-017,EG,0
46002-P-EG-K00-016,EG,0
46002-P-EG-BG0-003,EG,0
46002-P-GA-K00-015,GA,0
46002-P-GA-K00-013,GA,0
46002-P-GA-KA0-007,GA,0
46002-P-GA-K00-003,GA,0
46002-P-GA-KA0-001,GA,0
46002-P-GA-KA0-005,GA,0
46002-P-GA-KA0-006,GA,0
46002-P-ET-IZ0-002,ET,0
46002-P-ET-K00-006,ET,0
46002-P-ET-K00-010,ET,0
46002-P-ET-K00-011,ET,0
46002-P-ET-K00-015,ET,0
46002-P-ET-K00-016,ET,0
46002-P-ET-KF0-007,ET,0
46002-P-ET-AAZ-002,ET,0
46002-P-GM-KA0-009,GM,0
46002-P-GM-K00-010,GM,0
46002-P-GM-K00-011,GM,0
46002-P-GM-J00-002,GM,0
46002-P-GM-K00-013,GM,0
46002-P-GM-KA0-011,GM,0
46002-P-GN-KA0-006,GN,0
DE-1-201165281,BF,100
DE-1-201166974,BF,100
DE-1-201170307,BF,100
DE-1-201170323,BF,100
DE-1-201767508,BF,100
DE-1-201868785,BF,100
46002-P-GN-KA0-005,GN,0
46002-P-GN-KZ0-002,GN,0
46002-P-GW-KA0-008,GW,0
46002-P-GW-IB0-005,GW,0
46002-P-GW-A00-010,GW,0
46002-P-GW-KA0-009,GW,0
46002-P-GH-K00-008,GH,0
46002-P-GH-K00-012,GH,0
46002-P-GH-KA0-003,GH,0
46002-P-GH-K00-013,GH,0
46002-P-GH-KA0-006,GH,0
46002-P-GH-KA0-008,GH,0
46002-P-GH-K00-018,GH,0
46002-P-GH-I00-003,GH,0
46002-P-LS-KA0-001,LS,0
46002-P-LS-KE0-001,LS,0
46002-P-LR-KA0-004,LR,0
DE-1-201965052,CI,100
46002-P-LR-K00-020,LR,0
46002-P-LR-AA0-013,LR,0
46002-P-LR-K00-023,LR,0
46002-P-KE-K00-004,KE,0
46002-P-KE-AA0-001,KE,0
46002-P-KE-KA0-001,KE,0
46002-P-KE-KA0-002,KE,0
46002-P-KE-KD0-004,KE,0
46002-P-KE-HB0-009,KE,0
46002-P-KE-K00-007,KE,0
46002-P-KE-K00-010,KE,0
46002-P-KE-A00-002,KE,0
46002-P-KE-IA0-005,KE,0
46002-P-KE-K00-012,KE,0
46002-P-KE-K00-013,KE,0
46002-P-KE-K00-015,KE,0
46002-P-MG-KA0-009,MG,0
46002-P-MG-K00-001,MG,0
46002-P-MG-K00-007,MG,0
46002-P-MG-K00-010,MG,0
46002-P-MG-K00-018,MG,0
46002-P-MG-KA0-012,MG,0
46002-P-MG-K00-021,MG,0
46002-P-MU-K00-002,MU,0
46002-P-MU-K00-004,MU,0
46002-P-MU-K00-005,MU,0
46002-P-MU-K00-008,MU,0
46002-P-MU-K00-009,MU,0
46002-P-MU-K00-010,MU,0
46002-P-MR-K00-018,MR,0
46002-P-MR-K00-017,MR,0
46002-P-MR-K00-016,MR,0
46002-P-MW-K00-002,MW,0
46002-P-MW-KZ0-003,MW,0
46002-P-MW-IE0-005,MW,0
46002-P-MW-KA0-004,MW,0
46002-P-MW-AA0-040,MW,0
44000-P146280,AL,100
44000-P147226,AL,100
44000-P152064,AL,100
44000-P155605,AL,100
44000-P160594,AL,100
44000-P169524,AL,100
44000-P178202,AL,100
44000-P180679,AL,100
44000-P168446,AF,100
46002-P-ML-KA0-009,ML,0
44000-P176137,AF,100
44000-P174234,AF,100
44000-P164882,AF,100
44000-P160544,AF,100
44000-P172211,AF,100
44000-P153234,AM,100
44000-P127754,AM,100
44000-P179849,AM,100
44000-P169624,AM,100
44000-P143040,AM,100
44000-P508569,AM,100
44000-P176278,AM,100
44000-P168336,AO,100
44000-P179513,AO,100
44000-P511848,AO,100
44000-P179512,AO,100
46002-P-ML-KA0-008,ML,0
44000-P153243,AO,100
44000-P166564,AO,100
44000-P169983,AO,100
44000-P175492,BB,100
44000-P179112,BB,100
44000-P507916,BB,100
44000-P167889,AR,100
44000-P168713,AR,100
44000-P509552,AR,100
44000-P149768,BA,100
44000-P175191,BA,100
44000-P146740,BA,100
44000-P180544,BA,100
44000-P150941,BI,100
44000-P166298,BF,100
44000-P173529,BF,100
44000-P170934,BF,100
44000-P146640,BF,100
44000-P174315,BF,100
44000-P151275,BF,100
44000-P157060,BF,100
44000-P163283,BF,100
44000-P150751,BO,100
46002-P-ML-KA0-004,ML,0
44000-P132786,BJ,100
44000-P146665,BJ,100
44000-P166115,BJ,100
44000-P168668,BJ,100
44000-P172749,BJ,100
44000-P176513,BJ,100
44000-P178042,BJ,100
44000-P180286,BJ,100
44000-P181457,BJ,100
44000-P510638,BJ,100
44000-P175490,BS,100
44000-P157469,BT,100
44000-P178635,BT,100
44000-P509816,BT,100
44000-P177712,BT,100
44000-P147806,BT,100
44000-P173008,BT,100
44000-P500536,BT,100
44000-P171780,BT,100
44000-P168166,BT,100
44000-P175758,BT,100
44000-P176810,BW,100
44000-P175934,BW,100
44000-P505490,BZ,100
44000-P505866,BR,100
44000-P507322,BR,100
44000-P181501,BR,100
44000-P172455,BR,100
44000-P509756,BR,100
44000-P126749,BR,100
44000-P147695,BR,100
44000-P506861,BR,100
44000-P147984,BR,100
44000-P179182,BR,100
44000-P147913,BR,100
44000-P148083,BR,100
44000-P146981,BR,100
44000-P153203,BR,100
44000-P506321,BR,100
44000-P129652,BR,100
44000-P178729,BR,100
44000-P512526,BR,100
44000-P132768,BR,100
44000-P164588,BR,100
44000-P500614,BR,100
44000-P177632,BR,100
44000-P147979,BR,100
44000-P180497,BR,100
44000-P505235,BR,100
44000-P126351,BR,100
44000-P168035,CF,100
44000-P168474,CF,100
44000-P164442,CF,100
44000-P178614,CG,100
46002-P-ML-KA0-007,ML,0
44000-P180093,CG,100
44000-P180398,CG,100
44000-P167190,BD,100
44000-P168724,BD,100
44000-P168725,BD,100
44000-P174892,BD,100
44000-P178481,BD,100
44000-P179079,BD,100
44000-P180439,BD,100
44000-P511201,BD,100
44000-P154213,CL,100
44000-P155259,CI,100
44000-P166388,CI,100
44000-P127449,CI,100
44000-P178064,CI,100
44000-P169828,CI,100
44000-P143781,CI,100
44000-P158463,CI,100
44000-P510901,CI,100
44000-P163284,CI,100
44000-P179006,CI,100
44000-P174110,CI,100
44000-P180234,CI,100
44000-P177460,CD,100
44000-P179141,CD,100
44000-P507861,CD,100
44000-P163657,CM,100
44000-P166694,CM,100
44000-P168332,CM,100
44000-P175249,CM,100
44000-P180017,CM,100
44000-P111926,CR,100
44000-P171912,CR,100
44000-P174786,CR,100
44000-P177029,CR,100
44000-P179861,CR,100
44000-P181372,CR,100
44000-P508347,CR,100
44000-P145605,CO,100
44000-P154821,CO,100
44000-P176505,CO,100
44000-P158739,CO,100
44000-P170728,CO,100
44000-P149609,CO,100
44000-P150475,CO,100
44000-P174118,CO,100
44000-P180566,CO,100
44000-P181080,CO,100
44000-P161642,CO,100
44000-P173424,CO,100
44000-P180033,CO,100
44000-P126583,CO,100
44000-P145766,CO,100
44000-P175801,CO,100
44000-P180927,CO,100
44000-P158520,CO,100
44000-P176650,CO,100
44000-P162858,CO,100
44000-P176788,CO,100
44000-P181256,CO,100
44000-P175126,CO,100
44000-P130972,CO,100
44000-P174754,CV,100
44000-P165631,CV,100
44000-P147015,CV,100
44000-P160628,CV,100
44000-P181310,CV,100
44000-P127411,CV,100
44000-P176148,CV,100
44000-P171080,CV,100
44000-P179265,CV,100
44000-P174927,DM,100
44000-P175847,DM,100
44000-P177807,DM,100
44000-P508114,DM,100
44000-P169822,EC,100
44000-P171190,EC,100
44000-P174115,EC,100
44000-P176983,EC,100
44000-P178636,EC,100
44000-P180319,EC,100
44000-P505747,EC,100
44000-P510158,EC,100
44000-P512397,EC,100
44000-P155425,DO,100
44000-P159351,DO,100
44000-P174145,DO,100
44000-P175874,DO,100
44000-P178122,DO,100
44000-P178570,DO,100
44000-P500557,DO,100
44000-P112346,EG,100
44000-P164079,EG,100
44000-P171311,EG,100
44000-P504910,EG,100
44000-P514501,EG,100
44000-P173558,FJ,100
44000-P159774,FJ,100
44000-P500609,FJ,100
44000-P168402,FJ,100
44000-P175543,FJ,100
44000-P157406,CN,100
44000-P157404,CN,100
44000-P159508,GA,100
44000-P164201,GA,100
44000-P164289,GD,100
44000-P171465,GD,100
44000-P151821,GD,100
44000-P174527,GD,100
44000-P178930,GD,100
44000-P167748,GD,100
44000-P176663,GD,100
44000-P147152,GD,100
44000-P156761,GD,100
44000-P129597,GE,100
44000-P143060,GE,100
44000-P177797,GE,100
44000-P149998,GE,100
44000-P169913,GE,100
44000-P155553,GE,100
44000-P149991,GE,100
44000-P156444,GE,100
44000-P163285,GM,100
44000-P173150,GM,100
44000-P510637,GM,100
44000-P164545,GM,100
44000-P177748,GM,100
44000-P502012,GM,100
44000-P133664,GH,100
44000-P181148,GH,100
44000-P180718,GH,100
44000-P157343,GH,100
44000-P168566,ET,100
44000-P169079,ET,100
44000-P181591,ET,100
44000-P174063,GN,100
44000-P151794,GN,100
44000-P156629,GN,100
44000-P166322,GN,100
44000-P161796,GN,100
44000-P175979,GT,100
44000-P131763,GT,100
44000-P133738,GT,100
44000-P159710,GT,100
44000-P160667,GT,100
44000-P505784,GT,100
44000-P173698,GT,100
44000-P165425,GY,100
44000-P180216,GY,100
44000-P500567,GW,100
44000-P127665,HR,100
44000-P173996,HR,100
44000-P512660,HR,100
44000-P179909,HN,100
44000-P172567,HN,100
44000-P151803,HN,100
44000-P155920,HN,100
44000-P177001,HN,100
44000-P171474,HT,100
44000-P162452,HT,100
44000-P161167,IQ,100
44000-P155962,IQ,100
44000-P145995,JM,100
44000-P507259,JM,100
44000-P170223,JM,100
44000-P163586,JM,100
44000-P174531,JM,100
44000-P151448,JM,100
44000-P154299,JO,100
44000-P160236,JO,100
44000-P166360,JO,100
44000-P168130,JO,100
44000-P505118,JO,100
44000-P507382,JO,100
44000-P130048,ID,100
44000-P154291,ID,100
44000-P158140,ID,100
44000-P161475,ID,100
44000-P163973,ID,100
44000-P167297,ID,100
44000-P170940,ID,100
44000-P172439,ID,100
44000-P173232,ID,100
44000-P173233,ID,100
44000-P175742,ID,100
44000-P177726,ID,100
44000-P500689,ID,100
44000-P508323,ID,100
44000-P152440,KG,100
44000-P163983,KG,100
44000-P148099,KG,100
44000-P126274,KG,100
44000-P126034,KG,100
44000-P508608,KG,100
44000-P180749,KH,100
44000-P179019,KH,100
44000-P176756,KH,100
44000-P144602,KI,100
44000-P149888,KI,100
44000-P155540,KI,100
44000-P161794,KI,100
44000-P167263,KI,100
44000-P169179,KI,100
44000-P177794,KI,100
44000-P511822,KI,100
44000-P181269,KM,100
44000-P179763,KM,100
44000-P131688,KM,100
44000-P174260,KM,100
44000-P150924,KM,100
44000-P508695,KZ,100
44000-P154702,KZ,100
44000-P178303,KZ,100
44000-P174367,KZ,100
44000-P159956,LA,100
44000-P166839,LA,100
44000-P161562,KE,100
44000-P168204,KE,100
44000-P172321,KE,100
44000-P175251,KE,100
44000-P176903,KE,100
44000-P180339,KE,100
44000-P500912,KE,100
44000-P179539,LC,100
44000-P174346,LC,100
44000-P181432,LC,100
44000-P147454,LK,100
44000-P180549,LK,100
44000-P157804,LK,100
DE-1-201468453,CO,100
DE-1-201468461,CO,100
44000-P179808,LK,100
DE-1-201468479,CO,100
DE-1-201468487,CO,100
44000-P124041,IN,100
44000-P157224,IN,100
44000-P159669,IN,100
44000-P167246,IN,100
44000-P169907,IN,100
44000-P172732,IN,100
44000-P173943,IN,100
44000-P174027,IN,100
44000-P174292,IN,100
44000-P176447,IN,100
44000-P177985,IN,100
44000-P178329,IN,100
44000-P181032,IN,100
44000-P181195,IN,100
44000-P162111,LR,100
44000-P168218,LR,100
44000-P175570,LR,100
44000-P176993,LR,100
44000-P180050,LR,100
44000-P502565,LR,100
44000-P178646,ME,100
44000-P176937,MA,100
44000-P130903,MA,100
44000-P127038,MA,100
44000-P120566,MA,100
44000-P174004,MA,100
44000-P168587,MA,100
44000-P144185,MA,100
44000-P174005,MA,100
44000-P127955,MA,100
44000-P127956,MA,100
44000-P171587,MA,100
44000-P513503,MA,100
44000-P127822,MA,100
44000-P507248,MA,100
44000-P148642,MA,100
44000-P147257,MA,100
44000-P178382,MA,100
44000-P168580,MA,100
44000-P149747,MA,100
44000-P504373,MH,100
44000-P180587,MK,100
44000-P171851,MK,100
44000-P126038,MK,100
44000-P130847,MK,100
44000-P507576,MD,100
44000-P149555,MD,100
44000-P181479,MD,100
44000-P175640,MD,100
44000-P179086,MD,100
44000-P143283,MD,100
44000-P156963,MD,100
44000-P513997,MD,100
44000-P145275,ML,100
44000-P161619,ML,100
44000-P167547,ML,100
44000-P150503,MG,100
44000-P153084,MG,100
44000-P160866,MG,100
44000-P162279,MG,100
44000-P164137,MG,100
44000-P166425,MG,100
44000-P166752,MG,100
44000-P167941,MG,100
44000-P168697,MG,100
44000-P174388,MG,100
44000-P180288,MG,100
44000-P509948,MG,100
44000-P125694,MU,100
44000-P126903,MU,100
44000-P128140,MU,100
44000-P132510,MU,100
44000-P167485,MN,100
44000-P163939,MV,100
44000-P163966,MV,100
44000-P160592,MR,100
44000-P163057,MR,100
44000-P167348,MR,100
44000-P171238,MR,100
44000-P171585,MR,100
44000-P174155,MR,100
44000-P179263,MR,100
44000-P511001,MR,100
44000-P126297,MX,100
44000-P147244,MX,100
44000-P167674,MX,100
44000-P172863,MX,100
44000-P174000,MX,100
44000-P174150,MX,100
44000-P178224,MX,100
44000-P180496,MX,100
44000-P503988,MX,100
DE-1-201667484,CO,100
44000-P153753,MW,100
DE-1-201667492,CO,100
44000-P165056,MW,100
44000-P175072,MW,100
44000-P125272,NE,100
44000-P132757,NE,100
44000-P145251,NE,100
44000-P151487,NE,100
44000-P159969,NE,100
44000-P163318,NE,100
44000-P166124,NE,100
44000-P169830,NE,100
44000-P173113,NE,100
44000-P175256,NE,100
44000-P178423,NE,100
44000-P129489,MZ,100
44000-P131212,MZ,100
44000-P146398,MZ,100
44000-P176762,MZ,100
44000-P133687,MZ,100
44000-P178668,MZ,100
44000-P154422,MZ,100
44000-P146537,MZ,100
44000-P128434,MZ,100
44000-P146930,MZ,100
44000-P174152,MZ,100
44000-P166159,PA,100
44000-P508348,PA,100
44000-P181306,PA,100
44000-P151804,PA,100
44000-P122738,PA,100
44000-P127332,PA,100
44000-P175930,PA,100
44000-P179817,PA,100
44000-P146942,PA,100
44000-P174107,PA,100
44000-P174191,PA,100
44000-P501661,NG,100
44000-P130012,NG,100
44000-P123353,NG,100
44000-P123352,NG,100
44000-P151480,NG,100
44000-P177776,NP,100
44000-P159547,NP,100
44000-P170248,NP,100
44000-P173044,NP,100
44000-P176881,NP,100
44000-P178531,NP,100
44000-P173982,NP,100
44000-P168869,NP,100
44000-P176498,NP,100
44000-P181344,NP,100
44000-P178687,NP,100
44000-P166788,NP,100
44000-P170477,PE,100
44000-P174440,PE,100
44000-P101177,PE,100
44000-P101471,PE,100
44000-P120860,PE,100
44000-P131028,PE,100
44000-P149831,PE,100
44000-P154981,PE,100
44000-P156858,PE,100
44000-P176387,PE,100
44000-P177765,PE,100
44000-P178591,PE,100
44000-P179214,PE,100
44000-P180554,PE,100
44000-P181263,PE,100
44000-P506131,PE,100
44000-P127433,PL,100
44000-P146243,PL,100
44000-P130459,PL,100
44000-P151007,PY,100
44000-P169505,PY,100
44000-P178285,PY,100
44000-P508227,PY,100
44000-P165717,PG,100
44000-P174347,PG,100
44000-P507527,PG,100
44000-P130051,RO,100
44000-P148957,RO,100
44000-P149776,RO,100
44000-P166303,RO,100
44000-P178912,RO,100
44000-P179297,RO,100
44000-P181517,RO,100
44000-P502111,RO,100
44000-P513191,RO,100
44000-P127408,RS,100
44000-P149750,RS,100
44000-P155694,RS,100
44000-P157489,RS,100
44000-P161184,RS,100
44000-P164575,RS,100
44000-P177410,RS,100
44000-P178115,RS,100
44000-P125943,PH,100
44000-P126580,PH,100
44000-P147803,PH,100
44000-P155656,PH,100
44000-P167651,PH,100
44000-P170052,PH,100
44000-P170914,PH,100
44000-P171440,PH,100
44000-P174120,PH,100
44000-P175008,PH,100
44000-P175360,PH,100
44000-P176891,PH,100
44000-P177125,PH,100
44000-P178634,PH,100
44000-P179361,PH,100
44000-P180336,PH,100
44000-P180585,PH,100
44000-P181127,PH,100
44000-P181389,PH,100
44000-P507528,PH,100
44000-P506960,SC,100
44000-P148861,SC,100
44000-P125202,SC,100
44000-P178209,SC,100
44000-P178210,SC,100
44000-P174198,SC,100
44000-P153269,SC,100
44000-P513769,SC,100
44000-P176420,SC,100
44000-P175139,SD,100
44000-P149886,SB,100
44000-P167465,SB,100
44000-P172454,SB,100
44000-P178676,SB,100
44000-P511758,SB,100
44000-P133107,SL,100
44000-P146726,SL,100
44000-P168259,SL,100
44000-P169498,SL,100
44000-P175342,SL,100
44000-P178321,SL,100
44000-P178322,SL,100
44000-P503960,SL,100
44000-P178113,RW,100
44000-P180196,RW,100
44000-P181603,RW,100
44000-P146452,RW,100
44000-P151279,RW,100
44000-P155024,RW,100
44000-P158698,RW,100
44000-P162671,RW,100
44000-P166458,RW,100
44000-P169040,RW,100
44000-P171554,RW,100
44000-P173680,RW,100
44000-P505244,RW,100
44000-P513028,RW,100
44000-P171570,SO,100
44000-P174889,SO,100
44000-P179307,SO,100
44000-P501988,SO,100
44000-P506857,SO,100
44000-P509222,SO,100
44000-P174275,ST,100
44000-P159010,ST,100
44000-P508911,ST,100
44000-P168335,ST,100
44000-P174274,ST,100
44000-P164321,ST,100
44000-P508225,SZ,100
44000-P174447,SZ,100
44000-P175317,SZ,100
44000-P126470,SN,100
44000-P128284,SN,100
44000-P159023,SN,100
44000-P164525,SN,100
44000-P170366,SN,100
44000-P172723,SN,100
44000-P175293,SN,100
44000-P152021,PK,100
44000-P172648,PK,100
44000-P147557,PK,100
44000-P161136,PK,100
44000-P128258,PK,100
44000-P157207,PK,100
44000-P174553,PK,100
44000-P172628,PK,100
44000-P509413,SV,100
44000-P171850,PK,100
44000-P170568,PK,100
44000-P155480,TD,100
44000-P168606,TD,100
44000-P163968,TD,100
44000-P172023,TG,100
44000-P174376,TG,100
44000-P181238,TG,100
44000-P166739,TG,100
44000-P510580,TG,100
44000-P179294,TG,100
44000-P132208,TG,100
44000-P169867,TG,100
44000-P144601,TO,100
44000-P149963,TO,100
44000-P159263,TO,100
44000-P171071,TO,100
44000-P172742,TO,100
44000-P174683,TO,100
44000-P179813,TO,100
44000-P509760,TO,100
44000-P173324,TN,100
44000-P158111,TN,100
44000-P132709,TN,100
44000-P150950,TN,100
44000-P161483,TN,100
44000-P128251,TN,100
44000-P170558,TV,100
44000-P179820,TV,100
44000-P172614,TV,100
44000-P155066,TV,100
44000-P145488,TV,100
44000-P506356,TV,100
44000-P150194,TV,100
44000-P177930,TJ,100
44000-P501015,TJ,100
44000-P150313,UA,100
44000-P506463,UA,100
44000-P177931,UA,100
44000-P502032,UA,100
44000-P150677,UA,100
44000-P181023,UA,100
44000-P172597,UA,100
44000-P131440,UY,100
44000-P172796,UY,100
44000-P179367,UY,100
44000-P133798,TZ,100
44000-P110836,TZ,100
44000-P180504,TZ,100
44000-P143645,TZ,100
44000-P178156,TZ,100
44000-P120536,TZ,100
44000-P145254,TZ,100
44000-P507912,TZ,100
44000-P150009,TZ,100
44000-P507760,VC,100
44000-P169956,VC,100
44000-P146322,TR,100
44000-P162071,TR,100
44000-P127787,TR,100
44000-P168749,VU,100
44000-P176930,VU,100
44000-P506285,VU,100
44000-P155118,WS,100
44000-P165928,WS,100
44000-P149770,WS,100
44000-P171764,WS,100
44000-P174498,WS,100
44000-P180120,WS,100
44000-P173906,UG,100
44000-P170113,XK,100
44000-P179944,XK,100
44000-P174246,ZA,100
44000-P179077,ZA,100
44000-P507031,ZA,100
PS-TIN-888005972-SO5,PS,100
PS-TIN-888005972-SO3,PS,100
PS-TIN-888005972-SO4,PS,100
PS-TIN-888005972-SO1,PS,100
PS-TIN-888005972-SO2,PS,100
44000-P179007,UZ,100
44000-P168280,UZ,100
44000-P166019,UZ,100
44000-P171751,UZ,100
44000-P176353,UZ,100
44000-P511920,UZ,100
44000-P180470,UZ,100
44000-P501037,UZ,100
BJ-IFU-6200801257400-RSG0123375-29295,BJ,100
44000-P174911,ZM,100
44000-P181011,ZM,100
44000-P507116,ZM,100
44000-P507962,ZM,100
44000-P122667,VN,100
44000-P122793,VN,100
44000-P124174,VN,100
44000-P127201,VN,100
44000-P131775,VN,100
44000-P144675,VN,100
44000-P146095,VN,100
44000-P155824,VN,100
44000-P157405,VN,100
44000-P160480,VN,100
44000-P171006,VN,100
44000-P171216,VN,100
44000-P176717,VN,100
44000-P181146,VN,100
46002-P-ML-K00-011,ML,0
46002-P-ML-K00-014,ML,0
46002-P-ML-K00-015,ML,0
46002-P-ML-K00-018,ML,0
46002-P-ML-K00-020,ML,0
46002-P-ML-KA0-001,ML,0
46002-P-ML-KA0-003,ML,0
46002-P-ML-KA0-006,ML,0
46002-P-NA-KA0-002,NA,0
46002-P-NA-K00-007,NA,0
46002-P-NA-KA0-004,NA,0
46002-P-NA-K00-004,NA,0
46002-P-NA-K00-005,NA,0
46002-P-MZ-K00-001,MZ,0
46002-P-MZ-K00-002,MZ,0
46002-P-MZ-K00-004,MZ,0
46002-P-MZ-K00-007,MZ,0
46002-P-MZ-K00-009,MZ,0
46002-P-MZ-K00-010,MZ,0
46002-P-MZ-K00-011,MZ,0
46002-P-MZ-K00-012,MZ,0
46002-P-MZ-AA0-041,MZ,0
46002-P-MZ-KA0-007,MZ,0
46002-P-MZ-AA0-045,MZ,0
46002-P-NE-KA0-015,NE,0
46002-P-NE-KA0-013,NE,0
46002-P-NE-KA0-012,NE,0
46002-P-NE-KA0-011,NE,0
46002-P-NE-K00-007,NE,0
46002-P-NE-KA0-006,NE,0
46002-P-NE-KA0-008,NE,0
46002-P-NE-KA0-010,NE,0
46002-P-NE-A00-012,NE,0
46002-P-NE-KA0-014,NE,0
46002-P-MA-K00-014,MA,0
46002-P-MA-AA0-011,MA,0
46002-P-MA-AA0-003,MA,0
46002-P-MA-I00-006,MA,0
46002-P-MA-HAZ-002,MA,0
46002-P-MA-IBD-011,MA,0
46002-P-MA-HA0-001,MA,0
46002-P-MA-A00-002,MA,0
46002-P-MA-H00-001,MA,0
46002-P-MA-DZ0-002,MA,0
46002-P-MA-E00-004,MA,0
46002-P-MA-GB0-002,MA,0
46002-P-MA-GB0-003,MA,0
46002-P-MA-H00-004,MA,0
46002-P-MA-HZ0-003,MA,0
46002-P-MA-HZ0-006,MA,0
46002-P-MA-HZ0-011,MA,0
46002-P-MA-IAZ-003,MA,0
46002-P-MA-IAZ-004,MA,0
46002-P-MA-IBD-001,MA,0
46002-P-MA-IBD-008,MA,0
46002-P-MA-IBD-010,MA,0
46002-P-MA-K00-002,MA,0
46002-P-MA-K00-003,MA,0
46002-P-MA-K00-004,MA,0
46002-P-MA-K00-005,MA,0
46002-P-MA-K00-006,MA,0
46002-P-MA-K00-010,MA,0
46002-P-MA-A00-003,MA,0
46002-P-MA-K00-013,MA,0
46002-P-MA-K00-019,MA,0
46002-P-MA-K00-021,MA,0
46002-P-MA-I00-010,MA,0
46002-P-MA-I00-016,MA,0
46002-P-MA-H00-020,MA,0
46002-P-MA-I00-012,MA,0
46002-P-MA-AA0-023,MA,0
46002-P-MA-IBD-012,MA,0
46002-P-MA-IA0-008,MA,0
46002-P-MA-IAD-003,MA,0
46002-P-MA-K00-023,MA,0
46002-P-MA-K00-028,MA,0
46002-P-MA-AA0-024,MA,0
46002-P-MA-IAZ-009,MA,0
46002-P-NG-KA0-002,NG,0
DE-1-200570218,GH,100
DE-1-201265420,GH,100
46002-P-NG-FA0-002,NG,0
46002-P-NG-K00-005,NG,0
46002-P-NG-KA0-006,NG,0
46002-P-NG-AAG-016,NG,0
46002-P-NG-K00-012,NG,0
46002-P-NG-K00-013,NG,0
46002-P-RW-FA0-008,RW,0
46002-P-RW-FA0-016,RW,0
46002-P-RW-IZ0-004,RW,0
46002-P-RW-IZ0-006,RW,0
46002-P-RW-AAE-004,RW,0
46002-P-RW-IZ0-002,RW,0
46002-P-RW-IZ0-003,RW,0
46002-P-RW-K00-006,RW,0
46002-P-RW-K00-013,RW,0
46002-P-RW-E00-013,RW,0
46002-P-RW-F00-009,RW,0
46002-P-ST-K00-012,ST,0
46002-P-ST-K00-015,ST,0
46002-P-ST-K00-013,ST,0
46002-P-ST-K00-014,ST,0
46002-P-ST-K00-017,ST,0
DE-1-201767805,JO,100
DE-1-201770114,JO,100
