iatiidentifier,budget_orig,n_budget_lines,budget_ccy
44000-P101177,-248265705.46,100,USD
44000-P101471,25478167.96,100,USD
44000-P110836,-127233478.16,4,USD
44000-P111926,23994277.780000005,102,USD
44000-P112346,115372502.37999998,100,USD
44000-P120536,-151652121.42,4,USD
44000-P120566,-109850185.26,4,USD
44000-P120860,0,98,USD
44000-P122667,-51726041.3,100,USD
44000-P122738,18441603.18,4,USD
44000-P122793,-201931923.28,4,USD
44000-P123352,-236656431.2,4,USD
44000-P123353,-122311123.14,4,USD
44000-P124041,-22809395.92,4,USD
44000-P124174,-112828014.14,100,USD
44000-P125202,-6713708.32,4,USD
44000-P125272,-83132311.62,4,USD
44000-P125694,-2280134.96,4,USD
44000-P125943,-353112247.64,100,USD
44000-P126034,-48033464.46,4,USD
44000-P126038,-39043473.12,4,USD
44000-P126274,-46768246.14,4,USD
44000-P126297,117996604.42,4,USD
44000-P126351,-557813633.84,4,USD
44000-P126470,-52812923.88,4,USD
44000-P126580,-1745166972.5,4,USD
44000-P126583,-431448750,220,USD
44000-P126749,-135751580.56,4,USD
44000-P126903,-5512777.46,4,USD
44000-P127038,-194799077.82,4,USD
44000-P127201,-52888861.14,4,USD
44000-P127332,-12722631.4,4,USD
44000-P127408,-114541236.82,100,USD
44000-P127411,-27295375.9,4,USD
44000-P127433,-853506449.54,4,USD
44000-P127449,-89150618.86,4,USD
44000-P127665,-341713910.64,100,USD
44000-P127754,-56029284.86,4,USD
44000-P127787,-711630403.78,4,USD
44000-P127822,-235920770.92,100,USD
44000-P127955,-162438123.86,100,USD
44000-P127956,-400401191.36,4,USD
44000-P128140,321648.5,4,USD
44000-P128251,-577813022.1,4,USD
44000-P128258,-725465190.62,4,USD
44000-P128284,-93870916.18,4,USD
44000-P128434,-83844518.94,4,USD
44000-P129489,-84922735.56,4,USD
44000-P129597,-40417428.74,4,USD
44000-P129652,-78406800.56,4,USD
44000-P130012,-175990690.98,4,USD
44000-P130048,501326510.78,4,USD
44000-P130051,-1787321738.82,4,USD
44000-P130459,-1098967860.74,4,USD
44000-P130847,-42995938.7,100,USD
44000-P130903,-270573461.52,4,USD
44000-P130972,-216060166.68,4,USD
44000-P131028,6471366.74,4,USD
44000-P131212,-195710999.68,4,USD
44000-P131440,61160407.92,100,USD
44000-P131688,-7703900,100,USD
44000-P131763,-86528536.5,100,USD
44000-P131775,-58121359.56,4,USD
44000-P132208,-23505230.2,4,USD
44000-P132510,-7898397.42,4,USD
44000-P132709,-332011787.42,4,USD
44000-P132757,-86273360.7,4,USD
44000-P132768,-397776652.68,4,USD
44000-P132786,-35538246,4,USD
44000-P133107,-181256,100,USD
44000-P133664,-186936395.08,4,USD
44000-P133687,-41571602.94,4,USD
44000-P133738,-349417279.6,100,USD
44000-P133798,-154780961.34,4,USD
44000-P143040,-92597889.78,4,USD
44000-P143060,-52529161.06,4,USD
44000-P143283,-34480564.42,4,USD
44000-P143645,-168931983.28,4,USD
44000-P143781,-104452750.18,4,USD
44000-P144185,-118757661.3,4,USD
44000-P144601,-9839963.58,4,USD
44000-P144602,-10558687.78,4,USD
44000-P144675,-182292020.62,100,USD
44000-P145251,-139941092.1,4,USD
44000-P145254,-178258956.3,4,USD
44000-P145275,-97859870.36,4,USD
44000-P145488,-6166840,4,USD
44000-P145605,-812877666.7,4,USD
44000-P145766,-1033206611.16,4,USD
44000-P145995,-102999598.04,4,USD
44000-P146095,-207310722.44,4,USD
44000-P146243,-1224970690.2,4,USD
44000-P146280,-116128588.48,4,USD
44000-P146322,-431534016.44,4,USD
44000-P146398,-83078225.6,100,USD
44000-P146452,-131160251.76,4,USD
44000-P146537,-190336140.8,4,USD
44000-P146640,-187793668.88,4,USD
44000-P146665,-31153017.78,4,USD
44000-P146726,-59860304,4,USD
44000-P146740,-62601652.36,100,USD
44000-P146930,-73995448.54,4,USD
44000-P146942,-42190450.72,4,USD
44000-P146981,-113533085.72,4,USD
44000-P147015,-18287904.86,4,USD
44000-P147152,-26576143.42,4,USD
44000-P147226,-141192372.92,4,USD
44000-P147244,74781626.04,100,USD
44000-P147257,-398167515.62,4,USD
44000-P147454,-48342262.82,4,USD
44000-P147557,-483404017,4,USD
44000-P147695,-493657801,4,USD
44000-P147803,-314058966.86,4,USD
44000-P147806,-24494424.26,4,USD
44000-P147913,-166604305.66,4,USD
44000-P147979,-151900585.46,4,USD
44000-P147984,-339184979.08,4,USD
44000-P148083,-272214972.34,4,USD
44000-P148099,-41387390.46,4,USD
44000-P148642,-126663341.28,4,USD
44000-P148861,-11577663.58,148,USD
44000-P148957,-1212207740.62,100,USD
44000-P149555,-56892513.96,4,USD
44000-P149609,-1012962611.48,4,USD
44000-P149747,-265868658.34,4,USD
44000-P149750,-161442204.7,4,USD
44000-P149768,-137271936.5,4,USD
44000-P149770,-13853084,4,USD
44000-P149776,-885240014.48,4,USD
44000-P149831,568879942.34,4,USD
44000-P149886,-9161988,4,USD
44000-P149888,-27756940,4,USD
44000-P149963,-29408182.3,4,USD
44000-P149991,-73461062.58,4,USD
44000-P149998,-73465185.58,4,USD
44000-P150009,-125442332.88,4,USD
44000-P150194,-15209067.84,4,USD
44000-P150313,-256146572.42,4,USD
44000-P150475,-1220917598.42,4,USD
44000-P150503,-67319429.08,100,USD
44000-P150677,-180867197.54,4,USD
44000-P150751,-228688926.14,4,USD
44000-P150924,-6178243.86,4,USD
44000-P150941,-47605032,4,USD
44000-P150950,-746510992.66,4,USD
44000-P151007,-97502395.26,4,USD
44000-P151275,-174017071.64,4,USD
44000-P151279,-99767428.44,4,USD
44000-P151448,-79186118.36,4,USD
44000-P151480,-89973526.4,4,USD
44000-P151487,-120528714.64,4,USD
44000-P151794,-93546120.34,4,USD
44000-P151803,-54113423.6,4,USD
44000-P151804,-128516052.5,4,USD
44000-P151821,-23882750.06,4,USD
44000-P152021,-610415446.38,100,USD
44000-P152064,-110488043.38,4,USD
44000-P152440,-40499850.76,4,USD
44000-P153084,-86315436.34,4,USD
44000-P153203,-121732474.74,4,USD
44000-P153234,-63329986.56,4,USD
44000-P153243,-576391730.56,4,USD
44000-P153269,-6995266.92,4,USD
44000-P153753,-143657654.62,4,USD
44000-P154213,-129607233.2,4,USD
44000-P154291,-389297540.34,4,USD
44000-P154299,-221850710.02,4,USD
44000-P154422,-124650258.14,4,USD
44000-P154702,-568973758.72,4,USD
44000-P154821,-943518556.62,4,USD
44000-P154981,-462219194.28,114,USD
44000-P155024,-148570031.5,4,USD
44000-P155066,-6897687.42,4,USD
44000-P155118,-9524672.4,4,USD
44000-P155259,-134538333.28,4,USD
44000-P155425,-72039813.86,4,USD
44000-P155480,-415768098,4,USD
44000-P155540,-4149630,4,USD
44000-P155553,-88808086.08,4,USD
44000-P155605,-91094227.2,4,USD
44000-P155656,-676498772.22,4,USD
44000-P155694,-341921726.46,4,USD
44000-P155824,-90042147.04,4,USD
44000-P155920,-55064312.28,4,USD
44000-P155962,-659257876.32,4,USD
44000-P156444,-88466832.92,4,USD
44000-P156629,-63850311.64,4,USD
44000-P156761,-16886866.04,4,USD
44000-P156858,-305009328.12,114,USD
44000-P156963,-47178702.54,4,USD
44000-P157060,-174384414.66,4,USD
44000-P157207,-651732460.66,4,USD
44000-P157224,-237800036.78,4,USD
44000-P157343,-295876309.2,4,USD
44000-P157404,-263664927.42,4,USD
44000-P157405,-165958001.54,4,USD
44000-P157406,114198122.46,4,USD
44000-P157469,-32415931.56,4,USD
44000-P157489,-125846113.36,100,USD
44000-P157804,-111680085.16,4,USD
44000-P158111,-869898967.94,4,USD
44000-P158140,-451368659.76,4,USD
44000-P158463,-106300056.06,4,USD
44000-P158520,-1254552228.6,4,USD
44000-P158698,-150184934.46,4,USD
44000-P158739,-1239021817.14,4,USD
44000-P159010,-9679176,4,USD
44000-P159023,-111363888.4,4,USD
44000-P159263,-11131280,36,USD
44000-P159351,-216691504.98,76,USD
44000-P159508,-241573433.34,4,USD
44000-P159547,-179503490.94,4,USD
44000-P159669,-253585397.16,4,USD
44000-P159710,-283942619.72,62,USD
44000-P159774,-43539747.42,4,USD
44000-P159956,-55873422.9,4,USD
44000-P159969,-101213050.98,4,USD
44000-P160236,-220362378.62,4,USD
44000-P160480,-154184043.44,4,USD
44000-P160544,-205623480,4,USD
44000-P160592,-50826900,4,USD
44000-P160594,2879263.2399999984,116,USD
44000-P160628,-17051127.78,4,USD
44000-P160667,-240290215.26,90,USD
44000-P160866,-124659660,4,USD
44000-P161136,-390299288.6,4,USD
44000-P161167,-1021763877.34,4,USD
44000-P161184,-309826606.82,6,USD
44000-P161475,-269309559.78,4,USD
44000-P161483,-856023894.44,4,USD
44000-P161562,-297446766.76,84,USD
44000-P161619,-107998987.66,4,USD
44000-P161642,-754792909.68,100,USD
44000-P161794,-10193349.24,4,USD
44000-P161796,-104694140.5,4,USD
44000-P162071,-218837479.98,4,USD
44000-P162111,-41394988,4,USD
44000-P162279,-90640660,4,USD
44000-P162452,-39904150,4,USD
44000-P162671,-216845825.28,4,USD
44000-P162858,-1196898855,30,USD
44000-P163057,-52664784,4,USD
44000-P163283,-143776587.66,4,USD
44000-P163284,-193786117.76,4,USD
44000-P163285,-104973981.04,4,USD
44000-P163318,-226901247.34,4,USD
44000-P163586,-66795662.5,4,USD
44000-P163657,-307827656.84,4,USD
44000-P163939,-19602552.58,58,USD
44000-P163966,-39225419.34,32,USD
44000-P163968,-132623660,4,USD
44000-P163973,-296461606.78,4,USD
44000-P163983,-43213037.5,4,USD
44000-P164079,-1305998397.8,6,USD
44000-P164137,-90322936,4,USD
44000-P164201,-317606212.34,4,USD
44000-P164289,2936750,154,USD
44000-P164321,-10232942,22,USD
44000-P164442,759702,154,USD
44000-P164525,-324227225.62,4,USD
44000-P164545,-61743984,4,USD
44000-P164575,-152088700.86,4,USD
44000-P164588,-223414820.56,4,USD
44000-P164882,-175157304,4,USD
44000-P165056,-139490978,100,USD
44000-P165425,-2572551.9799999967,148,USD
44000-P165631,-75252769.36,4,USD
44000-P165717,-224926011.82,4,USD
44000-P165928,-27254703.8,4,USD
44000-P166019,-189750000.01999998,178,USD
44000-P166115,-26392613.14,4,USD
44000-P166124,-206967530.86,4,USD
44000-P166159,-82761162.42,4,USD
44000-P166298,-180124943.3,4,USD
44000-P166303,-694861999.32,84,USD
44000-P166322,-171524089.64,24,USD
44000-P166360,-25138943,164,USD
44000-P166388,-163851417.86,4,USD
44000-P166425,-118246548,4,USD
44000-P166458,-86867417.13999999,162,USD
44000-P166564,-320104402.98,154,USD
44000-P166694,-146171801.06,148,USD
44000-P166739,-79265457.94,4,USD
44000-P166752,-197441296,38,USD
44000-P166788,-94433974.82,4,USD
44000-P166839,-64439362.88,36,USD
44000-P167190,-391473566.78,4,USD
44000-P167246,-36014320.74,44,USD
44000-P167263,-9978339.3,48,USD
44000-P167297,-1653142338.98,4,USD
44000-P167348,-99436728,4,USD
44000-P167465,-30375315.4,38,USD
44000-P167485,-156721431.24,28,USD
44000-P167547,-472896612.04,22,USD
44000-P167651,-658386986.08,4,USD
44000-P167674,-591487166.66,30,USD
44000-P167748,-36298866.18,22,USD
44000-P167889,-635881412.48,4,USD
44000-P167941,38118084.46,48,USD
44000-P168035,-183654905.2,146,USD
44000-P168130,1297001219.76,162,USD
44000-P168166,-57362366.92,4,USD
44000-P168204,-1212132552.46,32,USD
44000-P168218,-77952039.58,4,USD
44000-P168259,-79341548,4,USD
44000-P168280,-1301879890.02,34,USD
44000-P168332,-189228379.12,16,USD
44000-P168335,-20451834,4,USD
44000-P168336,-1069057809.24,18,USD
44000-P168402,-15736576.299999997,154,USD
44000-P168446,-199477048,28,USD
44000-P168474,-102539480.72,30,USD
44000-P168566,-2265777264.68,4,USD
44000-P168580,-396154111.06,48,USD
44000-P168587,-1065561440.2,42,USD
44000-P168606,-200782638,20,USD
44000-P168668,-394146398.82,22,USD
44000-P168697,-197641436.5,30,USD
44000-P168713,1500187500,130,USD
44000-P168724,-429704287.74,4,USD
44000-P168725,-378149878.64,124,USD
44000-P168749,148380,156,USD
44000-P168869,-182456825.3,4,USD
44000-P169040,-625330782.94,50,USD
44000-P169079,-1961498714.22,16,USD
44000-P169179,-10038528,4,USD
44000-P169498,-203110968,10,USD
44000-P169505,-280710183.48,42,USD
44000-P169524,-85974714.14,24,USD
44000-P169624,-89395257.98,4,USD
44000-P169822,-165618318.79999995,162,USD
44000-P169828,-357690698.6,4,USD
44000-P169830,-679756989.08,22,USD
44000-P169867,-293354018.8,22,USD
44000-P169907,-347662484.4,54,USD
44000-P169913,-283902853.4,4,USD
44000-P169956,-266187221.36,36,USD
44000-P169983,-736628261.48,4,USD
44000-P170052,-593790951.74,36,USD
44000-P170113,-103636108.88,4,USD
44000-P170223,-104285566.3,4,USD
44000-P170248,-193877268.2,4,USD
44000-P170366,-737523710.54,42,USD
44000-P170477,-55282660.58,36,USD
44000-P170558,-27784787.9,48,USD
44000-P170568,-867900647.78,4,USD
44000-P170728,-665196666.24,44,USD
44000-P170914,-830399536.94,24,USD
44000-P170934,-294305005.88,4,USD
44000-P170940,-1534175948.56,32,USD
44000-P171006,-146072370.02,4,USD
44000-P171071,-11294680,38,USD
44000-P171080,-49428592.96,4,USD
44000-P171190,-836591666.66,4,USD
44000-P171216,200000000,4,USD
44000-P171238,-55818156,162,USD
44000-P171311,-556735919.56,4,USD
44000-P171440,-741719412.52,4,USD
44000-P171465,814133.3400000036,140,USD
44000-P171474,0,2,USD
44000-P171554,-298980588.46,24,USD
44000-P171570,-996217041.52,38,USD
44000-P171585,-60141762,4,USD
44000-P171587,-990865140.68,36,USD
44000-P171751,-736454344.08,4,USD
44000-P171764,-50181570,4,USD
44000-P171780,-76249111.26,4,USD
44000-P171850,-819039581.52,4,USD
44000-P171851,13757358.319999993,146,USD
44000-P171912,-405295876.64,30,USD
44000-P172023,-186077966.9,4,USD
44000-P172211,-152070112,146,USD
44000-P172321,-1572350566.52,32,USD
44000-P172439,-1263966882.1,4,USD
44000-P172454,-88335512.86,4,USD
44000-P172455,-218259320,4,USD
44000-P172567,-189041829.16,40,USD
44000-P172597,-515121497.98,4,USD
44000-P172614,-15129072,4,USD
44000-P172628,-723641893.48,4,USD
44000-P172648,-677239444.28,4,USD
44000-P172723,-534718872.26,4,USD
44000-P172732,-254062569.8,38,USD
44000-P172742,-115629874,4,USD
44000-P172749,-203759117.08,24,USD
44000-P172796,-459941857.54,36,USD
44000-P172863,-1444375963.92,4,USD
44000-P173008,-28811723.82,4,USD
44000-P173044,-406072960.52,4,USD
44000-P173113,-513824345.22,32,USD
44000-P173150,-120227374,4,USD
44000-P173232,-633028774.32,4,USD
44000-P173233,-1710597078.86,4,USD
44000-P173324,-347048470.92,36,USD
44000-P173424,-733362128.14,30,USD
44000-P173529,-352368599.86,4,USD
44000-P173558,-249897845.68,18,USD
44000-P173680,-331970018.7,4,USD
44000-P173698,-562759735.76,4,USD
44000-P173906,-583052780.18,30,USD
44000-P173943,-1107018664.08,4,USD
44000-P173982,-288031707.6,4,USD
44000-P173996,-517691011.1,4,USD
44000-P174000,-1171729581.62,24,USD
44000-P174004,-773134880.78,12,USD
44000-P174005,-833696258.94,4,USD
44000-P174027,-610465649,24,USD
44000-P174063,-161652389.94,34,USD
44000-P174107,-334029089.6,4,USD
44000-P174110,-564426153.58,4,USD
44000-P174115,-689364404.84,26,USD
44000-P174118,-1174264777.36,30,USD
44000-P174120,-739636677.48,32,USD
44000-P174145,-146031008.96,24,USD
44000-P174150,-1186744257.16,4,USD
44000-P174152,-203078070,22,USD
44000-P174155,-143772916,28,USD
44000-P174191,-123846648.78,4,USD
44000-P174198,-25944150.22,30,USD
44000-P174234,-202498704,4,USD
44000-P174246,-1014145893.14,4,USD
44000-P174260,-20739888,4,USD
44000-P174274,-23789601.96,4,USD
44000-P174275,-29718548,4,USD
44000-P174292,-1056181047.92,30,USD
44000-P174315,-199953133.86,4,USD
44000-P174346,-55435000,22,USD
44000-P174347,-180390392.26,4,USD
44000-P174367,-551049236.58,4,USD
44000-P174376,-143714769.92,30,USD
44000-P174388,-150877261.74,26,USD
44000-P174440,-922395795.44,18,USD
44000-P174447,-24152993.16,26,USD
44000-P174498,-27655001.84,4,USD
44000-P174527,-46721250,24,USD
44000-P174531,-216820119.44,4,USD
44000-P174553,-669426881.06,4,USD
44000-P174683,-61355502,4,USD
44000-P174754,-57562480.1,4,USD
44000-P174786,-435346182.7,4,USD
44000-P174889,-195322413,4,USD
44000-P174892,-449563130.72,4,USD
44000-P174911,-503398750,4,USD
44000-P174927,-46243750,18,USD
44000-P175008,-620107408.98,12,USD
44000-P175072,-276937598,4,USD
44000-P175126,-1055843676.42,14,USD
44000-P175139,-2503543575.58,4,USD
44000-P175191,-185064437.7,4,USD
44000-P175249,-214249320,4,USD
44000-P175251,-1272885000,4,USD
44000-P175256,-483740111.58,4,USD
44000-P175293,-601937357.9,4,USD
44000-P175317,-89733264.28,4,USD
44000-P175342,-148356540,4,USD
44000-P175360,-982864732.3,4,USD
44000-P175490,-143915616.32,4,USD
44000-P175492,-155350534.96,4,USD
44000-P175543,-174384969.84,4,USD
44000-P175570,-76726929.26,12,USD
44000-P175640,-264202233.06,4,USD
44000-P175742,-612920314.64,4,USD
44000-P175758,-67407103.68,4,USD
44000-P175801,-736522919.6,4,USD
44000-P175847,-56996450,4,USD
44000-P175874,-641427780.38,4,USD
44000-P175930,-340910605.12,4,USD
44000-P175934,-321464034.92,4,USD
44000-P175979,-466387026.44,4,USD
44000-P176137,-262144800,12,USD
44000-P176148,-110431430.84,4,USD
44000-P176278,-182865490.78,4,USD
44000-P176353,-676314719.54,4,USD
44000-P176387,-392355636.54,12,USD
44000-P176420,-54626568.36,4,USD
44000-P176447,-771640524.62,12,USD
44000-P176498,-193705592.36,4,USD
44000-P176505,-737725419.6,4,USD
44000-P176513,-193707929.56,4,USD
44000-P176650,-458074928.5,4,USD
44000-P176663,-47699500,4,USD
44000-P176717,-381000197.58,4,USD
44000-P176756,-351801461.78,4,USD
44000-P176762,-569767104,4,USD
44000-P176788,-1160973290.82,4,USD
44000-P176810,-261049617.08,4,USD
44000-P176881,-281865649.58,4,USD
44000-P176891,-936433033.92,4,USD
44000-P176903,-1284646174.4,4,USD
44000-P176930,-19111104,4,USD
44000-P176937,-833060127.32,4,USD
44000-P176983,-1227513398.66,4,USD
44000-P176993,-108882176,4,USD
44000-P177001,-172980555.56,4,USD
44000-P177029,-958654426.42,4,USD
44000-P177125,-793842087.1,4,USD
44000-P177410,-299201163.84,4,USD
44000-P177460,-486006840,4,USD
44000-P177632,-584856459.22,4,USD
44000-P177712,-101675160.56,4,USD
44000-P177726,-1313347815.76,4,USD
44000-P177748,-81091570,4,USD
44000-P177765,-793128929.92,4,USD
44000-P177776,-186191320.26,4,USD
44000-P177794,-16334092,4,USD
44000-P177797,-89432309.64,4,USD
44000-P177807,0,4,USD
44000-P177930,-105499680,4,USD
44000-P177931,-2389512681.78,4,USD
44000-P177985,-1199067392.56,4,USD
44000-P178042,-286524700,4,USD
44000-P178064,-848987916.58,4,USD
44000-P178113,-400000000,4,USD
44000-P178115,-358089211.9,4,USD
44000-P178122,316943.24,4,USD
44000-P178156,-903121251.26,4,USD
44000-P178202,-224672306,4,USD
44000-P178209,-40935524.82,4,USD
44000-P178210,-44594371.9,4,USD
44000-P178224,-1110747899.74,4,USD
44000-P178285,-390950306.14,4,USD
44000-P178303,-1068512444.12,4,USD
44000-P178321,-196729632,146,USD
44000-P178322,-132357060,4,USD
44000-P178329,-298633968.26,4,USD
44000-P178382,-942939111.2,4,USD
44000-P178423,-750613500,4,USD
44000-P178481,-970057854.5,4,USD
44000-P178531,-158084843.82,4,USD
44000-P178570,-693903559.98,4,USD
44000-P178591,-1227994785.92,4,USD
44000-P178614,-106155813.84,4,USD
44000-P178634,-1269407185.74,4,USD
44000-P178635,-98933142.18,4,USD
44000-P178636,-816665924.84,146,USD
44000-P178646,-160776964.92,4,USD
44000-P178668,-610028804,4,USD
44000-P178676,-41214730,4,USD
44000-P178687,-198333874.56,4,USD
44000-P178729,-180861191.82,4,USD
44000-P178912,-1103057033.58,4,USD
44000-P178930,-58008733.34,4,USD
44000-P179006,-620543280,4,USD
44000-P179007,-1668829459.9,4,USD
44000-P179019,-548000000,4,USD
44000-P179077,-1518390469.96,148,USD
44000-P179079,-996206036.08,4,USD
44000-P179086,-173788260.82,4,USD
44000-P179112,-163168592.62,4,USD
44000-P179141,-1000000000,4,USD
44000-P179182,-215230762.78,4,USD
44000-P179214,-1323805359.1,4,USD
44000-P179263,-48804840,4,USD
44000-P179265,-50943777.24,4,USD
44000-P179294,-290540640,4,USD
44000-P179297,-1158727668.32,4,USD
44000-P179307,-149367422.8,4,USD
44000-P179361,-1035047233.3,4,USD
44000-P179367,-623226350.08,4,USD
44000-P179512,-843869318.98,4,USD
44000-P179513,-918147620.46,4,USD
44000-P179539,-79426661.62,4,USD
44000-P179763,-38988237.66,4,USD
44000-P179808,-991248768,4,USD
44000-P179813,-10142808,4,USD
44000-P179817,-216731834.52,4,USD
44000-P179820,-14933743.98,4,USD
44000-P179849,-183438386.52,4,USD
44000-P179861,2400000,4,USD
44000-P179909,-540600000,4,USD
44000-P179944,-206931480,4,USD
44000-P180017,-412743019.7,4,USD
44000-P180033,-1659863437.84,4,USD
44000-P180050,-130000000,4,USD
44000-P180093,-155789075.6,4,USD
44000-P180120,-20000850,4,USD
44000-P180196,-250000000,4,USD
44000-P180216,-71495124,4,USD
44000-P180234,-588259930.36,4,USD
44000-P180286,-385969786.6,4,USD
44000-P180288,-179720268,138,USD
44000-P180319,-783322279,156,USD
44000-P180336,-1459424870.26,4,USD
44000-P180339,-1670727591.78,156,USD
44000-P180398,-161891499.64,4,USD
44000-P180439,-964978055.76,4,USD
44000-P180470,-1457140400.72,4,USD
44000-P180496,-1211896725.34,4,USD
44000-P180497,-726459579.76,4,USD
44000-P180504,-1360374854.9,4,USD
44000-P180544,-161481469.82,4,USD
44000-P180549,-387867369.22,4,USD
44000-P180554,7513698.66,4,USD
44000-P180566,-1261093788.72,4,USD
44000-P180585,-973319598.46,4,USD
44000-P180587,-188437090.42,4,USD
44000-P180679,-265556141.24,4,USD
44000-P180718,-565513333.32,4,USD
44000-P180749,-549050129.1,4,USD
44000-P180927,-1360861924.22,4,USD
44000-P181011,-255532032,4,USD
44000-P181023,-2507424362.12,4,USD
44000-P181032,-2225537062.06,140,USD
44000-P181080,-1364822445.88,4,USD
44000-P181127,-1334567398.3,4,USD
44000-P181146,-497918271.44,4,USD
44000-P181148,-711026623.32,4,USD
44000-P181195,-2457069194.32,4,USD
44000-P181238,-371600040,4,USD
44000-P181256,2000000,4,USD
44000-P181263,4582191.8,4,USD
44000-P181269,-39709372,4,USD
44000-P181306,-626958679,4,USD
44000-P181310,-49985366.76,4,USD
44000-P181344,-276937870.74,4,USD
44000-P181372,0,4,USD
44000-P181389,-1525958313.28,4,USD
44000-P181432,0,4,USD
44000-P181457,-281266211.58,4,USD
44000-P181479,-77869027.42,4,USD
44000-P181501,-85991282.22,4,USD
44000-P181517,-1198568744.74,4,USD
44000-P181591,-3019202369.34,4,USD
44000-P181603,0,4,USD
44000-P500536,-41081362,4,USD
44000-P500557,-745484943.54,4,USD
44000-P500567,-21059192,4,USD
44000-P500609,-188295231.52,4,USD
44000-P500614,-525227638.6,4,USD
44000-P500689,-1867629291.4,4,USD
44000-P500912,-2196837726.06,4,USD
44000-P501015,-99682856,4,USD
44000-P501037,-1509725429.14,4,USD
44000-P501661,-2877702400.7,4,USD
44000-P501988,-254218834.8,4,USD
44000-P502012,-57943776,4,USD
44000-P502032,-2620133356.54,4,USD
44000-P502111,-649720998.34,4,USD
44000-P502565,-80000000,4,USD
44000-P503960,-117622604,4,USD
44000-P503988,-1891352573.4,4,USD
44000-P504373,-54967938,4,USD
44000-P504910,-953513524.52,4,USD
44000-P505118,-541946552.06,4,USD
44000-P505235,-717469323.26,4,USD
44000-P505244,-488621466.56,4,USD
44000-P505490,0,4,USD
44000-P505747,-1293095802.26,4,USD
44000-P505784,0,4,USD
44000-P505866,-534641113.92,4,USD
44000-P506131,0,4,USD
44000-P506285,-40107726,4,USD
44000-P506321,-387920598.54,4,USD
44000-P506356,-14334732,4,USD
44000-P506463,-1929491847.42,4,USD
44000-P506857,-247270487.86,4,USD
44000-P506861,0,4,USD
44000-P506960,-28144603.8,4,USD
44000-P507031,-2901643924.48,4,USD
44000-P507116,-49035288,4,USD
44000-P507248,-1305931783.78,4,USD
44000-P507259,-531461350.98,4,USD
44000-P507322,0,4,USD
44000-P507382,-759011580.6,4,USD
44000-P507527,-200196660,4,USD
44000-P507528,0,4,USD
44000-P507576,-190239111.34,4,USD
44000-P507760,0,4,USD
44000-P507861,-1200000000,4,USD
44000-P507912,-206391870,4,USD
44000-P507916,10387.3,4,USD
44000-P507962,-89639568,4,USD
44000-P508114,-50121437.6,4,USD
44000-P508225,-191575402.76,4,USD
44000-P508227,0,4,USD
44000-P508323,-3130101675.44,4,USD
44000-P508347,0,4,USD
44000-P508348,-2116110425.56,4,USD
44000-P508569,0,4,USD
44000-P508608,-203000000,4,USD
44000-P508695,0,4,USD
44000-P508911,-20087994,4,USD
44000-P509222,-41104200,4,USD
44000-P509413,-479193883.64,4,USD
44000-P509552,-2813047223.18,4,USD
44000-P509756,0,4,USD
44000-P509760,-24791858,4,USD
44000-P509816,-49746424,4,USD
44000-P509948,-200000000,4,USD
44000-P510158,2000000,4,USD
44000-P510580,-305923390,4,USD
44000-P510637,-89633418,4,USD
44000-P510638,-399029280,4,USD
44000-P510901,0,4,USD
44000-P511001,-60313600,4,USD
44000-P511201,-998338740.48,4,USD
44000-P511758,-39879188.9,4,USD
44000-P511822,-20213840,4,USD
44000-P511848,-1976250000,4,USD
44000-P511920,-1580559559.42,4,USD
44000-P512397,-1762348830.42,4,USD
44000-P512526,0.5,4,USD
44000-P512660,0,4,USD
44000-P513028,-653101549.94,4,USD
44000-P513191,0,4,USD
44000-P513503,0,4,USD
44000-P513769,-59850000,4,USD
44000-P513997,0,4,USD
44000-P514501,0,4,USD
PS-TIN-888005972-SO1,88000,4,USD
PS-TIN-888005972-SO2,40000,4,USD
PS-TIN-888005972-SO3,60000,4,USD
PS-TIN-888005972-SO4,60000,4,USD
PS-TIN-888005972-SO5,50000,4,USD
XI-IATI-IADB-BA-U0001,100000000,105,USD
XI-IATI-IADB-BA-U0002,150000000,105,USD
XI-IATI-IADB-BH-U0001,200000000,121,USD
XI-IATI-IADB-BH-U0002,400000000,121,USD
XI-IATI-IADB-EC-U0005,85000000,88,USD
XI-IATI-IADB-EC-U0007,155000000,88,USD
XM-DAC-41111-106347,9886623.84,3,USD
XM-DAC-41111-110521,312527.87,1,USD
XM-DAC-41111-111465,865915,1,USD
XM-DAC-41111-113154,1293735.76,1,USD
XM-DAC-41111-114278,310680,1,USD
XM-DAC-41111-118133,3045920.46,2,USD
XM-DAC-41111-76452,96000,2,USD
XM-DAC-41111-88100,3089672.45,5,USD
XM-DAC-41111-90014,118460.25,5,USD
XM-DAC-41111-90703,2994609.33,10,USD
XM-DAC-41111-92034,1376917.01,5,USD
XM-DAC-41111-95546,1972138.23,5,USD
XM-DAC-41111-98569,12453507.89,3,USD
XM-DAC-46004-37393-032-GRNT0067,56000000,14,USD
XM-DAC-46004-38122-013-LN2215,47224000,24,USD
XM-DAC-46004-54192-001-GRNT0772,100000000,5,USD
XM-OCHAS-HPC6770-1258,200000,1,USD
XM-OCHAS-HPC6770-1311,16000000,1,USD
XM-OCHAS-HPC6770-1518,2550000,1,USD
XM-OCHAS-HPC6770-1605,13333333,1,USD
XM-OCHAS-HPC6770-1606,5333333,1,USD
XM-OCHAS-HPC6770-1609,18666667,1,USD
XM-OCHAS-HPC6770-1610,18666667,1,USD
XM-OCHAS-HPC6770-1612,13333333,1,USD
XM-OCHAS-HPC6770-1613,5333333,1,USD
XM-OCHAS-HPC6770-1614,16000000,1,USD
XM-OCHAS-HPC6770-1641,3802085,1,USD
XM-OCHAS-HPC6770-1642,165883,2,USD
XM-OCHAS-HPC6770-1789,2640000,1,USD
XM-OCHAS-HPC6770-2174,13333333,1,USD
XM-OCHAS-HPC6770-2176,8666667,1,USD
XM-OCHAS-HPC6770-2186,8000000,1,USD
XM-OCHAS-HPC6770-2370,1650000,1,USD
XM-OCHAS-HPC6770-2371,1950000,1,USD
XM-OCHAS-HPC6770-2372,25000000,1,USD
XM-OCHAS-HPC6770-2373,4494949,1,USD
XM-OCHAS-HPC6770-2374,500000,1,USD
XM-OCHAS-HPC6770-2375,2272727,1,USD
XM-OCHAS-HPC6770-2376,4775784,1,USD
XM-OCHAS-HPC6770-2377,5000000,1,USD
XM-OCHAS-HPC6770-2378,4000000,1,USD
XM-OCHAS-HPC6770-2379,6021353,1,USD
XM-OCHAS-HPC6770-2380,2280000,1,USD
XM-OCHAS-HPC6770-2381,2500000,1,USD
XM-OCHAS-HPC6770-2382,1200000,1,USD
XM-OCHAS-HPC6770-2383,3500000,1,USD
XM-OCHAS-HPC6770-2384,2076808,1,USD
XM-OCHAS-HPC6770-2385,700000,1,USD
XM-OCHAS-HPC6770-2386,35000000,1,USD
XM-OCHAS-HPC6770-2387,4000000,1,USD
XM-OCHAS-HPC6770-2389,1500000,1,USD
XM-OCHAS-HPC6770-2390,5435625,1,USD
XM-OCHAS-HPC6770-2391,150000,1,USD
XM-OCHAS-HPC6770-2392,4593192,1,USD
XM-OCHAS-HPC6770-2393,18978647,1,USD
XM-OCHAS-HPC6770-2394,7500000,1,USD
XM-OCHAS-HPC6770-2397,197340909,1,USD
XM-OCHAS-HPC6770-2398,14654327,1,USD
XM-OCHAS-HPC6770-2399,505050,1,USD
XM-OCHAS-HPC6770-2400,2134375,1,USD
XM-OCHAS-HPC6770-2401,9000000,1,USD
XM-OCHAS-HPC6770-2402,10386364,1,USD
XM-OCHAS-HPC6770-2403,51500000,1,USD
XM-OCHAS-HPC6770-2404,1000000,1,USD
XM-OCHAS-HPC6770-2405,1664626,1,USD
XM-OCHAS-HPC6770-2406,20000000,1,USD
XM-OCHAS-HPC6770-2407,29500000,1,USD
XM-OCHAS-HPC6770-2408,3330000,1,USD
XM-OCHAS-HPC6770-2409,18681046,1,USD
XM-OCHAS-HPC6770-2690,67487436,1,USD
XM-OCHAS-HPC6770-2691,55295300,1,USD
XM-OCHAS-HPC6770-2695,53839352,1,USD
XM-OCHAS-HPC6770-2733,67492960,1,USD
XM-OCHAS-HPC6770-2778,360019,1,USD
XM-OCHAS-HPC6770-3198,2649000,1,USD
XM-OCHAS-HPC6770-3206,8000000,2,USD
XM-OCHAS-HPC6770-3209,1000000,1,USD
XM-OCHAS-HPC6770-3662,710000,1,USD
XM-OCHAS-HPC6770-3812,68471,1,USD
