iatiidentifier,country
DE-1-200770347,MW
DE-1-200970418,MW
46002-P-NA-HAA-006,NA
DE-1-200970012,MZ
46002-P-SC-K00-015,SC
DE-1-201265248,MZ
DE-1-201270370,MZ
DE-1-201366632,MZ
46002-P-SC-K00-004,SC
46002-P-SC-KA0-001,SC
46002-P-SC-K00-005,SC
46002-P-SC-K00-022,SC
46002-P-SC-K00-023,SC
46002-P-SC-K00-024,SC
46002-P-SC-K00-025,SC
46002-P-SC-K00-028,SC
46002-P-SO-K00-003,SO
46002-P-SO-AA0-009,SO
46002-P-SO-KF0-015,SO
46002-P-SO-E00-009,SO
46002-P-SO-E00-005,SO
46002-P-SL-KA0-017,SL
46002-P-SL-KA0-016,SL
46002-P-SL-KA0-005,SL
46002-P-SL-KA0-013,SL
46002-P-SL-AA0-023,SL
46002-P-SL-KF0-013,SL
46002-P-ZA-K00-005,ZA
46002-P-ZA-K00-006,ZA
46002-P-ZA-F00-013,ZA
46002-P-SS-I00-006,SS
46002-P-SS-I00-003,SS
46002-P-SS-AAZ-001,SS
46002-P-SS-I00-009,SS
46002-P-SS-I00-008,SS
46002-P-SS-A00-001,SS
46002-P-SS-A00-002,SS
46002-P-SS-I00-005,SS
46002-P-SS-I00-010,SS
46002-P-SS-I00-011,SS
46002-P-SS-I00-014,SS
46002-P-SN-KA0-014,SN
46002-P-SN-KA0-016,SN
46002-P-SN-KA0-009,SN
46002-P-SN-K00-005,SN
46002-P-SN-K00-006,SN
46002-P-SN-K00-008,SN
46002-P-SN-KA0-005,SN
46002-P-SN-K00-013,SN
46002-P-SN-BG0-001,SN
46002-P-SN-A00-022,SN
46002-P-SN-KA0-018,SN
46002-P-SN-KA0-019,SN
DE-1-201265743,PE
DE-1-201265750,PE
DE-1-201266287,PE
46002-P-SD-KF0-006,SD
46002-P-SD-K00-007,SD
46002-P-SD-AAB-005,SD
46002-P-SD-I00-010,SD
46002-P-SD-AA0-009,SD
46002-P-SD-I00-008,SD
46002-P-SZ-K00-005,SZ
46002-P-SZ-AA0-013,SZ
46002-P-SZ-K00-008,SZ
46002-P-TG-KA0-002,TG
46002-P-TG-KZ0-002,TG
46002-P-TG-AA0-015,TG
46002-P-TG-KA0-004,TG
46002-P-TZ-K00-016,TZ
46002-P-TZ-AA0-025,TZ
46002-P-TZ-KA0-002,TZ
46002-P-TZ-KA0-005,TZ
46002-P-TZ-AAZ-002,TZ
DE-1-201170315,RW
46002-P-TZ-IAC-002,TZ
46002-P-TZ-K00-007,TZ
46002-P-TZ-K00-008,TZ
46002-P-TZ-K00-009,TZ
46002-P-TZ-K00-011,TZ
46002-P-TZ-K00-013,TZ
46002-P-TZ-K00-014,TZ
46002-P-TZ-KA0-007,TZ
46002-P-TZ-K00-018,TZ
46002-P-TZ-HAA-004,TZ
46002-P-TZ-K00-019,TZ
46002-P-TZ-K00-020,TZ
46002-P-TN-HZ0-005,TN
46002-P-TN-IAZ-003,TN
46002-P-TN-IAZ-002,TN
46002-P-TN-HA0-004,TN
46002-P-TN-HAA-030,TN
46002-P-TN-IZ0-001,TN
46002-P-TN-IZ0-006,TN
DE-1-201265115,TZ
DE-1-201270040,TZ
46002-P-TN-KA0-003,TN
46002-P-TN-IZ0-008,TN
46002-P-TN-HZ0-002,TN
46002-P-TN-I00-012,TN
46002-P-TN-K00-018,TN
46002-P-TN-I00-022,TN
46002-P-UG-K00-009,UG
DE-1-201070259,UG
46002-P-UG-K00-006,UG
46002-P-UG-E00-012,UG
DE-1-201165828,ZM
BJ-IFU-6201001076902-RSG0123375-29295,BJ
BJ-IFU-6200901944209-RSG0123375-29295,BJ
BJ-IFU-6201001843703-RGS0123375-29295,BJ
46002-P-ZW-KZ0-001,ZW
46002-P-ZW-AA0-021,ZW
46002-P-ZW-I00-004,ZW
46002-P-ZW-AA0-024,ZW
46002-P-ZM-K00-002,ZM
46002-P-ZM-KA0-001,ZM
46002-P-ZM-IZ0-002,ZM
46002-P-ZM-K00-003,ZM
46002-P-ZM-KA0-004,ZM
46002-P-ZM-K00-006,ZM
XM-DAC-6-4-011639-02-5,BF
XM-DAC-6-4-011005-01-3,BF
XM-DAC-6-4-010877-02-0,BF
XM-DAC-6-4-010888-01-0,BO
XM-DAC-6-4-013158-01-1,CG
BJ-IFU-6201000370801-RSG0123375-29295,BJ
BJ-IFU-6201300688700-RSG0123375-29295,BJ
XI-IATI-CWSEC-Q0104,TO
XI-IATI-CWSEC-Q0201,TT
XI-IATI-CWSEC-Q0301,NZ
XI-IATI-CWSEC-Q0304,NA
XI-IATI-CWSEC-Q0305,GH
XI-IATI-CWSEC-Q0306,SC
XI-IATI-CWSEC-Q0308,GH
XI-IATI-CWSEC-Q0501,GB
XI-IATI-CWSEC-Q0502,MU
XI-IATI-CWSEC-Q0503,NU
XI-IATI-CWSEC-Q0601,GB
XI-IATI-CWSEC-Q0701,NA
XI-IATI-CWSEC-Q0801,BD
XI-IATI-CWSEC-Q0802,GB
XI-IATI-CWSEC-Q0901,KN
XI-IATI-CWSEC-Q1101,GB
XI-IATI-CWSEC-Q1203,SZ
XI-IATI-CWSEC-Q1303,BD
XI-IATI-CWSEC-Q0603,KE
XI-IATI-CWSEC-Q0803,GB
XI-IATI-CWSEC-Q1001,MU
XI-IATI-CWSEC-R11P04,FJ
XI-IATI-CWSEC-R11P05,GY
XI-IATI-CWSEC-R11P06,TT
XI-IATI-CWSEC-R11P07,LS
XI-IATI-CWSEC-R11P09,ZA
XI-IATI-CWSEC-R12P01,KE
XI-IATI-CWSEC-R21P01,SB
XI-IATI-CWSEC-R22P01,MV
XI-IATI-CWSEC-R31P01,AG
XI-IATI-CWSEC-R32P01,NG
XI-IATI-CWSEC-R43P01,KE
XI-IATI-CWSEC-Q1301,BZ
XI-IATI-CWSEC-Q1302,KE
XI-IATI-CWSEC-Q1401,BB
XI-IATI-CWSEC-R11P03,TZ
XI-IATI-CWSEC-R32P02,UG
XI-IATI-CWSEC-R44P01,BD
XI-IATI-CWSEC-R71P03,UG
XM-DAC-6-4-010152-01-5,EC
XM-DAC-6-4-009659-01-6,EG
XM-DAC-6-4-011598-01-6,GN
XM-DAC-6-4-011835-01-4,ET
XM-DAC-6-4-011764-02-3,ET
XM-DAC-6-4-011389-02-2,ET
XM-DAC-6-4-010081-01-3,ET
XM-DAC-6-4-013015-01-0,ET
XM-DAC-6-4-011755-03-0,ET
BJ-IFU-4201710012551-RGS0123375-29295,BJ
BJ-IFU-6201501755307-RSG0123375-29295,BJ
BJ-IFU-5200801335602-RSG0123375-29295,BJ
XM-DAC-6-4-010718-02-4,ET
XM-DAC-6-4-010418-01-5,ET
XM-DAC-6-4-012316-01-0,ET
XM-DAC-3-1-185092-24540,TZ
XM-DAC-3-1-187132-24323,MZ
XM-DAC-3-1-191966-24982,BT
XM-DAC-3-1-107049-16394,BF
XM-DAC-3-1-114412-14709,NP
XM-DAC-3-1-144397-20541,BJ
XM-DAC-3-1-160285-21566,BT
XM-DAC-3-1-172859-23033,BF
XM-DAC-3-1-174458-24297,GH
XM-DAC-3-1-204943-27743,UG
XM-DAC-3-1-209288-26075,BF
XM-DAC-3-1-209288-26078,BF
XM-DAC-3-1-229249-29282,TZ
XM-DAC-3-1-255454-30798,BF
XM-DAC-3-1-255454-31740,BF
XM-DAC-3-1-255454-31741,BF
XM-DAC-6-4-010693-01-2,ML
XM-DAC-6-4-010084-02-3,ML
XM-DAC-6-4-010496-02-1,LB
XM-DAC-3-1-49056-19443,MZ
XM-DAC-6-4-010680-01-4,SL
XM-DAC-6-4-012620-01-0,SO
XM-DAC-6-4-011068-01-3,SN
XM-DAC-6-4-010733-01-5,SN
XM-DAC-6-4-011649-01-3,MZ
XM-DAC-6-4-010997-01-1,MZ
XM-DAC-6-4-009147-01-4,MZ
XM-DAC-6-4-008465-03-0,MZ
XM-DAC-6-4-010997-03-3,MZ
XM-DAC-6-4-011097-01-5,MZ
XM-DAC-6-4-010049-01-2,MZ
XM-DAC-6-4-009696-03-5,SV
XM-DAC-6-4-012041-01-3,SV
XM-DAC-6-4-010497-01-2,SV
XM-DAC-6-4-011023-01-4,SV
XM-DAC-6-4-012586-01-0,UA
XM-DAC-6-4-010408-01-6,VN
XM-DAC-6-4-010519-02-5,VN
XM-DAC-6-4-009614-01-0,VN
XM-DAC-6-4-010607-01-5,TN
XM-DAC-6-4-010744-01-6,TN
XM-DAC-6-4-010419-01-0,TN
XI-IATI-EC_INTPA-2023-ACT-61831,AW
XI-IATI-EC_INTPA-2021-PCC-427597,BB
XI-IATI-EC_INTPA-2023-PC-23134,AO
XI-IATI-EC_INTPA-2022-ACT-61306,AO
XI-IATI-EC_INTPA-2023-PC-23130,AO
XI-IATI-EC_INTPA-2025-PC-55044,AO
XI-IATI-EC_INTPA-2023-PC-23139,AO
XI-IATI-EC_INTPA-2023-ACT-61724,BD
XI-IATI-EC_INTPA-2022-PC-21502,BD
XI-IATI-EC_INTPA-2018-ACT-D-40701-00,BD
XI-IATI-EC_INTPA-2018-ACT-D-40643-00,BD
XI-IATI-EC_INTPA-2017-ACT-D-39656-00,BD
XI-IATI-EC_INTPA-2021-ACT-62576,BD
XI-IATI-EC_INTPA-2021-ACT-61116,BD
XI-IATI-EC_INTPA-2019-PCC-410060,BD
XI-IATI-EC_INTPA-2018-PCC-404409,BD
XI-IATI-EC_INTPA-2025-PC-36947,BD
XI-IATI-EC_INTPA-2025-PC-26320,BD
XI-IATI-EC_INTPA-2022-ACT-60736,BL
XI-IATI-EC_INTPA-2023-PC-25058,BL
XI-IATI-EC_INTPA-2008-ACT-D-20972-01,BF
XI-IATI-EC_INTPA-2021-ACT-61083,BF
XI-IATI-EC_INTPA-2016-ACT-D-38574-01,BF
XI-IATI-EC_INTPA-2020-PCC-417520,BF
XI-IATI-EC_INTPA-2023-PC-27358,BF
XI-IATI-EC_INTPA-2021-PCC-417549,BF
XI-IATI-EC_INTPA-2016-ACT-D-38564-01,BF
XI-IATI-EC_INTPA-2016-ACT-D-38569-00,BF
XI-IATI-EC_INTPA-2016-ACT-D-38575-00,BF
XI-IATI-EC_INTPA-2022-PC-21515,BF
XI-IATI-EC_INTPA-2019-ACT-D-42209-00,BF
XI-IATI-EC_INTPA-2019-PCC-407596,BF
XI-IATI-EC_INTPA-2019-PCC-404038,BF
XI-IATI-EC_INTPA-2021-PCC-422434,BF
XI-IATI-EC_INTPA-2018-PCC-383693,BF
XI-IATI-EC_INTPA-2018-PCC-397536,BF
XI-IATI-EC_INTPA-2023-PC-25538,BO
XI-IATI-EC_INTPA-2019-ACT-D-40019-00,BO
XI-IATI-EC_INTPA-2020-ACT-D-38966-00,BO
XI-IATI-EC_INTPA-2020-ACT-D-40118-00,BO
XI-IATI-EC_INTPA-2019-PCC-410047,BO
XI-IATI-EC_INTPA-2014-ACT-D-25027-00,BO
XI-IATI-EC_INTPA-2023-ACT-60734,BO
XI-IATI-EC_INTPA-2019-PCC-409406,BO
XI-IATI-EC_INTPA-2021-PCC-428633,BO
XI-IATI-EC_INTPA-2024-PC-25551,BO
XI-IATI-EC_INTPA-2021-PCC-428501,BO
XI-IATI-EC_INTPA-2023-ACT-61699,BJ
XI-IATI-EC_INTPA-2022-ACT-61508,BJ
XI-IATI-EC_INTPA-2024-PC-26908,BJ
XI-IATI-EC_INTPA-2023-PC-25147,BJ
XI-IATI-EC_INTPA-2023-PC-41431,BJ
XI-IATI-EC_INTPA-2023-PC-25043,BJ
XI-IATI-EC_INTPA-2024-PC-25155,BJ
XI-IATI-EC_INTPA-2023-PC-25042,BJ
XI-IATI-EC_INTPA-2022-PC-20222,BT
XI-IATI-EC_INTPA-2023-PC-27590,BT
XI-IATI-EC_INTPA-2022-ACT-60987,BT
XI-IATI-EC_INTPA-2021-ACT-61078,BT
XI-IATI-EC_INTPA-2024-PC-27708,BT
XI-IATI-EC_INTPA-2023-PC-27690,BT
XI-IATI-EC_INTPA-2023-PC-27689,BT
XI-IATI-EC_INTPA-2023-PC-18126,CF
XI-IATI-EC_INTPA-2020-ACT-D-42401-00,CF
XI-IATI-EC_INTPA-2022-PCC-436209,CF
XI-IATI-EC_INTPA-2023-PC-25426,CF
XI-IATI-EC_INTPA-2023-ACT-62014,CI
XI-IATI-EC_INTPA-2024-PC-37405,CI
XI-IATI-EC_INTPA-2021-PC-1116,CM
XI-IATI-EC_INTPA-2024-PC-36292,CM
XI-IATI-EC_INTPA-2017-ACT-D-40031-01,CM
XI-IATI-EC_INTPA-2024-ACT-62007,CM
XI-IATI-EC_INTPA-2022-ACT-D-44510-00,CM
XI-IATI-EC_INTPA-2022-PC-21486,CM
XI-IATI-EC_INTPA-2026-PC-83853,CM
XI-IATI-EC_INTPA-2021-PC-7879,CM
XI-IATI-EC_INTPA-2019-PCC-408616,CM
XI-IATI-EC_INTPA-2022-PC-16749,CM
XI-IATI-EC_INTPA-2023-PC-21484,CM
XI-IATI-EC_INTPA-2025-PC-36398,CM
XI-IATI-EC_INTPA-2023-PC-32262,CM
XI-IATI-EC_INTPA-2019-PCC-412775,CM
XI-IATI-EC_INTPA-2023-PC-18143,CM
XI-IATI-EC_INTPA-2020-ACT-D-42454-00,CO
XI-IATI-EC_INTPA-2019-ACT-D-41517-00,CO
XI-IATI-EC_INTPA-2015-ACT-D-38302-01,CO
XI-IATI-EC_INTPA-2022-ACT-61483,CO
XI-IATI-EC_INTPA-2021-ACT-61633,CO
XI-IATI-EC_INTPA-2015-ACT-D-38302-02,CO
XI-IATI-EC_INTPA-2024-PC-53145,CO
XI-IATI-EC_INTPA-2020-PCC-416581,CO
XI-IATI-EC_INTPA-2024-PC-27309,CO
XI-IATI-EC_INTPA-2024-PC-27308,CO
XI-IATI-EC_INTPA-2021-PCC-428224,CO
XI-IATI-EC_INTPA-2021-ACT-63101,CV
XI-IATI-EC_INTPA-2025-PC-53764,CV
XI-IATI-EC_INTPA-2021-ACT-60940,CV
XI-IATI-EC_INTPA-2022-PC-24334,CV
XI-IATI-EC_INTPA-2021-PCC-430941,CV
XI-IATI-EC_INTPA-2018-ACT-D-40855-00,DM
XI-IATI-EC_INTPA-2018-ACT-D-41630-00,DM
XI-IATI-EC_INTPA-2022-ACT-61489,DO
XI-IATI-EC_INTPA-2018-ACT-D-39315-00,DO
XI-IATI-EC_INTPA-2019-ACT-D-41940-00,DO
XI-IATI-EC_INTPA-2022-PCC-431645,DO
XI-IATI-EC_INTPA-2016-ACT-D-39312-00,DO
XI-IATI-EC_INTPA-2023-PC-26293,DO
XI-IATI-EC_INTPA-2026-PC-26307,DO
XI-IATI-EC_INTPA-2020-ACT-D-38561-00,FJ
XI-IATI-EC_INTPA-2023-PC-36658,FJ
XI-IATI-EC_INTPA-2023-ACT-61606,FJ
XI-IATI-EC_INTPA-2025-PC-36663,FJ
XI-IATI-EC_INTPA-2024-PC-27305,GL
XI-IATI-EC_INTPA-2023-ACT-62246,GL
XI-IATI-EC_INTPA-2023-ACT-61910,GL
XI-IATI-EC_INTPA-2021-ACT-61102,GL
XI-IATI-EC_INTPA-2026-PC-38372,GL
XI-IATI-EC_INTPA-2022-PC-17800,GL
XI-IATI-EC_INTPA-2024-PC-37206,GL
XI-IATI-EC_INTPA-2019-ACT-D-41264-00,GM
XI-IATI-EC_INTPA-2024-PC-41558,GM
XI-IATI-EC_INTPA-2025-PC-50869,GM
XI-IATI-EC_INTPA-2023-ACT-61846,GM
XI-IATI-EC_INTPA-2024-PC-36587,GM
XI-IATI-EC_INTPA-2025-PC-49555,GM
XI-IATI-EC_INTPA-2021-PCC-429840,GM
XI-IATI-EC_INTPA-2023-PC-28421,GM
XI-IATI-EC_INTPA-2026-PC-75852,GM
XI-IATI-EC_INTPA-2024-PC-36591,GM
XI-IATI-EC_INTPA-2022-PC-21817,GM
XI-IATI-EC_INTPA-2016-ACT-D-38386-00,ET
XI-IATI-EC_INTPA-2019-ACT-D-40939-00,ET
XI-IATI-EC_INTPA-2019-PCC-413782,ET
XI-IATI-EC_INTPA-2019-PCC-409671,ET
XI-IATI-EC_INTPA-2018-PCC-397670,ET
XI-IATI-EC_INTPA-2017-PCC-392914,GN
XI-IATI-EC_INTPA-2017-ACT-D-39674-04,GN
XI-IATI-EC_INTPA-2022-ACT-61302,GY
XI-IATI-EC_INTPA-2023-PC-25625,GY
XI-IATI-EC_INTPA-2019-PCC-413519,HN
XI-IATI-EC_INTPA-2019-ACT-D-40840-00,HN
XI-IATI-EC_INTPA-2015-ACT-D-38103-00,HN
XI-IATI-EC_INTPA-2018-ACT-D-40697-00,HN
XI-IATI-EC_INTPA-2021-PCC-422992,HN
XI-IATI-EC_INTPA-2021-PCC-419116,HN
XI-IATI-EC_INTPA-2017-ACT-D-39148-00,HT
XI-IATI-EC_INTPA-2018-PCC-397120,HT
XI-IATI-EC_INTPA-2018-PCC-399023,HT
XI-IATI-EC_INTPA-2025-PC-55340,JM
XI-IATI-EC_INTPA-2019-ACT-D-42051-00,JM
XI-IATI-EC_INTPA-2015-ACT-D-38731-01,JM
XI-IATI-EC_INTPA-2022-ACT-60692,JM
XI-IATI-EC_INTPA-2020-PCC-421423,JM
XI-IATI-EC_INTPA-2017-ACT-D-39228-00,JM
XI-IATI-EC_INTPA-2022-PC-21579,JM
XI-IATI-EC_INTPA-2021-ACT-62799,JM
XI-IATI-EC_INTPA-2021-PCC-428606,JM
XI-IATI-EC_INTPA-2021-PCC-428618,JM
XI-IATI-EC_INTPA-2024-PC-37656,JM
XI-IATI-EC_INTPA-2026-PC-80732,JM
XI-IATI-EC_INTPA-2022-ACT-60599,KI
XI-IATI-EC_INTPA-2020-PCC-416132,KI
XI-IATI-EC_INTPA-2023-PC-31976,KI
XI-IATI-EC_INTPA-2020-PCC-416065,KI
XI-IATI-EC_INTPA-2025-PC-53379,KI
XI-IATI-EC_INTPA-2021-ACT-63136,KG
XI-IATI-EC_INTPA-2021-ACT-62577,KG
XI-IATI-EC_INTPA-2021-ACT-61001,KG
XI-IATI-EC_INTPA-2015-ACT-D-37809-00,KG
XI-IATI-EC_INTPA-2020-ACT-D-42335-00,KG
XI-IATI-EC_INTPA-2015-ACT-D-38149-00,KG
XI-IATI-EC_INTPA-2023-PC-19387,KG
XI-IATI-EC_INTPA-2022-PC-15528,KG
XI-IATI-EC_INTPA-2025-PC-61997,KG
XI-IATI-EC_INTPA-2026-PC-75410,KG
XI-IATI-EC_INTPA-2016-PCC-375131,KG
XI-IATI-EC_INTPA-2026-PC-42830,KG
XI-IATI-EC_INTPA-2023-PC-25140,KG
XI-IATI-EC_INTPA-2017-ACT-D-38831-00,KH
XI-IATI-EC_INTPA-2017-ACT-D-39902-00,KH
XI-IATI-EC_INTPA-2023-ACT-61732,KH
XI-IATI-EC_INTPA-2018-ACT-D-40874-00,KH
XI-IATI-EC_INTPA-2019-ACT-D-41594-00,KH
XI-IATI-EC_INTPA-2022-ACT-60558,KH
XI-IATI-EC_INTPA-2024-PC-40050,KH
XI-IATI-EC_INTPA-2020-PCC-422215,KH
XI-IATI-EC_INTPA-2020-PCC-422462,KH
XI-IATI-EC_INTPA-2024-PC-25272,KH
XI-IATI-EC_INTPA-2022-PC-24289,KH
XI-IATI-EC_INTPA-2020-PCC-422494,LC
XI-IATI-EC_INTPA-2020-ACT-D-42802-00,KE
XI-IATI-EC_INTPA-2020-PCC-416217,KE
XI-IATI-EC_INTPA-2020-ACT-D-41871-00,LA
XI-IATI-EC_INTPA-2019-ACT-D-41123-00,LA
XI-IATI-EC_INTPA-2018-ACT-D-39985-00,LA
XI-IATI-EC_INTPA-2026-PC-53801,LA
XI-IATI-EC_INTPA-2022-ACT-60628,LA
XI-IATI-EC_INTPA-2023-PC-24294,LA
XI-IATI-EC_INTPA-2026-PC-81164,LA
XI-IATI-EC_INTPA-2022-PCC-421392,LA
XI-IATI-EC_INTPA-2016-ACT-D-38868-01,MH
XI-IATI-EC_INTPA-2018-PCC-397039,MH
XI-IATI-EC_INTPA-2021-ACT-62518,LR
XI-IATI-EC_INTPA-2025-PC-69397,LR
XI-IATI-EC_INTPA-2025-PC-36183,LR
XI-IATI-EC_INTPA-2026-PC-52678,LR
XI-IATI-EC_INTPA-2019-ACT-D-42187-00,MN
XI-IATI-EC_INTPA-2020-PCC-415725,MN
XI-IATI-EC_INTPA-2020-PCC-418930,MN
XI-IATI-EC_INTPA-2023-PC-27334,MN
XI-IATI-EC_INTPA-2021-PCC-425135,MM
XI-IATI-EC_INTPA-2019-ACT-D-39998-00,MM
XI-IATI-EC_INTPA-2026-PC-75966,MM
XI-IATI-EC_INTPA-2018-ACT-D-39665-00,MM
XI-IATI-EC_INTPA-2020-PCC-421284,MM
XI-IATI-EC_INTPA-2026-PC-76775,MM
XI-IATI-EC_INTPA-2015-ACT-D-38388-00,ML
XI-IATI-EC_INTPA-2016-ACT-D-38972-00,ML
XI-IATI-EC_INTPA-2020-PCC-415584,ML
XI-IATI-EC_INTPA-2017-PCC-389389,ML
XI-IATI-EC_INTPA-2020-ACT-D-42916-00,MU
XI-IATI-EC_INTPA-2022-PC-19577,MR
XI-IATI-EC_INTPA-2021-ACT-61069,MR
XI-IATI-EC_INTPA-2024-ACT-62693,MR
XI-IATI-EC_INTPA-2022-PC-18569,MR
XI-IATI-EC_INTPA-2024-PC-47768,MR
XI-IATI-EC_INTPA-2025-PC-53445,MR
XI-IATI-EC_INTPA-2022-ACT-61433,NC
XI-IATI-EC_INTPA-2023-PC-24210,NC
XI-IATI-EC_INTPA-2023-PC-26617,NA
XI-IATI-EC_INTPA-2022-ACT-61310,NA
XI-IATI-EC_INTPA-2023-PC-26888,NA
XI-IATI-EC_INTPA-2021-ACT-61086,NE
XI-IATI-EC_INTPA-2023-PC-20039,NE
XI-IATI-EC_INTPA-2023-PC-22492,NE
XI-IATI-EC_INTPA-2018-ACT-D-40839-01,NE
XI-IATI-EC_INTPA-2022-PC-22100,NE
XI-IATI-EC_INTPA-2023-PC-19168,NE
XI-IATI-EC_INTPA-2023-PC-29022,NE
XI-IATI-EC_INTPA-2022-ACT-D-44448-00,NE
XI-IATI-EC_INTPA-2016-ACT-D-38233-00,NE
XI-IATI-EC_INTPA-2016-ACT-D-38320-00,NE
XI-IATI-EC_INTPA-2022-PC-16758,NE
XI-IATI-EC_INTPA-2022-PC-16925,NE
XI-IATI-EC_INTPA-2023-PC-20035,NE
XI-IATI-EC_INTPA-2023-PC-16929,NE
XI-IATI-EC_INTPA-2024-PC-45725,NE
XI-IATI-EC_INTPA-2026-PC-77174,NE
XI-IATI-EC_INTPA-2023-PC-20001,NE
XI-IATI-EC_INTPA-2024-ACT-62358,MW
XI-IATI-EC_INTPA-2021-ACT-63421,MW
XI-IATI-EC_INTPA-2024-PC-37344,MW
XI-IATI-EC_INTPA-2022-ACT-61446,PF
XI-IATI-EC_INTPA-2023-PC-24213,PF
XI-IATI-EC_INTPA-2023-PC-25713,NP
XI-IATI-EC_INTPA-2016-ACT-D-38030-00,NP
XI-IATI-EC_INTPA-2021-ACT-61472,NP
XI-IATI-EC_INTPA-2024-PC-35983,NP
XI-IATI-EC_INTPA-2024-ACT-62209,NP
XI-IATI-EC_INTPA-2023-PC-32264,NP
XI-IATI-EC_INTPA-2023-PC-25701,NP
XI-IATI-EC_INTPA-2020-PCC-414217,NP
XI-IATI-EC_INTPA-2015-ACT-D-37956-00,PE
XI-IATI-EC_INTPA-2020-ACT-D-42950-01,PE
XI-IATI-EC_INTPA-2022-PCC-435740,PE
XI-IATI-EC_INTPA-2023-PC-26364,PM
XI-IATI-EC_INTPA-2024-PC-26389,PM
XI-IATI-EC_INTPA-2022-ACT-61423,PM
XI-IATI-EC_INTPA-2022-PCC-429800,PG
XI-IATI-EC_INTPA-2021-PCC-424359,PG
XI-IATI-EC_INTPA-2021-ACT-62771,PG
XI-IATI-EC_INTPA-2025-PC-72780,PG
XI-IATI-EC_INTPA-2026-PC-64428,PG
XI-IATI-EC_INTPA-2026-PC-75396,PG
XI-IATI-EC_INTPA-2020-ACT-D-40138-00,PY
XI-IATI-EC_INTPA-2021-PCC-421490,PY
XI-IATI-EC_INTPA-2021-PC-4857,PY
XI-IATI-EC_INTPA-2019-ACT-D-38918-00,PY
XI-IATI-EC_INTPA-2021-PCC-425265,PY
XI-IATI-EC_INTPA-2020-PCC-420650,PY
XI-IATI-EC_INTPA-2021-ACT-61104,SB
XI-IATI-EC_INTPA-2022-PC-18559,SB
XI-IATI-EC_INTPA-2021-ACT-63091,SB
XI-IATI-EC_INTPA-2023-PC-22049,SB
XI-IATI-EC_INTPA-2018-ACT-D-38945-00,SH
XI-IATI-EC_INTPA-2017-ACT-D-39288-00,PK
XI-IATI-EC_INTPA-2022-ACT-61240,RW
XI-IATI-EC_INTPA-2020-PCC-416008,RW
XI-IATI-EC_INTPA-2021-ACT-61090,RW
XI-IATI-EC_INTPA-2016-ACT-D-38107-00,RW
XI-IATI-EC_INTPA-2023-PC-32142,RW
XI-IATI-EC_INTPA-2023-PC-30334,RW
XI-IATI-EC_INTPA-2016-ACT-D-37486-02,RW
XI-IATI-EC_INTPA-2022-PC-23195,RW
XI-IATI-EC_INTPA-2021-ACT-62976,RW
XI-IATI-EC_INTPA-2019-PCC-414050,RW
XI-IATI-EC_INTPA-2019-PCC-413820,RW
XI-IATI-EC_INTPA-2020-PCC-418161,RW
XI-IATI-EC_INTPA-2024-PC-27747,RW
XI-IATI-EC_INTPA-2022-PC-19819,RW
XI-IATI-EC_INTPA-2018-PCC-397046,RW
XI-IATI-EC_INTPA-2017-PCC-385290,RW
XI-IATI-EC_INTPA-2025-PC-59817,SL
XI-IATI-EC_INTPA-2023-ACT-61233,SL
XI-IATI-EC_INTPA-2025-PC-36473,SL
XI-IATI-EC_INTPA-2024-PC-36429,SL
XI-IATI-EC_INTPA-2024-PC-44598,SN
XI-IATI-EC_INTPA-2021-ACT-61121,SN
XI-IATI-EC_INTPA-2023-PC-26483,SN
XI-IATI-EC_INTPA-2018-ACT-D-40929-00,SN
XI-IATI-EC_INTPA-2023-PC-34444,SN
XI-IATI-EC_INTPA-2023-PC-26647,SN
XI-IATI-EC_INTPA-2025-PC-72129,SN
XI-IATI-EC_INTPA-2023-PC-29463,SN
XI-IATI-EC_INTPA-2023-PC-30645,SN
XI-IATI-EC_INTPA-2023-PC-25850,SN
XI-IATI-EC_INTPA-2021-PCC-429957,SN
XI-IATI-EC_INTPA-2022-ACT-60909,ST
XI-IATI-EC_INTPA-2026-PC-37759,ST
XI-IATI-EC_INTPA-2025-PC-37761,ST
XI-IATI-EC_INTPA-2023-PC-27905,ST
XI-IATI-EC_INTPA-2023-ACT-61862,SO
XI-IATI-EC_INTPA-2021-ACT-63055,SO
XI-IATI-EC_INTPA-2026-PC-53819,SO
XI-IATI-EC_INTPA-2023-PC-32172,SO
XI-IATI-EC_INTPA-2024-PC-46872,SS
XI-IATI-EC_INTPA-2017-ACT-D-40134-00,SV
XI-IATI-EC_INTPA-2023-PC-24360,SV
XI-IATI-EC_INTPA-2023-PC-30817,TG
XI-IATI-EC_INTPA-2023-PC-26198,TG
XI-IATI-EC_INTPA-2016-ACT-D-38540-01,TG
XI-IATI-EC_INTPA-2022-ACT-61496,TG
XI-IATI-EC_INTPA-2024-PC-37034,TG
XI-IATI-EC_INTPA-2023-PC-26203,TG
XI-IATI-EC_INTPA-2023-PC-31561,TG
XI-IATI-EC_INTPA-2023-ACT-61325,TJ
XI-IATI-EC_INTPA-2021-PCC-423353,TJ
XI-IATI-EC_INTPA-2023-PC-26837,TJ
XI-IATI-EC_INTPA-2019-ACT-D-41577-00,TL
XI-IATI-EC_INTPA-2018-ACT-D-39984-00,TL
XI-IATI-EC_INTPA-2021-ACT-62317,TL
XI-IATI-EC_INTPA-2016-ACT-D-37957-01,TL
XI-IATI-EC_INTPA-2025-PC-52952,TL
XI-IATI-EC_INTPA-2015-ACT-D-38504-00,TO
XI-IATI-EC_INTPA-2021-ACT-61120,TO
XI-IATI-EC_INTPA-2024-PC-44588,TO
XI-IATI-EC_INTPA-2022-PC-24537,TO
XI-IATI-EC_INTPA-2024-PC-32327,TO
XI-IATI-EC_INTPA-2023-PC-25655,TV
XI-IATI-EC_INTPA-2022-ACT-60636,TV
XI-IATI-EC_INTPA-2024-PC-25656,TV
XI-IATI-EC_INTPA-2019-ACT-D-40807-00,TD
XI-IATI-EC_INTPA-2021-ACT-61065,TD
XI-IATI-EC_INTPA-2016-ACT-D-39310-00,TD
XI-IATI-EC_INTPA-2022-PC-16482,TD
XI-IATI-EC_INTPA-2023-PC-27513,TD
XI-IATI-EC_INTPA-2018-PCC-404429,TD
XI-IATI-EC_INTPA-2021-PCC-429309,TD
XI-IATI-EC_INTPA-2023-PC-26026,TD
XI-IATI-EC_INTPA-2023-ACT-61294,UZ
XI-IATI-EC_INTPA-2020-ACT-D-41754-00,UZ
XI-IATI-EC_INTPA-2022-PC-22890,UZ
XI-IATI-EC_INTPA-2020-PCC-419898,UZ
XI-IATI-EC_INTPA-2023-PC-26380,UZ
XI-IATI-EC_INTPA-2022-PC-15602,TZ
XI-IATI-EC_INTPA-2018-ACT-D-39797-00,TZ
XI-IATI-EC_INTPA-2021-ACT-60933,TZ
XI-IATI-EC_INTPA-2020-ACT-D-40387-00,TZ
XI-IATI-EC_INTPA-2021-ACT-60903,TZ
XI-IATI-EC_INTPA-2016-ACT-D-38939-00,TZ
XI-IATI-EC_INTPA-2022-ACT-60961,TZ
XI-IATI-EC_INTPA-2021-ACT-60930,TZ
XI-IATI-EC_INTPA-2023-ACT-60983,TZ
XI-IATI-EC_INTPA-2021-PCC-425462,TZ
XI-IATI-EC_INTPA-2023-PC-23354,TZ
XI-IATI-EC_INTPA-2022-PC-15588,TZ
XI-IATI-EC_INTPA-2022-PC-16632,TZ
XI-IATI-EC_INTPA-2023-PC-26411,TZ
XI-IATI-EC_INTPA-2024-PC-36107,TZ
XI-IATI-EC_INTPA-2023-PC-26579,TZ
XI-IATI-EC_INTPA-2023-PC-18768,TZ
XI-IATI-EC_INTPA-2021-PCC-427166,TZ
XI-IATI-EC_INTPA-2022-PC-15913,TZ
XI-IATI-EC_INTPA-2021-ACT-62292,VU
XI-IATI-EC_INTPA-2026-PC-49465,VU
XI-IATI-EC_INTPA-2025-PC-49248,VU
XI-IATI-EC_INTPA-2021-ACT-62696,WF
XI-IATI-EC_INTPA-2025-PC-42917,WF
XI-IATI-EC_INTPA-2021-ACT-61100,WS
XI-IATI-EC_INTPA-2022-PC-24576,WS
XI-IATI-EC_INTPA-2019-ACT-D-41736-00,UG
XI-IATI-EC_INTPA-2020-PCC-415467,UG
XI-IATI-EC_INTPA-2016-ACT-D-37972-00,VN
XI-IATI-EC_INTPA-2020-ACT-D-40898-00,VN
XI-IATI-EC_INTPA-2022-PCC-429583,VN
XI-IATI-EC_INTPA-2023-PC-30243,VN
XI-IATI-EC_INTPA-2026-PC-78665,VN
XI-IATI-EC_INTPA-2022-PCC-428966,VN
XI-IATI-EC_INTPA-2022-PC-23770,VN
XI-IATI-EC_INTPA-2017-ACT-D-40033-01,ZA
XI-IATI-EC_INTPA-2019-PCC-413599,ZA
XI-IATI-EC_INTPA-2016-ACT-D-39297-00,ZA
XI-IATI-EC_INTPA-2017-ACT-D-40022-00,ZA
XI-IATI-EC_INTPA-2019-ACT-D-41739-00,ZA
XI-IATI-EC_INTPA-2018-ACT-D-41015-01,ZA
XI-IATI-EC_INTPA-2021-PC-5303,ZA
XI-IATI-EC_INTPA-2018-ACT-D-40854-00,ZA
XI-IATI-EC_INTPA-2021-PC-1163,ZA
XI-IATI-EC_INTPA-2018-PCC-402235,ZA
XI-IATI-EC_INTPA-2021-PCC-426286,ZA
XI-IATI-EC_INTPA-2020-PCC-418122,ZA
XI-IATI-EC_INTPA-2018-PCC-402069,ZA
XI-IATI-EC_INTPA-2025-PC-52115,ZM
XI-IATI-EC_INTPA-2021-ACT-63169,ZM
XI-IATI-EC_INTPA-2023-ACT-61863,ZM
XI-IATI-EC_INTPA-2024-PC-37833,ZM
XI-IATI-EC_NEAR-2016-ACT-D-39595-00,AM
XI-IATI-EC_NEAR-2022-ACT-61467,AM
XI-IATI-EC_NEAR-2023-ACT-62364,AM
XI-IATI-EC_NEAR-2020-ACT-D-42019-00,AM
XI-IATI-EC_NEAR-2022-ACT-61442,AM
XI-IATI-EC_NEAR-2023-PC-26413,AM
XI-IATI-EC_NEAR-2023-PC-26479,AM
XI-IATI-EC_NEAR-2024-PC-36865,AM
XI-IATI-EC_NEAR-2024-PC-26416,AM
XI-IATI-EC_NEAR-2024-PC-26598,AM
XI-IATI-EC_NEAR-2024-PC-26596,AM
XI-IATI-EC_NEAR-2016-ACT-D-38718-06,AL
XI-IATI-EC_NEAR-2014-ACT-D-32813-01,AL
XI-IATI-EC_NEAR-2016-ACT-D-38717-03,AL
XI-IATI-EC_NEAR-2015-ACT-D-38716-05,AL
XI-IATI-EC_NEAR-2015-ACT-D-38715-01,AL
XI-IATI-EC_NEAR-2021-ACT-62392,AL
XI-IATI-EC_NEAR-2020-ACT-D-42914-01,AL
XI-IATI-EC_NEAR-2023-ACT-61604,AL
XI-IATI-EC_NEAR-2019-ACT-D-41203-02,AL
XI-IATI-EC_NEAR-2019-PCC-408874,AL
XI-IATI-EC_NEAR-2021-PCC-423828,AL
XI-IATI-EC_NEAR-2021-PCC-424514,AL
XI-IATI-EC_NEAR-2021-PCC-424517,AL
XI-IATI-EC_NEAR-2016-PCC-383649,AL
XI-IATI-EC_NEAR-2021-PCC-427664,AL
XI-IATI-EC_NEAR-2021-PCC-424417,AL
XI-IATI-EC_NEAR-2021-PCC-426292,AL
XI-IATI-EC_NEAR-2020-PCC-423478,AL
XI-IATI-EC_NEAR-2020-PCC-424787,AL
XI-IATI-EC_NEAR-2020-PCC-419973,AL
XI-IATI-EC_NEAR-2023-PC-3384,AL
XI-IATI-EC_NEAR-2023-PC-25960,AL
XI-IATI-EC_NEAR-2023-PC-3383,AL
XI-IATI-EC_NEAR-2024-PC-34437,AL
XI-IATI-EC_NEAR-2023-ACT-61596,BA
XI-IATI-EC_NEAR-2023-PC-25441,BA
XI-IATI-EC_NEAR-2012-ACT-D-24572-00,EG
XI-IATI-EC_NEAR-2017-ACT-D-40318-00,GE
XI-IATI-EC_NEAR-2016-ACT-D-39318-00,GE
XI-IATI-EC_NEAR-2019-ACT-D-41937-00,GE
XI-IATI-EC_NEAR-2018-ACT-D-41405-00,GE
XI-IATI-EC_NEAR-2019-ACT-D-41934-01,GE
XI-IATI-EC_NEAR-2023-ACT-61996,GE
XI-IATI-EC_NEAR-2022-ACT-61197,GE
XI-IATI-EC_NEAR-2018-PCC-401348,GE
XI-IATI-EC_NEAR-2018-PCC-401352,GE
XI-IATI-EC_NEAR-2018-PCC-403393,GE
XI-IATI-EC_NEAR-2021-PCC-427568,GE
XI-IATI-EC_NEAR-2021-PCC-428565,GE
XI-IATI-EC_NEAR-2021-PC-7372,GE
XI-IATI-EC_NEAR-2020-PCC-421173,GE
XI-IATI-EC_NEAR-2020-PCC-417111,GE
XI-IATI-EC_NEAR-2021-PCC-416172,GE
XI-IATI-EC_NEAR-2021-PCC-427059,GE
XI-IATI-EC_NEAR-2021-PCC-428582,GE
XI-IATI-EC_NEAR-2021-PCC-424843,GE
XI-IATI-EC_NEAR-2022-PC-23383,GE
XI-IATI-EC_NEAR-2020-PCC-419437,GE
XI-IATI-EC_NEAR-2022-PC-21806,GE
XI-IATI-EC_NEAR-2022-PC-23492,GE
XI-IATI-EC_NEAR-2022-PC-22447,GE
XI-IATI-EC_NEAR-2022-PC-22453,GE
XI-IATI-EC_NEAR-2022-PC-23690,GE
XI-IATI-EC_NEAR-2022-PC-22151,GE
XI-IATI-EC_NEAR-2022-PC-22257,GE
XI-IATI-EC_NEAR-2023-PC-26221,GE
XI-IATI-EC_NEAR-2023-PC-23854,GE
XI-IATI-EC_NEAR-2023-PC-23151,GE
XI-IATI-EC_NEAR-2024-PC-26216,GE
XI-IATI-EC_NEAR-2015-ACT-D-37735-00,JO
XI-IATI-EC_NEAR-2016-ACT-D-39601-00,JO
XI-IATI-EC_NEAR-2017-ACT-D-40316-00,JO
XI-IATI-EC_NEAR-2017-ACT-D-40548-00,JO
XI-IATI-EC_NEAR-2019-ACT-D-42137-00,JO
XI-IATI-EC_NEAR-2020-ACT-D-42602-00,JO
XI-IATI-EC_NEAR-2019-ACT-D-42240-00,JO
XI-IATI-EC_NEAR-2021-ACT-61727,JO
XI-IATI-EC_NEAR-2020-ACT-D-42575-00,JO
XI-IATI-EC_NEAR-2021-ACT-62606,JO
XI-IATI-EC_NEAR-2023-ACT-61816,JO
XI-IATI-EC_NEAR-2022-ACT-60900,JO
XI-IATI-EC_NEAR-2022-ACT-60901,JO
XI-IATI-EC_NEAR-2019-PCC-411975,JO
XI-IATI-EC_NEAR-2018-PCC-399610,JO
XI-IATI-EC_NEAR-2017-PCC-394566,JO
XI-IATI-EC_NEAR-2016-PCC-380129,JO
XI-IATI-EC_NEAR-2016-PCC-380130,JO
XI-IATI-EC_NEAR-2017-PCC-394816,JO
XI-IATI-EC_NEAR-2020-PCC-420528,JO
XI-IATI-EC_NEAR-2020-PCC-420275,JO
XI-IATI-EC_NEAR-2021-PCC-430372,JO
XI-IATI-EC_NEAR-2022-PC-23142,JO
XI-IATI-EC_NEAR-2022-PC-24488,JO
XI-IATI-EC_NEAR-2022-PCC-430729,JO
XI-IATI-EC_NEAR-2022-PC-19257,JO
XI-IATI-EC_NEAR-2022-PC-19626,JO
XI-IATI-EC_NEAR-2023-PC-28407,JO
XI-IATI-EC_NEAR-2023-PC-24994,JO
XI-IATI-EC_NEAR-2023-PC-26322,JO
XI-IATI-EC_NEAR-2023-PC-26324,JO
XI-IATI-EC_NEAR-2023-PC-25371,JO
XI-IATI-EC_NEAR-2016-ACT-D-39842-01,MA
XI-IATI-EC_NEAR-2014-ACT-D-37371-00,MA
XI-IATI-EC_NEAR-2017-ACT-D-40260-00,MA
XI-IATI-EC_NEAR-2017-ACT-D-40313-00,MA
XI-IATI-EC_NEAR-2016-ACT-D-39372-02,MA
XI-IATI-EC_NEAR-2011-ACT-D-22775-00,MA
XI-IATI-EC_NEAR-2021-ACT-61868,MA
XI-IATI-EC_NEAR-2021-ACT-61066,MA
XI-IATI-EC_NEAR-2019-ACT-D-42126-00,MA
XI-IATI-EC_NEAR-2019-ACT-D-41950-00,MA
XI-IATI-EC_NEAR-2017-ACT-D-40759-00,MA
XI-IATI-EC_NEAR-2017-ACT-D-40761-01,MA
XI-IATI-EC_NEAR-2018-ACT-D-41398-00,MA
XI-IATI-EC_NEAR-2021-ACT-61137,MA
XI-IATI-EC_NEAR-2018-ACT-D-41290-00,MA
XI-IATI-EC_NEAR-2021-ACT-61068,MA
XI-IATI-EC_NEAR-2022-ACT-61027,MA
XI-IATI-EC_NEAR-2023-ACT-62340,MA
XI-IATI-EC_NEAR-2018-ACT-D-41151-00,MA
XI-IATI-EC_NEAR-2020-ACT-D-42278-00,MA
XI-IATI-EC_NEAR-2020-ACT-D-42291-00,MA
XI-IATI-EC_NEAR-2022-ACT-61400,MA
XI-IATI-EC_NEAR-2022-ACT-60561,MA
XI-IATI-EC_NEAR-2022-ACT-61199,MA
XI-IATI-EC_NEAR-2019-PCC-414058,MA
XI-IATI-EC_NEAR-2019-PCC-413828,MA
XI-IATI-EC_NEAR-2017-PCC-394764,MA
XI-IATI-EC_NEAR-2018-PCC-404157,MA
XI-IATI-EC_NEAR-2021-PCC-428889,MA
XI-IATI-EC_NEAR-2021-PCC-428890,MA
XI-IATI-EC_NEAR-2021-PCC-423852,MA
XI-IATI-EC_NEAR-2021-PCC-428962,MA
XI-IATI-EC_NEAR-2021-PCC-428965,MA
XI-IATI-EC_NEAR-2021-PCC-430122,MA
XI-IATI-EC_NEAR-2021-PCC-428959,MA
XI-IATI-EC_NEAR-2021-PCC-427905,MA
XI-IATI-EC_NEAR-2021-PCC-423450,MA
XI-IATI-EC_NEAR-2017-PCC-394871,MA
XI-IATI-EC_NEAR-2021-PC-7220,MA
XI-IATI-EC_NEAR-2020-PCC-416795,MA
XI-IATI-EC_NEAR-2021-PCC-415259,MA
XI-IATI-EC_NEAR-2021-PCC-415264,MA
XI-IATI-EC_NEAR-2020-PCC-416748,MA
XI-IATI-EC_NEAR-2021-PCC-417640,MA
XI-IATI-EC_NEAR-2020-PCC-421661,MA
XI-IATI-EC_NEAR-2020-PCC-416324,MA
XI-IATI-EC_NEAR-2021-PC-4855,MA
XI-IATI-EC_NEAR-2021-PCC-424895,MA
XI-IATI-EC_NEAR-2021-PCC-425620,MA
XI-IATI-EC_NEAR-2021-PCC-429045,MA
XI-IATI-EC_NEAR-2023-PC-17755,MA
XI-IATI-EC_NEAR-2022-PC-24235,MA
XI-IATI-EC_NEAR-2022-PC-23356,MA
XI-IATI-EC_NEAR-2020-PCC-415186,MA
XI-IATI-EC_NEAR-2023-PC-13415,MA
XI-IATI-EC_NEAR-2020-PCC-414985,MA
XI-IATI-EC_NEAR-2021-PC-2265,MA
XI-IATI-EC_NEAR-2022-PC-22869,MA
XI-IATI-EC_NEAR-2022-PC-23718,MA
XI-IATI-EC_NEAR-2022-PC-10234,MA
XI-IATI-EC_NEAR-2022-PC-20176,MA
XI-IATI-EC_NEAR-2023-PC-29638,MA
XI-IATI-EC_NEAR-2023-PC-29284,MA
XI-IATI-EC_NEAR-2023-PC-29639,MA
XI-IATI-EC_NEAR-2023-PC-22338,MA
XI-IATI-EC_NEAR-2023-PC-26509,MA
XI-IATI-EC_NEAR-2023-PC-25026,MA
XI-IATI-EC_NEAR-2023-PC-26205,MA
XI-IATI-EC_NEAR-2023-PC-26206,MA
XI-IATI-EC_NEAR-2023-PC-26487,MA
XI-IATI-EC_NEAR-2023-PC-21871,MA
XI-IATI-EC_NEAR-2023-PC-26474,MA
XI-IATI-EC_NEAR-2023-PC-25712,MA
XI-IATI-EC_NEAR-2024-PC-36873,MA
XI-IATI-EC_NEAR-2024-PC-16109,MA
XI-IATI-EC_NEAR-2024-PC-26165,MA
XI-IATI-EC_NEAR-2015-ACT-D-37894-03,ME
XI-IATI-EC_NEAR-2023-ACT-60844,ME
XI-IATI-EC_NEAR-2023-ACT-60862,ME
XI-IATI-EC_NEAR-2023-ACT-61597,ME
XI-IATI-EC_NEAR-2020-ACT-D-42145-06,ME
XI-IATI-EC_NEAR-2023-PC-34044,ME
XI-IATI-EC_NEAR-2023-PC-25995,ME
XI-IATI-EC_NEAR-2023-PC-25842,ME
XI-IATI-EC_NEAR-2023-PC-25328,ME
XI-IATI-EC_NEAR-2023-PC-25094,ME
XI-IATI-EC_NEAR-2024-PC-26711,ME
XI-IATI-EC_NEAR-2020-ACT-D-42747-06,MK
XI-IATI-EC_NEAR-2019-ACT-D-41263-03,MK
XI-IATI-EC_NEAR-2023-ACT-61594,MK
XI-IATI-EC_NEAR-2022-ACT-60915,MK
XI-IATI-EC_NEAR-2019-PCC-415500,MK
XI-IATI-EC_NEAR-2020-PCC-421250,MK
XI-IATI-EC_NEAR-2020-PCC-419152,MK
XI-IATI-EC_NEAR-2015-ACT-D-38144-00,MD
XI-IATI-EC_NEAR-2021-ACT-62648,MD
XI-IATI-EC_NEAR-2020-ACT-D-42924-00,MD
XI-IATI-EC_NEAR-2023-ACT-60518,MD
XI-IATI-EC_NEAR-2023-PC-22941,MK
XI-IATI-EC_NEAR-2023-PC-26649,MK
XI-IATI-EC_NEAR-2024-PC-25269,MK
XI-IATI-EC_NEAR-2021-PCC-430625,MD
XI-IATI-EC_NEAR-2022-PC-18169,MD
XI-IATI-EC_NEAR-2023-PC-31959,MD
XI-IATI-EC_NEAR-2016-ACT-D-39803-06,RS
XI-IATI-EC_NEAR-2016-ACT-D-39806-09,RS
XI-IATI-EC_NEAR-2015-ACT-D-38444-04,RS
XI-IATI-EC_NEAR-2021-ACT-60872,RS
XI-IATI-EC_NEAR-2021-ACT-61585,RS
XI-IATI-EC_NEAR-2021-ACT-60875,RS
XI-IATI-EC_NEAR-2024-ACT-62417,RS
XI-IATI-EC_NEAR-2018-PCC-397293,RS
XI-IATI-EC_NEAR-2019-PCC-407821,RS
XI-IATI-EC_NEAR-2018-PCC-395584,RS
XI-IATI-EC_NEAR-2022-PC-18779,RS
XI-IATI-EC_NEAR-2023-PC-29296,RS
XI-IATI-EC_NEAR-2023-PC-26113,RS
XI-IATI-EC_NEAR-2023-PC-25802,RS
XI-IATI-EC_NEAR-2023-PC-25764,RS
XI-IATI-EC_NEAR-2024-PC-37108,RS
XI-IATI-EC_NEAR-2024-PC-25804,RS
XI-IATI-EC_NEAR-2022-ACT-60730,PS
XI-IATI-EC_NEAR-2023-PC-23862,PS
XI-IATI-EC_NEAR-2023-PC-21815,PS
XI-IATI-EC_NEAR-2015-ACT-D-38422-00,TN
XI-IATI-EC_NEAR-2017-ACT-D-40562-01,TN
XI-IATI-EC_NEAR-2017-ACT-D-40695-00,TN
XI-IATI-EC_NEAR-2017-ACT-D-40704-00,TN
XI-IATI-EC_NEAR-2017-ACT-D-40445-00,TN
XI-IATI-EC_NEAR-2016-ACT-D-39506-00,TN
XI-IATI-EC_NEAR-2015-ACT-D-38720-00,TN
XI-IATI-EC_NEAR-2021-ACT-61082,TN
XI-IATI-EC_NEAR-2020-ACT-D-42859-00,TN
XI-IATI-EC_NEAR-2019-ACT-D-41859-00,TN
XI-IATI-EC_NEAR-2019-ACT-D-41860-00,TN
XI-IATI-EC_NEAR-2019-ACT-D-41891-00,TN
XI-IATI-EC_NEAR-2023-ACT-62422,TN
XI-IATI-EC_NEAR-2019-PCC-410052,TN
XI-IATI-EC_NEAR-2019-PCC-404352,TN
XI-IATI-EC_NEAR-2019-PCC-404799,TN
XI-IATI-EC_NEAR-2018-PCC-403150,TN
XI-IATI-EC_NEAR-2019-PCC-407099,TN
XI-IATI-EC_NEAR-2019-PCC-411467,TN
XI-IATI-EC_NEAR-2018-PCC-404297,TN
XI-IATI-EC_NEAR-2018-PCC-404376,TN
XI-IATI-EC_NEAR-2018-PCC-404417,TN
XI-IATI-EC_NEAR-2018-PCC-403140,TN
XI-IATI-EC_NEAR-2021-PCC-427970,TN
XI-IATI-EC_NEAR-2021-PCC-428148,TN
XI-IATI-EC_NEAR-2021-PCC-428768,TN
XI-IATI-EC_NEAR-2021-PCC-414053,TN
XI-IATI-EC_NEAR-2020-PCC-416672,TN
XI-IATI-EC_NEAR-2020-PCC-420597,TN
XI-IATI-EC_NEAR-2021-PC-8877,TN
XI-IATI-EC_NEAR-2021-PCC-426850,TN
XI-IATI-EC_NEAR-2021-PCC-423254,TN
XI-IATI-EC_NEAR-2021-PCC-430183,TN
XI-IATI-EC_NEAR-2020-PCC-418579,TN
XI-IATI-EC_NEAR-2021-PCC-428588,TN
XI-IATI-EC_NEAR-2022-PC-22976,TN
XI-IATI-EC_NEAR-2022-PCC-425501,TN
XI-IATI-EC_NEAR-2021-PC-3558,TN
XI-IATI-EC_NEAR-2020-PCC-417245,TN
XI-IATI-EC_NEAR-2022-PC-15378,TN
XI-IATI-EC_NEAR-2022-PC-23457,TN
XI-IATI-EC_NEAR-2022-PC-20298,TN
XI-IATI-EC_NEAR-2023-PC-31718,TN
XI-IATI-EC_NEAR-2023-PC-31719,TN
XI-IATI-EC_NEAR-2023-PC-31722,TN
XI-IATI-EC_NEAR-2023-PC-30456,TN
XI-IATI-EC_NEAR-2023-PC-30872,TN
XI-IATI-EC_NEAR-2023-PC-32512,TN
XI-IATI-EC_NEAR-2023-PC-30873,TN
XI-IATI-EC_NEAR-2024-PC-39790,TN
XI-IATI-EC_NEAR-2024-PC-38097,TN
XI-IATI-EC_NEAR-2024-PC-38100,TN
XI-IATI-EC_NEAR-2023-PC-37347,TN
XI-IATI-EC_NEAR-2024-PC-32056,TN
XI-IATI-EC_NEAR-2024-PC-27731,TN
XI-IATI-EC_NEAR-2016-ACT-D-39747-07,XK
XI-IATI-EC_NEAR-2023-ACT-61599,XK
XI-IATI-EC_NEAR-2017-PCC-394632,XK
XI-IATI-EC_NEAR-2022-PC-24561,XK
XI-IATI-EC_NEAR-2023-PC-25711,XK
XI-IATI-EC_NEAR-2016-ACT-D-39569-00,UA
XI-IATI-EC_NEAR-2022-ACT-60707,UA
XI-IATI-EC_NEAR-2022-ACT-61256,UA
XI-IATI-EC_NEAR-2023-ACT-61827,UA
XI-IATI-EC_NEAR-2021-ACT-62782,UA
XI-IATI-EC_NEAR-2017-PCC-385741,UA
XI-IATI-EC_NEAR-2022-PC-15302,UA
XI-IATI-EC_NEAR-2022-PC-19078,UA
XI-IATI-EC_NEAR-2023-PC-34368,UA
XI-IATI-EC_NEAR-2023-PC-26460,UA
XI-IATI-EC_NEAR-2024-PC-41992,UA
GB-1-103985-101,MZ
GB-1-103986-101,MZ
GB-1-202328-101,PK
GB-1-202377-101,RW
GB-1-202462-101,MZ
GB-1-202468-101,GH
GB-1-202697-101,PK
GB-1-202893-104,ET
GB-1-202990-101,ET
GB-1-202990-103,ET
GB-1-202991-102,ET
GB-1-203001-101,ZM
GB-1-203100-104,NP
GB-1-203213-101,TZ
GB-1-203213-102,TZ
GB-1-203396-102,ET
GB-1-203413-102,NP
GB-1-203536-101,GH
GB-1-203536-113,GH
GB-1-203585-101,SL
GB-1-203766-109,ET
GB-1-203766-111,ET
GB-1-203766-112,ET
GB-1-203811-101,MW
GB-1-204024-107,PK
GB-1-204179-101,MZ
GB-1-204288-102,TZ
GB-1-205145-102,NP
GB-1-205145-104,NP
GB-GOV-1-301596-404,NP
GB-1-114506-106,IN
GB-1-113707-102,IN
GB-1-113963-102,IN
GB-1-114086-101,MZ
GB-GOV-3-PSA-NPK-200029,NP
GB-1-201375-102,NP
GB-1-201375-106,NP
GB-1-201564-101,ZM
GB-1-201629-108,GH
FI-3-2014-2005050123,MZ
FI-3-2014-2002023052,MZ
FI-3-2014-2008080028,MZ
FI-3-2014-2014140714,MZ
FI-3-2014-2000003078,TZ
FI-3-2014-2013130107,TZ
FI-3-2014-2013130132,ZM
FI-3-2014-2012000151,ZM
FI-3-2014-2009091300,NP
FI-3-2014-2008080130,VN
FI-3-2014-2004043014,VN
FI-3-2014-2013130288,VN
FI-3-2014-2014140891,PS
FI-3-2016-2005050123,MZ
FI-3-2016-2008080028,MZ
FI-3-2016-2013130107,TZ
FI-3-2016-2009091300,NP
FI-3-2016-2013130288,VN
FI-3-2016-2014140891,PS
FI-3-2015-2015150032,ET
FI-3-2015-2005050123,MZ
FI-3-2015-2008080028,MZ
FI-3-2015-2014140714,MZ
FI-3-2015-2013130107,TZ
FI-3-2015-2009091300,NP
FI-3-2015-2008080130,VN
FI-3-2015-2013130288,VN
FI-3-2015-2014140891,PS
FI-3-2017-2015150032,ET
FI-3-2017-2005050123,MZ
FI-3-2017-2013130288,VN
FI-3-2017-2014140891,PS
FI-3-2018-2015150032,ET
FI-3-2018-2005050123,MZ
FI-3-2018-2013130288,VN
FI-3-2018-2018180551,PS
FI-3-2021-2021001001,ZA
FI-3-2021-2019190107,MZ
FI-3-2021-2021005339,NP
FI-3-2021-2018180551,PS
FI-3-2019-2015150032,ET
FI-3-2019-2019190049,ET
FI-3-2019-2005050123,MZ
FI-3-2019-2019190107,MZ
FI-3-2019-2013130288,VN
FI-3-2019-2018180551,PS
FI-3-2020-2019190049,ET
FI-3-2020-2019190107,MZ
FI-3-2020-2018180551,PS
FI-3-2022-2018180551,PS
FI-3-2022-2021210112,NP
FI-3-2022-2019190049,ET
FI-3-2022-2022220043,MZ
FI-3-2022-2019190107,MZ
FI-3-2024-2024240132,NP
FI-3-2024-2024240259,MZ
FI-3-2024-2024240349,PS
FI-3-2023-2023230044,ET
FI-3-2023-2023230130,MZ
FI-3-2023-2023230300,NP
FI-3-2023-2023230435,PS
FI-3-2023-2023230729,TZ
FI-3-2025-2025250181,PS
FI-3-2025-2025250423,NP
XM-DAC-5-7-6617541,AR
XM-DAC-5-7-6619031,PK
XM-DAC-5-7-6618689,SY
XM-DAC-5-7-6618709,SY
XM-DAC-5-7-6618264,AL
XM-DAC-5-7-6618595,BA
XM-DAC-5-7-6619010,BJ
XM-DAC-5-7-6619140,ML
XM-DAC-5-7-6619197,RW
CA-3-A033033001,MZ
CA-3-A033033002,MZ
CA-3-A033033004,MZ
CA-3-A033640001,HN
CA-3-A034252001,BD
CA-3-A034769001,ML
CA-3-A035261001,MZ
CA-3-A035342001,TZ
CA-3-A035369002,SN
CA-3-A035369003,SN
CA-3-A035435001,ML
CA-3-D000301001,TZ
CA-3-D000327001,JO
CA-3-D000954001,BF
CA-3-A032220001,ML
CA-3-A032230001,VN
CA-3-A034768005,ML
CA-3-A035209001,ML
CA-3-D000259001,TZ
CA-3-D001661001,SN
CA-3-P006740001,JO
CA-3-P006740002,JO
CA-3-A033419002,GH
CA-3-A033985001,TZ
CA-3-A033999002,TZ
CA-3-A034052001,SN
CA-3-A033033007,MZ
CA-3-A034379001,SN
CA-3-A034782006,TZ
CA-3-A034908002,ML
XM-DAC-50-21-Z03-24-01-22500,PY
XI-IATI-IADB-BA-U0001,BB
XI-IATI-IADB-BA-L1056,BB
XI-IATI-IADB-BA-L1061,BB
XI-IATI-IADB-BA-L1052,BB
XI-IATI-IADB-BA-L1048,BB
XI-IATI-IADB-BA-L1050,BB
XI-IATI-IADB-BA-L1060,BB
XI-IATI-IADB-BA-L1062,BB
XI-IATI-IADB-BA-U0002,BB
XI-IATI-IADB-BO-L1100,BO
XI-IATI-IADB-BO-L1200,BO
XI-IATI-IADB-BO-L1112,BO
XI-IATI-IADB-BO-L1089,BO
XI-IATI-IADB-BO-L1107,BO
XI-IATI-IADB-BO-L1104,BO
XI-IATI-IADB-BO-L1189,BO
XI-IATI-IADB-BO-L1183,BO
XI-IATI-IADB-BO-L1199,BO
XI-IATI-IADB-BH-U0002,BS
XI-IATI-IADB-BH-L1052,BS
XI-IATI-IADB-BH-U0001,BS
XI-IATI-IADB-BH-L1050,BS
XI-IATI-IADB-BH-L1062,BS
XI-IATI-IADB-BH-L1056,BS
XI-IATI-IADB-AR-L1268,AR
XI-IATI-IADB-AR-L1303,AR
XI-IATI-IADB-AR-L1404,AR
XI-IATI-IADB-AR-L1304,AR
XI-IATI-IADB-AR-L1298,AR
XI-IATI-IADB-AR-L1370,AR
XI-IATI-IADB-AR-L1413,AR
XI-IATI-IADB-AR-L1412,AR
XI-IATI-IADB-AR-L1351,AR
XI-IATI-IADB-AR-L1283,AR
XI-IATI-IADB-CH-L1111,CL
XI-IATI-IADB-CH-L1157,CL
XI-IATI-IADB-CH-L1110,CL
XI-IATI-IADB-CH-L1172,CL
XI-IATI-IADB-CH-L1148,CL
XI-IATI-IADB-CH-L1095,CL
XI-IATI-IADB-CH-L1145,CL
XI-IATI-IADB-CH-L1160,CL
XI-IATI-IADB-CH-L1149,CL
XI-IATI-IADB-CH-L1159,CL
XI-IATI-IADB-CH-L1136,CL
XI-IATI-IADB-CH-L1165,CL
XI-IATI-IADB-CH-L1174,CL
XI-IATI-IADB-CH-L1135,CL
XI-IATI-IADB-CH-L1134,CL
XI-IATI-IADB-CH-L1164,CL
XI-IATI-IADB-CH-L1179,CL
XI-IATI-IADB-CR-L1081,CR
XI-IATI-IADB-CR-L1145,CR
XI-IATI-IADB-CR-L1142,CR
XI-IATI-IADB-CO-L1268,CO
XI-IATI-IADB-CO-L1302,CO
XI-IATI-IADB-CO-L1142,CO
XI-IATI-IADB-CO-L1283,CO
XI-IATI-IADB-CO-L1144,CO
XI-IATI-IADB-CO-J0014,CO
XI-IATI-IADB-CO-L1217,CO
XI-IATI-IADB-CO-L1237,CO
XI-IATI-IADB-CO-L1274,CO
XI-IATI-IADB-CO-L1233,CO
XI-IATI-IADB-CO-L1162,CO
XI-IATI-IADB-CO-L1252,CO
XI-IATI-IADB-CO-L1163,CO
XI-IATI-IADB-CO-L1254,CO
XI-IATI-IADB-CO-L1141,CO
XI-IATI-IADB-CO-L1214,CO
XI-IATI-IADB-CO-L1227,CO
XI-IATI-IADB-CO-L1272,CO
XI-IATI-IADB-CO-L1291,CO
XI-IATI-IADB-DR-L1132,DO
XI-IATI-IADB-DR-L1146,DO
XI-IATI-IADB-DR-L1058,DO
XI-IATI-IADB-DR-L1072,DO
XI-IATI-IADB-DR-L1121,DO
XI-IATI-IADB-DR-L1140,DO
XI-IATI-IADB-DR-L1144,DO
XI-IATI-IADB-DR-L1162,DO
XI-IATI-IADB-DR-L1079,DO
XI-IATI-IADB-DR-L1073,DO
XI-IATI-IADB-BR-L1385,BR
XI-IATI-IADB-BR-L1575,BR
XI-IATI-IADB-BR-L1381,BR
XI-IATI-IADB-BR-L1375,BR
XI-IATI-IADB-BR-L1374,BR
XI-IATI-IADB-GU-L1183,GT
XI-IATI-IADB-GU-L1085,GT
XI-IATI-IADB-GU-L1096,GT
XI-IATI-IADB-GY-L1086,GY
XI-IATI-IADB-GY-L1067,GY
XI-IATI-IADB-GY-L1043,GY
XI-IATI-IADB-GY-L1075,GY
XI-IATI-IADB-GY-L1089,GY
XI-IATI-IADB-GY-L1083,GY
XI-IATI-IADB-EC-L1280,EC
XI-IATI-IADB-EC-L1265,EC
XI-IATI-IADB-EC-L1140,EC
XI-IATI-IADB-EC-L1287,EC
XI-IATI-IADB-EC-L1293,EC
XI-IATI-IADB-EC-U0005,EC
XI-IATI-IADB-EC-L1277,EC
XI-IATI-IADB-EC-L1273,EC
XI-IATI-IADB-EC-L1238,EC
XI-IATI-IADB-EC-L1301,EC
XI-IATI-IADB-EC-L1252,EC
XI-IATI-IADB-EC-L1310,EC
XI-IATI-IADB-EC-U0007,EC
XI-IATI-IADB-HO-L1229,HN
XI-IATI-IADB-HO-L1207,HN
XI-IATI-IADB-HO-L1193,HN
XI-IATI-IADB-HO-L1204,HN
XI-IATI-IADB-HO-L1103,HN
XI-IATI-IADB-HO-L1219,HN
XI-IATI-IADB-HO-L1206,HN
XI-IATI-IADB-HO-L1198,HN
XI-IATI-IADB-HO-L1232,HN
XI-IATI-IADB-HO-L1248,HN
XI-IATI-IADB-HO-L1182,HN
XI-IATI-IADB-HO-L1118,HN
XI-IATI-IADB-HO-L1070,HN
XI-IATI-IADB-HO-L1189,HN
XI-IATI-IADB-JA-L1086,JM
XI-IATI-IADB-JA-L1033,JM
XI-IATI-IADB-JA-L1058,JM
XI-IATI-IADB-JA-L1080,JM
XI-IATI-IADB-JA-L1078,JM
XI-IATI-IADB-JA-L1014,JM
XI-IATI-IADB-JA-L1087,JM
XI-IATI-IADB-JA-L1051,JM
XI-IATI-IADB-JA-L1055,JM
XI-IATI-IADB-JA-L1038,JM
XI-IATI-IADB-JA-L1088,JM
XI-IATI-IADB-ME-L1144,MX
XI-IATI-IADB-ME-L1189,MX
XI-IATI-IADB-ME-L1331,MX
XI-IATI-IADB-ME-L1264,MX
XI-IATI-IADB-ME-L1322,MX
XI-IATI-IADB-ME-L1299,MX
XI-IATI-IADB-ME-L1332,MX
XI-IATI-IADB-ME-L1315,MX
XI-IATI-IADB-ME-L1341,MX
XI-IATI-IADB-ME-L1289,MX
XI-IATI-IADB-ME-L1294,MX
XI-IATI-IADB-ME-L1266,MX
XI-IATI-IADB-ME-L1276,MX
XI-IATI-IADB-ME-L1253,MX
XI-IATI-IADB-ME-L1186,MX
XI-IATI-IADB-HA-L1099,HT
XI-IATI-IADB-HA-L1088,HT
XI-IATI-IADB-HA-L1090,HT
XI-IATI-IADB-NI-L1096,NI
XI-IATI-IADB-NI-L1079,NI
XI-IATI-IADB-NI-L1144,NI
XI-IATI-IADB-NI-L1089,NI
XI-IATI-IADB-PN-L1175,PA
XI-IATI-IADB-PN-L1159,PA
XI-IATI-IADB-PN-L1181,PA
XI-IATI-IADB-PN-L1145,PA
XI-IATI-IADB-PN-L1152,PA
XI-IATI-IADB-PN-L1167,PA
XI-IATI-IADB-PN-L1149,PA
XI-IATI-IADB-PN-L1100,PA
XI-IATI-IADB-PN-L1119,PA
XI-IATI-IADB-PN-L1110,PA
XI-IATI-IADB-PN-L1151,PA
XI-IATI-IADB-PN-L1193,PA
XI-IATI-IADB-PN-L1178,PA
XI-IATI-IADB-PN-L1118,PA
XI-IATI-IADB-PN-L1103,PA
XI-IATI-IADB-PN-L1162,PA
XI-IATI-IADB-PN-L1156,PA
XI-IATI-IADB-SU-L1065,SR
XI-IATI-IADB-SU-L1033,SR
XI-IATI-IADB-SU-L1066,SR
XI-IATI-IADB-SU-L1043,SR
XI-IATI-IADB-SU-L1075,SR
XI-IATI-IADB-SU-L1036,SR
XI-IATI-IADB-ES-L1093,SV
XI-IATI-IADB-ES-L1137,SV
XI-IATI-IADB-ES-L1143,SV
XI-IATI-IADB-PE-L1267,PE
XI-IATI-IADB-PE-L1099,PE
XI-IATI-IADB-PE-L1261,PE
XI-IATI-IADB-PE-L1276,PE
XI-IATI-IADB-PE-L1154,PE
XI-IATI-IADB-PE-L1283,PE
XI-IATI-IADB-PE-L1244,PE
XI-IATI-IADB-PE-L1138,PE
XI-IATI-IADB-PE-L1169,PE
XI-IATI-IADB-PE-L1303,PE
XI-IATI-IADB-PE-L1140,PE
XI-IATI-IADB-PE-L1262,PE
XI-IATI-IADB-PE-L1223,PE
XI-IATI-IADB-PR-L1163,PY
XI-IATI-IADB-PR-L1144,PY
XI-IATI-IADB-PR-L1161,PY
XI-IATI-IADB-PR-L1179,PY
XI-IATI-IADB-PR-L1175,PY
XI-IATI-IADB-PR-L1151,PY
XI-IATI-IADB-PR-L1177,PY
XI-IATI-IADB-PR-L1180,PY
XI-IATI-IADB-PR-L1101,PY
XI-IATI-IADB-PR-L1185,PY
XI-IATI-IADB-TT-L1058,TT
XI-IATI-IADB-UR-L1170,UY
XI-IATI-IADB-UR-L1207,UY
XI-IATI-IADB-UR-L1108,UY
XI-IATI-IADB-UR-L1076,UY
XI-IATI-IADB-UR-L1140,UY
XI-IATI-IADB-UR-L1186,UY
XI-IATI-IADB-UR-L1106,UY
XI-IATI-IADB-UR-L1156,UY
XI-IATI-IADB-UR-L1097,UY
XI-IATI-IADB-UR-L1175,UY
XI-IATI-IADB-UR-L1195,UY
XI-IATI-IADB-UR-L1199,UY
XM-DAC-50-21-Z03-25-01-21800,CV
BJ-IFU-6201100143407-RSG0123375-29295,BJ
BJ-IFU-4201710182326-RSG0123375-29295A,BJ
BJ-IFU-4201710182326-RSG0123375-29296,BJ
BJ-IFU-4201710182326-RSG0123375-29295,BJ
XM-DAC-46004-54192-001-GRNT0772,AF
XM-DAC-46004-38122-013-LN2215,AF
XM-DAC-46004-37393-032-GRNT0067,AF
XM-DAC-46004-43087-013-LN2529,AM
XM-DAC-46004-43087-023-LN2530,AM
XM-DAC-46004-45230-001-LN2922,AM
XM-DAC-46004-46220-001-LN3155,AM
XM-DAC-46004-46220-006-LN3453,AM
XM-DAC-46004-51060-002-LN3584,AM
XM-DAC-46004-51060-003-LN3735,AM
XM-DAC-46004-53248-001-LN3859,AM
XM-DAC-46004-51129-002-LN3860,AM
XM-DAC-46004-55103-001-LN4250,AM
XM-DAC-46004-55103-002-LN4518,AM
XM-DAC-46004-58475-001-LN4760,AM
XM-DAC-46004-50145-001-LN3486,AZ
XM-DAC-46004-48386-004-LN3614,AZ
XM-DAC-46004-51059-001-LN3616,AZ
XM-DAC-46004-51059-002-LN3868,AZ
XM-DAC-46004-55073-001-LN4082,AZ
XM-DAC-46004-42503-013-LN2565,CK
XM-DAC-46004-42503-023-LN2946,CK
XM-DAC-46004-50212-001-LN3479,CK
XM-DAC-46004-50212-003-LN3933,CK
XM-DAC-46004-54289-001-LN4010,CK
XM-DAC-46004-55014-001-LN4161,CK
XM-DAC-46004-55014-001-LN4162,CK
XM-DAC-46004-56138-002-LN4459,CK
XM-DAC-46004-57084-001-LN4563,CK
XM-DAC-46004-46371-002-GRNT0431,BT
XM-DAC-46004-37164-023-LN2279,BT
XM-DAC-46004-45260-001-LN2955,BT
XM-DAC-46004-46371-001-LN2994,BT
XM-DAC-46004-46371-002-LN3258,BT
XM-DAC-46004-51141-002-GRNT0615,BT
XM-DAC-46004-51252-003-LN3863,BT
XM-DAC-46004-54183-001-LN3914,BT
XM-DAC-46004-51252-004-LN3992,BT
XM-DAC-46004-51252-005-LN4130,BT
XM-DAC-46004-56010-001-LN4229,BT
XM-DAC-46004-56010-002-LN4453,BT
XM-DAC-46004-59151-001-GRNT1094,BT
XM-DAC-46004-59151-001-LN4722,BT
XM-DAC-46004-58522-001-GRNT1030,BT
XM-DAC-46004-58522-001-LN4752,BT
XM-DAC-46004-48490-002-LN3667,FJ
XM-DAC-46004-48490-003-LN3812,FJ
XM-DAC-46004-48490-004-LN3952,FJ
XM-DAC-46004-55116-001-LN4194,FJ
XM-DAC-46004-55116-001-LN4193,FJ
XM-DAC-46004-57264-001-LN4471,FJ
XM-DAC-46004-50028-002-GRNT0669,FM
XM-DAC-46004-54309-001-GRNT0751,FM
XM-DAC-46004-50028-003-GRNT0756,FM
XM-DAC-46004-56138-002-GRNT0950,FM
XM-DAC-46004-42529-013-LN2531,GE
XM-DAC-46004-42529-023-LN2532,GE
XM-DAC-46004-43496-013-LN2664,GE
XM-DAC-46004-48044-001-LN3190,GE
XM-DAC-46004-48044-001-LN3191,GE
XM-DAC-46004-48044-004-LN3282,GE
XM-DAC-46004-48044-004-LN3283,GE
XM-DAC-46004-48044-005-LN3417,GE
XM-DAC-46004-48044-005-LN3418,GE
XM-DAC-46004-54191-001-LN3929,GE
XM-DAC-46004-51132-002-LN3985,GE
XM-DAC-46004-54271-001-LN3993,GE
XM-DAC-46004-52339-001-LN4033,GE
XM-DAC-46004-49006-003-LN4112,GE
XM-DAC-46004-54271-002-LN4246,GE
XM-DAC-46004-54014-001-LN4378,GE
XM-DAC-46004-56069-001-LN4444,GE
XM-DAC-46004-52339-003-LN4547,GE
XM-DAC-46004-37307-013-LN2267,BD
XM-DAC-46004-36107-023-LN2334,BD
XM-DAC-46004-37017-013-LN2362,BD
XM-DAC-46004-39405-013-LN2383,BD
XM-DAC-46004-39305-013-LN2554,BD
XM-DAC-46004-43157-013-LN2566,BD
XM-DAC-46004-43157-013-LN2567,BD
XM-DAC-46004-43157-013-LN2568,BD
XM-DAC-46004-43157-013-LN2569,BD
XM-DAC-46004-43477-013-LN2951,BD
XM-DAC-46004-43477-013-LN2952,BD
XM-DAC-46004-43477-013-LN2953,BD
XM-DAC-46004-45260-001-LN2954,BD
XM-DAC-46004-45253-002-LN3318,BD
XM-DAC-46004-45253-002-LN3319,BD
XM-DAC-46004-54180-001-LN3920,BD
XM-DAC-46004-54180-001-LN3919,BD
XM-DAC-46004-53260-001-LN4177,BD
XM-DAC-46004-55041-001-LN4076,BD
XM-DAC-46004-55041-003-LN4187,BD
XM-DAC-46004-54307-001-LN4115,BD
XM-DAC-46004-54307-002-LN4319,BD
XM-DAC-46004-56253-001-LN4423,BD
XM-DAC-46004-57194-001-LN4451,BD
XM-DAC-46004-58020-001-LN4571,BD
XM-DAC-46004-56253-004-LN4606,BD
XM-DAC-46004-58446-001-LN4605,BD
XM-DAC-46004-57194-002-LN4774,BD
XM-DAC-46004-58020-002-LN4780,BD
XM-DAC-46004-58020-002-LN4781,BD
XM-DAC-46004-40009-023-LN2263,ID
XM-DAC-46004-40003-013-LN2361,ID
XM-DAC-46004-32507-013-LN2379,ID
XM-DAC-46004-40272-013-LN2394,ID
XM-DAC-46004-40009-033-LN2475,ID
XM-DAC-46004-38264-013-LN2478,ID
XM-DAC-46004-40273-013-LN2488,ID
XM-DAC-46004-43009-013-LN2521,ID
XM-DAC-46004-32507-023-LN2577,ID
XM-DAC-46004-43092-013-LN2595,ID
XM-DAC-46004-40009-043-LN2708,ID
XM-DAC-46004-43211-013-LN2723,ID
XM-DAC-46004-46239-001-LN2871,ID
XM-DAC-46004-44252-013-LN2895,ID
XM-DAC-46004-46093-001-LN2942,ID
XM-DAC-46004-46093-004-LN3068,ID
XM-DAC-46004-48134-001-LN3164,ID
XM-DAC-46004-48207-001-LN3274,ID
XM-DAC-46004-49043-001-LN3303,ID
XM-DAC-46004-48134-006-LN3402,ID
XM-DAC-46004-50168-001-LN3454,ID
XM-DAC-46004-48207-002-LN3541,ID
XM-DAC-46004-49043-002-LN3561,ID
XM-DAC-46004-50168-002-LN3671,ID
XM-DAC-46004-48134-007-LN3670,ID
XM-DAC-46004-48207-004-LN3779,ID
XM-DAC-46004-50168-003-LN3842,ID
XM-DAC-46004-54139-001-LN3905,ID
XM-DAC-46004-54139-001-LN3906,ID
XM-DAC-46004-54117-001-LN3971,ID
XM-DAC-46004-52218-001-LN4038,ID
XM-DAC-46004-53211-001-LN4137,ID
XM-DAC-46004-54461-001-LN4144,ID
XM-DAC-46004-49043-003-LN4256,ID
XM-DAC-46004-52218-002-LN4249,ID
XM-DAC-46004-55235-001-LN4251,ID
XM-DAC-46004-53211-002-LN4350,ID
XM-DAC-46004-54461-002-LN4377,ID
XM-DAC-46004-57018-001-LN4449,ID
XM-DAC-46004-56368-001-LN4487,ID
XM-DAC-46004-58165-001-LN4557,ID
XM-DAC-46004-56257-001-LN4617,ID
XM-DAC-46004-53211-003-LN4659,ID
XM-DAC-46004-54461-003-LN4723,ID
XM-DAC-46004-56140-001-GRNT1064,ID
XM-DAC-46004-53211-003-LN4659-JICA,ID
XM-DAC-46004-53211-003-LN4659-KfW,ID
XM-DAC-46004-41544-084-GRNT0393,KG
XM-DAC-46004-46537-002-GRNT0407,KG
XM-DAC-46004-41544-088-GRNT0432,KG
XM-DAC-46004-41544-089-GRNT0487,KG
XM-DAC-46004-50024-002-GRNT0552,KG
XM-DAC-46004-41544-091-GRNT0563,KG
XM-DAC-46004-34172-013-LN2224,KG
XM-DAC-46004-41544-089-LN3410,KG
XM-DAC-46004-54169-001-GRNT0699,KG
XM-DAC-46004-54169-001-LN3913,KG
XM-DAC-46004-52225-003-GRNT0800,KG
XM-DAC-46004-52225-003-LN4114,KG
XM-DAC-46004-52225-001-GRNT0657,KG
XM-DAC-46004-52225-004-LN4221,KG
XM-DAC-46004-52225-004-GRNT0853,KG
XM-DAC-46004-56150-001-GRNT0860,KG
XM-DAC-46004-56150-001-LN4241,KG
XM-DAC-46004-52337-001-GRNT0852,KG
XM-DAC-46004-57193-001-GRNT0954,KG
XM-DAC-46004-57193-001-LN4462,KG
XM-DAC-46004-58326-001-GRNT1044,KG
XM-DAC-46004-58326-001-LN4651,KG
XM-DAC-46004-59154-001-GRNT1067,KG
XM-DAC-46004-49232-001-LN3356,CN
XM-DAC-46004-52230-001-LN3988,CN
XM-DAC-46004-53059-001-LN4220,CN
XM-DAC-46004-47314-001-GRNT0416,KI
XM-DAC-46004-47322-001-GRNT0560,KI
XM-DAC-46004-47322-002-GRNT0633,KI
XM-DAC-46004-50028-003-GRNT0758,KI
XM-DAC-46004-56138-001-GRNT0882,KI
XM-DAC-46004-56284-001-GRNT0914,KI
XM-DAC-46004-56284-002-GRNT1081,KI
XM-DAC-46004-43330-013-LN2543,KZ
XM-DAC-46004-49083-001-LN3272,KZ
XM-DAC-46004-54188-001-LN3940,KZ
XM-DAC-46004-54188-001-LN3941,KZ
XM-DAC-46004-55039-001-LN4405,KZ
XM-DAC-46004-33357-013-LN2252,LA
XM-DAC-46004-32312-013-LN2306,LA
XM-DAC-46004-40368-022-LN2777,LA
XM-DAC-46004-44057-012-LN2791,LA
XM-DAC-46004-46059-001-LN2905,LA
XM-DAC-46004-44057-013-LN3036,LA
XM-DAC-46004-46059-002-LN3205,LA
XM-DAC-46004-47137-003-LN3279,LA
XM-DAC-46004-47137-006-GRNT0572,LA
XM-DAC-46004-52146-001-LN3825,LA
XM-DAC-46004-50399-003-LN3821,LA
XM-DAC-21-1-2014B1MOZBSUP-MOZBUDSUP,MZ
XM-DAC-21-1-2015000211B1TANGBIPTANGBS,TZ
XM-DAC-21-1-2015000108B1MOZBSUPMOZBUDSUP,MZ
BJ-IFU-6200901851300-RSG0123375-29295,BJ
BJ-IFU-6201100034408-RSG0123375-29295,BJ
XM-DAC-701-8-201903815,JO
XM-DAC-701-8-202210984,VN
XM-DAC-701-8-202210509,MD
XM-DAC-701-8-202208006,PH
XM-DAC-701-8-202311927,BD
XM-DAC-701-8-202209514,BT
XM-DAC-701-8-202207950,BO
XM-DAC-701-8-201905005,ID
XM-DAC-701-8-202004739,EG
XM-DAC-701-8-202108578,BW
XM-DAC-701-8-202109599,ID
XM-DAC-701-8-202311965,IN
XM-DAC-701-8-202209138,UZ
XM-DAC-701-8-202209815,NG
XM-DAC-701-8-202312660,UZ
XM-DAC-701-8-202208027,MA
XM-DAC-701-8-202111010,FJ
XM-DAC-701-8-202313856,JO
XM-DAC-701-8-202412128,EG
XM-DAC-701-8-202312773,PH
XM-DAC-701-8-202516249,UA
XM-DAC-701-8-202413783,BD
XM-DAC-701-8-202314504,PH
XM-DAC-701-8-202210428,HN
XM-DAC-701-8-202311979,IN
XM-DAC-701-8-202412097,BJ
XM-DAC-701-8-202515176,JO
XM-DAC-701-8-202615286,ID
XM-DAC-701-8-202515233,VN
BJ-IFU-6201101182902-RSG0123375-29295,BJ
XM-OCHAS-HPC6770-3209,BD
XM-OCHAS-HPC6770-3812,TJ
BJ-IFU-6200901944805-RSG0123375-29295,BJ
XM-OCHAS-HPC6770-2370,YE
XM-OCHAS-HPC6770-2371,YE
XM-OCHAS-HPC6770-2372,YE
XM-OCHAS-HPC6770-2385,YE
XM-OCHAS-HPC6770-2398,YE
XM-OCHAS-HPC6770-2399,YE
XM-OCHAS-HPC6770-2397,YE
XM-OCHAS-HPC6770-2401,YE
XM-OCHAS-HPC6770-2402,YE
XM-OCHAS-HPC6770-2403,YE
XM-OCHAS-HPC6770-2405,YE
XM-OCHAS-HPC6770-2404,YE
XM-OCHAS-HPC6770-2406,YE
XM-OCHAS-HPC6770-2407,YE
XM-OCHAS-HPC6770-2408,YE
XM-OCHAS-HPC6770-2409,YE
XM-OCHAS-HPC6770-2373,YE
XM-OCHAS-HPC6770-2374,YE
XM-OCHAS-HPC6770-2378,YE
XM-OCHAS-HPC6770-2379,YE
XM-OCHAS-HPC6770-2377,YE
XM-OCHAS-HPC6770-2375,YE
XM-OCHAS-HPC6770-2380,YE
XM-OCHAS-HPC6770-2400,YE
XM-OCHAS-HPC6770-2386,YE
XM-OCHAS-HPC6770-2381,YE
XM-OCHAS-HPC6770-2382,YE
XM-OCHAS-HPC6770-2383,YE
XM-OCHAS-HPC6770-2384,YE
XM-OCHAS-HPC6770-2387,YE
XM-OCHAS-HPC6770-2389,YE
XM-OCHAS-HPC6770-2390,YE
XM-OCHAS-HPC6770-2391,YE
XM-OCHAS-HPC6770-2392,YE
XM-OCHAS-HPC6770-2393,YE
XM-OCHAS-HPC6770-2394,YE
XM-OCHAS-HPC6770-3206,YE
XM-OCHAS-HPC6770-2376,YE
XM-OCHAS-HPC6770-2778,YE
XM-OCHAS-HPC6770-2690,YE
XM-OCHAS-HPC6770-2691,YE
XM-OCHAS-HPC6770-2695,YE
XM-OCHAS-HPC6770-2733,YE
XM-OCHAS-HPC6770-1258,YE
XM-OCHAS-HPC6770-1518,YE
XM-OCHAS-HPC6770-1605,YE
XM-OCHAS-HPC6770-1311,YE
XM-OCHAS-HPC6770-1606,YE
XM-OCHAS-HPC6770-1609,YE
XM-OCHAS-HPC6770-1610,YE
XM-OCHAS-HPC6770-3662,YE
XM-OCHAS-HPC6770-1612,YE
XM-OCHAS-HPC6770-1613,YE
XM-OCHAS-HPC6770-1614,YE
XM-OCHAS-HPC6770-1641,YE
XM-OCHAS-HPC6770-1642,YE
XM-OCHAS-HPC6770-1789,YE
XM-OCHAS-HPC6770-2174,YE
XM-OCHAS-HPC6770-2176,YE
XM-OCHAS-HPC6770-2186,YE
XM-OCHAS-HPC6770-2188,YE
XM-OCHAS-HPC6770-3198,YE
NZ-1-ACT-0100512,CK
NZ-1-ACT-0100637,CK
NZ-1-ACT-0101084,CK
NZ-1-ACT-0101236,CK
NZ-1-ACT-0101776,CK
NZ-1-ACT-0102671,CK
NZ-1-ACT-0102932,CK
NZ-1-ACT-0103398,CK
NZ-1-ACT-0103562,CK
NZ-1-ACT-0A11138,CK
NZ-1-ACT-0A11524,CK
NZ-1-ACT-0A11596,CK
NZ-1-ACT-0A12283,CK
NZ-1-ACT-0A12645,CK
NZ-1-ACT-0R10965,CK
NZ-1-ACT-0100378,FJ
NZ-1-ACT-0101351,FJ
NZ-1-ACT-0101567,FJ
NZ-1-ACT-0101775,FJ
NZ-1-ACT-0103305,FJ
NZ-1-ACT-0103509,FJ
NZ-1-ACT-0103537,FJ
NZ-1-ACT-0104800,FJ
NZ-1-ACT-0105177,FJ
NZ-1-ACT-0A12759,FJ
NZ-1-ACT-0100023,KI
NZ-1-ACT-0101117,KI
NZ-1-ACT-0101323,KI
NZ-1-ACT-0101736,KI
NZ-1-ACT-0101774,KI
NZ-1-ACT-0101827,KI
NZ-1-ACT-0102089,KI
NZ-1-ACT-0102252,KI
NZ-1-ACT-0102518,KI
NZ-1-ACT-0102885,KI
NZ-1-ACT-0A11817,KI
NZ-1-ACT-0A12592,KI
NZ-1-ACT-0100092,NR
NZ-1-ACT-0100220,NR
NZ-1-ACT-0100432,NR
NZ-1-ACT-0100448,NR
NZ-1-ACT-0101779,NR
NZ-1-ACT-0102028,NR
NZ-1-ACT-0A11142,NR
NZ-1-ACT-0A12438,NR
NZ-1-ACT-0102044,PW
NZ-1-ACT-0102575,PW
NZ-1-ACT-0104876,FM
NZ-1-ACT-0100022,NU
NZ-1-ACT-0100039,NU
NZ-1-ACT-0100787,NU
NZ-1-ACT-0101219,NU
NZ-1-ACT-0101221,NU
NZ-1-ACT-0101780,NU
NZ-1-ACT-0101785,NU
NZ-1-ACT-0102670,NU
NZ-1-ACT-0102857,NU
NZ-1-ACT-0103265,NU
NZ-1-ACT-0103477,NU
NZ-1-ACT-0103491,NU
NZ-1-ACT-0104285,NU
NZ-1-ACT-0104703,NU
NZ-1-ACT-0104720,NU
NZ-1-ACT-0105157,NU
NZ-1-ACT-0A10772,NU
NZ-1-ACT-0A10927,NU
NZ-1-ACT-0A10991,NU
NZ-1-ACT-0A11588,NU
NZ-1-ACT-0A11639,NU
NZ-1-ACT-0A11836,NU
NZ-1-ACT-0A11971,NU
NZ-1-ACT-0A12296,NU
NZ-1-ACT-0A12554,NU
NZ-1-ACT-0A12555,NU
NZ-1-ACT-0A12575,NU
NZ-1-ACT-0A12607,NU
NZ-1-ACT-0S12070,NU
NZ-1-ACT-0S12081,NU
NZ-1-ACT-0S12197,NU
NZ-1-ACT-0A12254,NP
NZ-1-ACT-0A10592,TK
NZ-1-ACT-0A10983,TO
NZ-1-ACT-0A11603,TO
NZ-1-ACT-0A11670,KI
NZ-1-ACT-0A11941,CK
NZ-1-ACT-0A12128,KI
NZ-1-ACT-0100238,WS
NZ-1-ACT-0100272,WS
NZ-1-ACT-0100385,WS
NZ-1-ACT-0100487,WS
NZ-1-ACT-0100986,WS
NZ-1-ACT-0101781,WS
NZ-1-ACT-0102702,WS
NZ-1-ACT-0102778,WS
NZ-1-ACT-0103194,WS
NZ-1-ACT-0103329,WS
NZ-1-ACT-0103399,WS
NZ-1-ACT-0104327,WS
NZ-1-ACT-0104505,WS
NZ-1-ACT-0105129,WS
NZ-1-ACT-0A00526,WS
NZ-1-ACT-0A11059,WS
NZ-1-ACT-0A11337,WS
NZ-1-ACT-0A11470,WS
NZ-1-ACT-0A11839,WS
NZ-1-ACT-0101650,PG
NZ-1-ACT-0101654,PG
NZ-1-ACT-0101778,PG
NZ-1-ACT-0102484,PG
NZ-1-ACT-0100067,TK
NZ-1-ACT-0100310,TK
NZ-1-ACT-0100483,TK
NZ-1-ACT-0100484,TK
NZ-1-ACT-0101771,TK
NZ-1-ACT-0102087,TK
NZ-1-ACT-0102556,TK
NZ-1-ACT-0103461,TK
NZ-1-ACT-0103520,TK
NZ-1-ACT-0103825,TK
NZ-1-ACT-0104283,TK
NZ-1-ACT-0104284,TK
NZ-1-ACT-0104560,TK
NZ-1-ACT-0A11555,TK
NZ-1-ACT-0A11834,TK
NZ-1-ACT-0A12049,TK
NZ-1-ACT-0A12359,TK
NZ-1-ACT-0A12639,TK
NZ-1-ACT-0A12678,TK
NZ-1-ACT-0100546,TV
NZ-1-ACT-0101071,TV
NZ-1-ACT-0101773,TV
NZ-1-ACT-0102435,TV
NZ-1-ACT-0102727,TV
NZ-1-ACT-0102806,TV
NZ-1-ACT-0103689,TV
NZ-1-ACT-0103910,TV
NZ-1-ACT-0104218,TV
NZ-1-ACT-0104329,TV
NZ-1-ACT-0A00446,TV
NZ-1-ACT-0A12335,TV
NZ-1-ACT-0A12771,TV
GB-GOV-28-MHRA-GAMRIF,GB
NZ-1-ACT-0100239,SB
NZ-1-ACT-0101175,SB
NZ-1-ACT-0101777,SB
NZ-1-ACT-0101786,SB
NZ-1-ACT-0101853,SB
NZ-1-ACT-0102283,SB
NZ-1-ACT-0104124,SB
NZ-1-ACT-0104126,SB
NZ-1-ACT-0A10372,SB
NZ-1-ACT-0A11439,SB
NZ-1-ACT-0A11913,SB
NZ-1-ACT-0A12061,SB
NZ-1-ACT-0F12261,SB
NZ-1-ACT-0100252,TO
NZ-1-ACT-0100978,TO
NZ-1-ACT-0101038,TO
NZ-1-ACT-0101435,TO
NZ-1-ACT-0101772,TO
NZ-1-ACT-0102464,TO
NZ-1-ACT-0102733,TO
NZ-1-ACT-0103028,TO
NZ-1-ACT-0103397,TO
NZ-1-ACT-0103441,TO
NZ-1-ACT-0103755,TO
NZ-1-ACT-0104008,TO
NZ-1-ACT-0104120,TO
NZ-1-ACT-0105057,TO
NZ-1-ACT-0A11594,TO
NZ-1-ACT-0A12560,TO
NZ-1-ACT-0100035,VU
NZ-1-ACT-0101770,VU
NZ-1-ACT-0101794,VU
NZ-1-ACT-0102481,VU
NZ-1-ACT-0103908,VU
NZ-1-ACT-0104449,VU
NZ-1-ACT-0A10201,VU
NL-1-PPR-26891,RW
GB-GOR-PB57-6,SN
GB-GOR-PB57-4,MV
GB-GOR-PB57-5,MZ
GB-GOR-PB57-7,SB
GB-GOR-PB57-8,LK
GB-GOR-PB57-9,VU
GB-GOR-PB57-Ghana,GH
XM-DAC-46004-34389-013-LN2378,KH
XM-DAC-46004-34389-023-LN2479,KH
XM-DAC-46004-38421-013-LN2480,KH
XM-DAC-46004-34389-033-LN2585,KH
XM-DAC-46004-38558-013-LN2673,KH
XM-DAC-46004-41373-013-LN2674,KH
XM-DAC-46004-38421-023-LN2675,KH
XM-DAC-46004-34389-043-LN2706,KH
XM-DAC-46004-42305-013-LN2815,KH
XM-DAC-46004-41392-013-LN2886,KH
XM-DAC-46004-43260-013-LN2888,KH
XM-DAC-46004-38421-072-LN2904,KH
XM-DAC-46004-42305-023-LN3002,KH
XM-DAC-46004-44321-013-LN3006,KH
XM-DAC-46004-46064-002-LN3166,KH
XM-DAC-46004-42305-033-LN3185,KH
XM-DAC-46004-41392-023-LN3415,KH
XM-DAC-46004-47136-003-LN3426,KH
XM-DAC-46004-49041-002-LN3428,KH
XM-DAC-46004-44263-013-LN3460,KH
XM-DAC-46004-47136-006-LN3719,KH
XM-DAC-46004-50101-002-LN3832,KH
XM-DAC-46004-44263-015-LN3831,KH
XM-DAC-46004-54195-001-LN3951,KH
XM-DAC-46004-52145-001-LN3969,KH
XM-DAC-46004-44263-016-LN4128,KH
XM-DAC-46004-54430-001-LN4285,KH
XM-DAC-46004-55255-001-LN4267,KH
XM-DAC-46004-55360-001-LN4331,KH
XM-DAC-46004-52145-002-LN4330,KH
XM-DAC-46004-49041-004-LN4391,KH
XM-DAC-46004-55220-001-LN4477,KH
XM-DAC-46004-55255-003-LN4549,KH
XM-DAC-46004-58452-001-LN4622,KH
XM-DAC-46004-54430-002-LN4654,KH
XM-DAC-46004-58538-001-LN4693,KH
XM-DAC-46004-43321-013-LN2659,MH
XM-DAC-46004-43321-023-LN2950,MH
XM-DAC-46004-50028-002-GRNT0666,MH
XM-DAC-46004-50028-003-GRNT0761,MH
XM-DAC-46004-54358-001-GRNT0766,MH
XM-DAC-46004-56138-002-GRNT0951,MH
XM-DAC-46004-46372-001-LN2984,MM
XM-DAC-46004-54255-001-LN3960,MM
XM-DAC-46004-39658-013-LN2597,MV
KR-GOV-021-12ED00015,VN
KR-GOV-021-13ED00017,VN
KR-GOV-021-14ED00021,VN
XM-DAC-46004-54189-001-LN3942,MV
XM-DAC-46004-54189-001-GRNT0710,MV
KR-GOV-021-18ED00038,CO
KR-GOV-021-19ED00043,HN
KR-GOV-021-20ED00021,PY
KR-GOV-021-20ED00023,ET
KR-GOV-021-20ED00026,BD
KR-GOV-021-20ED00029,PH
XM-DAC-46004-55003-001-GRNT0898,MV
KR-GOV-021-20ED00032,GH
KR-GOV-021-20ED00033,KH
KR-GOV-021-20ED00045,TZ
KR-GOV-021-21ED00001,ID
KR-GOV-021-21ED00012,CO
KR-GOV-021-21ED00015,DO
KR-GOV-021-21ED00017,DO
KR-GOV-021-21ED00020,BD
KR-GOV-021-21ED00028,ID
KR-GOV-021-21ED00037,PH
KR-GOV-021-22ED00001,IN
KR-GOV-021-23ED00011,EC
KR-GOV-021-23ED00043,BD
KR-GOV-021-24ED00011,EG
KR-GOV-021-24ED00020,BD
KR-GOV-021-24ED00021,EC
KR-GOV-021-24ED00027,UA
KR-GOV-021-24ED00043,CO
KR-GOV-021-24ED00044,KH
XM-DAC-46004-36343-013-LN2281,IN
XM-DAC-46004-36308-023-LN2442,IN
XM-DAC-46004-42151-013-LN2452,IN
XM-DAC-46004-41607-013-LN2536,IN
XM-DAC-46004-44453-014-LN2926,IN
XM-DAC-46004-42267-026-LN3182,IN
XM-DAC-46004-45288-002-LN3187,IN
XM-DAC-46004-48434-005-LN3424,IN
XM-DAC-46004-49209-001-LN3563,IN
XM-DAC-46004-54182-001-LN3915,IN
XM-DAC-46004-54182-001-LN3916,IN
XM-DAC-46004-54001-001-LN4004,IN
XM-DAC-46004-54465-001-LN4138,IN
XM-DAC-46004-55054-001-LN4158,IN
XM-DAC-46004-55154-001-LN4275,IN
XM-DAC-46004-55054-002-LN4362,IN
XM-DAC-46004-55080-001-LN4401,IN
XM-DAC-46004-54465-002-LN4421,IN
XM-DAC-46004-55145-001-LN4452,IN
XM-DAC-46004-56343-001-LN4393,IN
XM-DAC-46004-55154-003-LN4559,IN
XM-DAC-46004-59288-001-LN4703,IN
XM-DAC-46004-45032-001-GRNT0300,NR
XM-DAC-46004-48478-001-GRNT0473,NR
XM-DAC-46004-52073-001-GRNT0703,NR
XM-DAC-46004-55017-001-GRNT0946,NR
XM-DAC-46004-34135-013-LN2218,MN
XM-DAC-46004-43096-013-LN2523,MN
XM-DAC-46004-49210-001-LN3297,MN
XM-DAC-46004-50302-001-LN3532,MN
XM-DAC-46004-51054-001-LN3533,MN
XM-DAC-46004-51199-001-LN3648,MN
XM-DAC-46004-53028-001-LN3880,MN
XM-DAC-46004-54174-001-LN3922,MN
XM-DAC-46004-54228-001-LN4056,MN
XM-DAC-46004-56144-001-LN4202,MN
XM-DAC-46004-55209-003-LN4356,MN
XM-DAC-46004-56270-001-LN4538,MN
XM-DAC-46004-56270-001-LN4539,MN
XM-DAC-46004-49365-002-LN3446,LK
XM-DAC-46004-57035-001-LN4315,LK
XM-DAC-46004-56285-001-LN4422,LK
XM-DAC-46004-56332-001-LN4464,LK
XM-DAC-46004-56281-001-LN4479,LK
XM-DAC-46004-58208-001-LN4543,LK
XM-DAC-46004-57227-001-LN4669,LK
XM-DAC-46004-58023-001-LN4679,LK
XM-DAC-46004-59038-001-LN4675,LK
XM-DAC-46004-56332-002-LN4709,LK
XM-DAC-46004-35174-082-GRNT0272,NP
XM-DAC-46004-36172-063-GRNT0305,NP
XM-DAC-46004-45260-001-GRNT0322,NP
XM-DAC-46004-36169-013-LN2268,NP
XM-DAC-46004-35174-013-LN2277,NP
XM-DAC-46004-35174-023-LN2551,NP
XM-DAC-46004-36169-023-LN2641,NP
XM-DAC-46004-50254-001-LN3546,NP
XM-DAC-46004-48218-010-LN3847,NP
XM-DAC-46004-54184-001-LN3926,NP
XM-DAC-46004-38349-029-LN3948,NP
XM-DAC-46004-54402-001-LN4323,NP
XM-DAC-46004-55002-001-LN4349,NP
XM-DAC-46004-57337-001-LN4535,NP
XM-DAC-46004-59193-001-LN4704,NP
XM-DAC-46004-44031-013-LN2691,PW
XM-DAC-46004-44031-013-LN2692,PW
XM-DAC-46004-52018-001-LN3725,PW
XM-DAC-46004-54245-001-LN3955,PW
XM-DAC-46004-54151-001-LN4030,PW
XM-DAC-46004-50028-003-LN4011,PW
XM-DAC-46004-54284-001-LN4063,PW
XM-DAC-46004-54284-001-LN4064,PW
XM-DAC-46004-54284-002-LN4206,PW
XM-DAC-46004-54151-003-LN4198,PW
XM-DAC-46004-57121-001-LN4448,PW
XM-DAC-46004-51035-001-LN3664,PG
XM-DAC-46004-51035-003-LN3857,PG
XM-DAC-46004-53424-001-LN4022,PG
XM-DAC-46004-51035-005-LN4017,PG
XM-DAC-46004-54346-001-LN4015,PG
XM-DAC-46004-51035-005-LN4016,PG
XM-DAC-46004-53424-002-LN4155,PG
XM-DAC-46004-53424-003-LN4266,PG
XM-DAC-46004-57067-001-LN4568,PG
XM-DAC-46004-56023-001-LN4746,PG
XM-DAC-46004-58479-001-LN4748,PG
XM-DAC-46004-46497-001-GRNT0339,SB
XM-DAC-46004-48479-001-GRNT0478,SB
XM-DAC-46004-52074-001-GRNT0629,SB
XM-DAC-46004-50028-002-GRNT0667,SB
XM-DAC-46004-50028-002-LN3830,SB
XM-DAC-46004-54178-001-LN3938,SB
XM-DAC-46004-50028-003-GRNT0754,SB
XM-DAC-46004-54178-001-GRNT0708,SB
XM-DAC-46004-55011-001-GRNT0871,SB
XM-DAC-46004-55011-001-LN4274,SB
XM-DAC-46004-56138-001-LN4300,SB
XM-DAC-46004-56138-001-GRNT0884,SB
XM-DAC-46004-55011-002-LN4564,SB
XM-DAC-46004-38276-013-LN2278,PH
XM-DAC-46004-37752-013-LN2282,PH
XM-DAC-46004-40538-013-LN2315,PH
XM-DAC-46004-39516-013-LN2387,PH
XM-DAC-46004-40538-023-LN2450,PH
XM-DAC-46004-41380-013-LN2489,PH
XM-DAC-46004-43300-013-LN2538,PH
XM-DAC-46004-40538-033-LN2545,PH
XM-DAC-46004-39516-023-LN2584,PH
XM-DAC-46004-38276-023-LN2715,PH
XM-DAC-46004-41380-023-LN2840,PH
XM-DAC-46004-43396-013-LN2872,PH
XM-DAC-46004-44253-013-LN3111,PH
XM-DAC-46004-43396-014-LN3233,PH
XM-DAC-46004-48458-001-LN3333,PH
XM-DAC-46004-48427-001-LN3334,PH
XM-DAC-46004-44253-016-LN3505,PH
XM-DAC-46004-49117-002-LN3530,PH
XM-DAC-46004-48427-002-LN3595,PH
XM-DAC-46004-48458-003-LN3691,PH
XM-DAC-46004-51309-001-LN3707,PH
XM-DAC-46004-52173-001-LN3858,PH
XM-DAC-46004-49117-003-LN3875,PH
XM-DAC-46004-54138-001-LN3910,PH
XM-DAC-46004-54138-001-LN3907,PH
XM-DAC-46004-54138-001-LN3909,PH
XM-DAC-46004-54138-001-LN3908,PH
XM-DAC-46004-53047-001-LN3925,PH
XM-DAC-46004-53353-001-LN3957,PH
XM-DAC-46004-51309-002-LN3959,PH
XM-DAC-46004-54022-001-LN3968,PH
XM-DAC-46004-49117-004-LN4089,PH
XM-DAC-46004-52173-003-LN4102,PH
XM-DAC-46004-55105-001-LN4145,PH
XM-DAC-46004-55268-001-LN4186,PH
XM-DAC-46004-53047-003-LN4185,PH
XM-DAC-46004-53353-002-LN4288,PH
XM-DAC-46004-55300-001-LN4289,PH
XM-DAC-46004-51309-003-LN4355,PH
XM-DAC-46004-55105-003-LN4414,PH
XM-DAC-46004-56288-001-LN4376,PH
XM-DAC-46004-52313-001-GRNT0635,PH
XM-DAC-46004-55268-003-LN4550,PH
XM-DAC-46004-58003-001-LN4572,PH
XM-DAC-46004-55300-002-LN4581,PH
XM-DAC-46004-57309-001-LN4580,PH
XM-DAC-46004-57075-001-LN4660,PH
XM-DAC-46004-58379-001-LN4725,PH
XM-DAC-46004-59092-001-LN4724,PH
XM-DAC-46004-58379-001-LN4725-KfW,PH
XM-DAC-46004-41325-013-LN2665,TH
XM-DAC-46004-54177-001-LN3949,TH
XM-DAC-46004-54177-001-LN3945,TH
NO-BRC-971277882-PAL-24/0005,PS
XM-DAC-46004-44061-012-GRNT0251,TJ
XM-DAC-46004-47099-002-GRNT0463,TJ
XM-DAC-46004-47099-004-GRNT0530,TJ
XM-DAC-46004-47099-002-LN3343,TJ
XM-DAC-46004-47099-004-LN3513,TJ
XM-DAC-46004-51066-001-GRNT0782,TJ
XM-DAC-46004-53315-001-GRNT0777,TJ
XM-DAC-46004-54156-001-GRNT0706,TJ
XM-DAC-46004-56147-001-GRNT0857,TJ
NO-BRC-971277882-NPL-20/0002,NP
XM-DAC-46004-51066-003-GRNT0870,TJ
NO-BRC-971277882-NPL-07/010,NP
XM-DAC-46004-56299-001-GRNT0955,TJ
XM-DAC-46004-58417-001-GRNT1080,TJ
XM-DAC-46004-59154-001-GRNT1068,TJ
XM-DAC-46004-45395-001-GRNT0318,TV
XM-DAC-46004-47318-001-GRNT0442,TV
XM-DAC-46004-50028-001-GRNT0559,TV
XM-DAC-46004-50377-001-GRNT0673,TV
XM-DAC-46004-50028-003-GRNT0760,TV
XM-DAC-46004-56138-002-GRNT0952,TV
XM-DAC-46004-58548-001-GRNT1063,TV
XM-DAC-46004-46385-001-GRNT0359,TO
XM-DAC-46004-48361-001-GRNT0479,TO
XM-DAC-46004-48361-002-GRNT0532,TO
XM-DAC-46004-50028-001-GRNT0558,TO
XM-DAC-46004-48361-001-LN3393,TO
XM-DAC-46004-48361-002-LN3531,TO
XM-DAC-46004-50028-001-LN3628,TO
XM-DAC-46004-48361-003-GRNT0647,TO
XM-DAC-46004-50028-002-GRNT0668,TO
XM-DAC-46004-50028-003-GRNT0755,TO
XM-DAC-46004-55016-001-GRNT0807,TO
XM-DAC-46004-52030-001-GRNT0709,TO
XM-DAC-46004-56138-001-GRNT0883,TO
XM-DAC-46004-56358-001-GRNT0943,TO
XM-DAC-46004-56358-002-GRNT1051,TO
XM-DAC-46004-50028-003-GRNT0757,VU
XM-DAC-46004-54179-001-GRNT0776,VU
XM-DAC-46004-56138-002-GRNT0953,VU
XM-DAC-46004-55052-001-GRNT1001,VU
XM-DAC-46004-58547-001-GRNT1086,VU
NO-BRC-971277882-PAL-25/0011,PS
XM-DAC-46004-46384-001-GRNT0360,WS
XM-DAC-46004-50210-001-GRNT0525,WS
XM-DAC-46004-50028-001-GRNT0557,WS
XM-DAC-46004-43191-013-LN2625,WS
XM-DAC-46004-43191-023-LN2801,WS
XM-DAC-46004-50028-001-LN3627,WS
XM-DAC-46004-54243-001-GRNT0718,WS
XM-DAC-46004-50028-003-GRNT0759,WS
XM-DAC-46004-54054-001-GRNT0862,WS
XM-DAC-46004-56138-001-GRNT0881,WS
XM-DAC-46004-54054-002-GRNT0996,WS
NO-BRC-971277882-PAL-26/0002,PS
XM-DAC-46004-37218-013-LN2202,PK
XM-DAC-46004-37218-013-LN2203,PK
XM-DAC-46004-36155-013-LN2270,PK
XM-DAC-46004-39492-013-LN2291,PK
XM-DAC-46004-39492-013-LN2292,PK
XM-DAC-46004-40563-013-LN2335,PK
XM-DAC-46004-41108-013-LN2340,PK
XM-DAC-46004-41666-013-LN2385,PK
XM-DAC-46004-42163-013-LN2446,PK
XM-DAC-46004-42163-013-LN2447,PK
XM-DAC-46004-41545-013-LN2484,PK
XM-DAC-46004-41641-013-LN2485,PK
XM-DAC-46004-42163-023-LN2524,PK
XM-DAC-46004-42163-023-LN2525,PK
XM-DAC-46004-41666-033-LN2547,PK
XM-DAC-46004-41666-033-LN2548,PK
XM-DAC-46004-41641-023-LN2644,PK
XM-DAC-46004-41545-023-LN2645,PK
XM-DAC-46004-47015-001-LN3126,PK
XM-DAC-46004-47015-002-LN3321,PK
XM-DAC-46004-47015-002-LN3322,PK
XM-DAC-46004-48065-002-LN3398,PK
XM-DAC-46004-48065-002-LN3399,PK
XM-DAC-46004-47015-003-LN3537,PK
XM-DAC-46004-48065-003-LN3538,PK
XM-DAC-46004-52049-001-LN3804,PK
XM-DAC-46004-53247-001-LN3882,PK
XM-DAC-46004-53165-001-LN3881,PK
XM-DAC-46004-54193-001-LN3931,PK
XM-DAC-46004-53221-001-LN3976,PK
XM-DAC-46004-53221-001-LN3975,PK
XM-DAC-46004-52049-003-LN4018,PK
XM-DAC-46004-53165-002-LN4159,PK
XM-DAC-46004-53221-003-LN4176,PK
XM-DAC-46004-56148-001-LN4234,PK
XM-DAC-46004-56148-001-LN4235,PK
XM-DAC-46004-54424-001-LN4427,PK
XM-DAC-46004-56006-001-LN4406,PK
XM-DAC-46004-55183-001-LN4450,PK
XM-DAC-46004-58054-001-LN4514,PK
XM-DAC-46004-56006-003-GRNT4598,PK
XM-DAC-46004-56006-003-LN4597,PK
XM-DAC-46004-58508-001-LN4608,PK
XM-DAC-46004-58508-001-LN4609,PK
XM-DAC-46004-51350-001-LN3675,UZ
XM-DAC-46004-51348-001-LN3869,UZ
XM-DAC-46004-51350-003-LN3866,UZ
XM-DAC-46004-54160-001-LN3939,UZ
XM-DAC-46004-54269-001-LN3980,UZ
XM-DAC-46004-53161-001-LN4123,UZ
XM-DAC-46004-42007-020-LN4156,UZ
XM-DAC-46004-42007-020-LN4157,UZ
XM-DAC-46004-56149-001-LN4225,UZ
XM-DAC-46004-51350-004-LN4292,UZ
XM-DAC-46004-42007-021-LN4415,UZ
XM-DAC-46004-53161-003-LN4472,UZ
XM-DAC-46004-54269-002-LN4473,UZ
XM-DAC-46004-57245-001-LN4489,UZ
XM-DAC-46004-58125-001-LN4544,UZ
XM-DAC-46004-58125-001-LN4545,UZ
XM-DAC-46004-51350-005-LN4658,UZ
XM-DAC-46004-58438-001-LN4681,UZ
XM-DAC-46004-58438-001-LN4682,UZ
XM-DAC-46004-38392-033-LN2262,VN
XM-DAC-46004-38335-013-LN2284,VN
XM-DAC-46004-37577-013-LN2377,VN
XM-DAC-46004-42191-013-LN2490,VN
XM-DAC-46004-42191-023-LN2570,VN
XM-DAC-46004-40347-013-LN2582,VN
XM-DAC-46004-40354-013-LN2642,VN
XM-DAC-46004-41360-013-LN2680,VN
XM-DAC-46004-37577-023-LN2707,VN
XM-DAC-46004-42191-033-LN2827,VN
XM-DAC-46004-42235-013-LN2877,VN
XM-DAC-46004-41360-014-LN3050,VN
XM-DAC-46004-44251-013-LN3081,VN
XM-DAC-46004-42235-023-LN3213,VN
XM-DAC-46004-47293-001-LN3227,VN
XM-DAC-46004-47293-001-LN3228,VN
XM-DAC-46004-44251-034-LN3335,VN
XM-DAC-46004-47140-002-LN3493,VN
XM-DAC-46004-50051-001-LN3502,VN
XM-DAC-46004-50051-001-LN3503,VN
XM-DAC-46004-49331-001-LN3743,VN
XM-DAC-46004-50285-002-LN3758,VN
BJ-IFU-6201000068802-RSG0123375-29295,BJ
BJ-IFU-6201200579608-RSG0123375-29295,BJ
CH-4-2024-2018011172,CD
CH-4-2024-2020010895,TZ
AU-5-INL354-VN,VN
CH-4-2024-2023000533,BJ
AU-5-INJ438-VU,VU
CH-4-2024-2024000918,MZ
CH-4-2023-2004006120,MZ
CH-4-2023-2018011172,CD
CH-4-2023-2020010894,TZ
CH-4-2023-2020010895,TZ
AU-5-INJ402-WS,WS
CH-4-2023-2023000533,BJ
CH-4-2023-2023001248,MZ
CH-4-2025-2020010895,TZ
CH-4-2025-2020011220,TZ
CH-4-2025-2023000533,BJ
AU-5-INJ648-ID,ID
46002-P-DZ-K00-007,DZ
46002-P-AO-FA0-002,AO
46002-P-AO-K00-007,AO
46002-P-AO-AA0-011,AO
46002-P-AO-K00-009,AO
46002-P-BW-K00-004,BW
46002-P-BW-K00-001,BW
46002-P-BW-K00-005,BW
46002-P-BW-K00-006,BW
46002-P-BJ-KA0-006,BJ
46002-P-BJ-KA0-009,BJ
46002-P-BJ-KA0-013,BJ
46002-P-BJ-KA0-014,BJ
46002-P-BJ-FZ0-001,BJ
46002-P-BJ-K00-005,BJ
46002-P-BJ-K00-006,BJ
46002-P-BJ-KZ0-001,BJ
46002-P-BJ-KF0-001,BJ
46002-P-BJ-K00-007,BJ
46002-P-BJ-E00-007,BJ
46002-P-BJ-K00-010,BJ
AU-5-INI950-NR,NR
46002-P-BI-KA0-001,BI
46002-P-BI-I00-004,BI
46002-P-BF-FA0-008,BF
46002-P-BF-K00-006,BF
46002-P-BF-K00-011,BF
46002-P-BF-K00-012,BF
46002-P-BF-KA0-009,BF
46002-P-BF-KZ0-003,BF
46002-P-BF-KZ0-001,BF
AU-5-INK561-SB,SB
AU-5-INL121-SB,SB
AU-5-INL126-SB,SB
AU-5-INL129-SB,SB
AU-5-INL683-TO,TO
AU-5-INJ899-TV,TV
AU-5-INJ128-VN,VN
BJ-IFU-3200700033415-RSG0123375-29295,BJ
XM-DAC-69-1-2019000246,PS
XM-DAC-69-3-2018000217,ME
XM-DAC-69-3-2018000330,ME
46002-P-CV-K00-013,CV
BJ-IFU-5200081145006-RSG0123375-29295,BJ
BJ-IFU-6200901945503-RSG0123375-29295,BJ
46002-P-CV-K00-002,CV
46002-P-CV-K00-003,CV
46002-P-CV-K00-004,CV
46002-P-CV-K00-005,CV
46002-P-CV-K00-006,CV
46002-P-CV-K00-007,CV
46002-P-CV-K00-009,CV
46002-P-CV-K00-010,CV
46002-P-CV-K00-011,CV
46002-P-CV-KA0-003,CV
46002-P-CV-KA0-005,CV
46002-P-CV-KA0-008,CV
46002-P-CV-KA0-006,CV
46002-P-CV-KA0-007,CV
46002-P-CV-K00-016,CV
46002-P-CV-KA0-009,CV
46002-P-CV-K00-015,CV
46002-P-CV-A00-003,CV
46002-P-CV-K00-019,CV
46002-P-CV-GB0-005,CV
46002-P-CV-K00-020,CV
XM-DAC-41111-98569,SO
XM-DAC-41111-92034,BI
XM-DAC-41111-88100,BI
XM-DAC-41111-111465,SO
XM-DAC-41111-112392,SO
XM-DAC-41111-113154,BF
XM-DAC-41111-118133,BD
XM-DAC-41111-114278,MZ
XM-DAC-41111-76452,LA
XM-DAC-41111-95546,MZ
XM-DAC-41111-106347,UG
XM-DAC-41111-110521,GN
XM-DAC-41111-90703,LS
XM-DAC-41111-90014,BD
46002-P-CF-KZ0-002,CF
46002-P-CF-K00-006,CF
46002-P-CF-KZ0-003,CF
46002-P-CF-K00-007,CF
46002-P-CF-K00-010,CF
46002-P-CF-I00-006,CF
46002-P-CF-K00-020,CF
46002-P-CF-K00-021,CF
46002-P-CM-K00-010,CM
46002-P-CM-KA0-005,CM
46002-P-CM-KA0-011,CM
46002-P-CM-K00-009,CM
46002-P-CM-KA0-015,CM
46002-P-CM-AA0-015,CM
46002-P-CM-KF0-006,CM
46002-P-CM-KF0-007,CM
46002-P-CM-FA0-011,CM
46002-P-CM-H00-010,CM
46002-P-KM-K00-006,KM
46002-P-KM-K00-009,KM
46002-P-KM-K00-013,KM
46002-P-KM-K00-014,KM
46002-P-TD-KA0-009,TD
46002-P-TD-KA0-007,TD
46002-P-TD-KA0-006,TD
BJ-IFU-6201810251129-RGS0123375-29295,BJ
46002-P-TD-K00-002,TD
46002-P-TD-K00-003,TD
BJ-IFU-6200901944008-RSG0123375-29295,BJ
46002-P-TD-KA0-001,TD
46002-P-TD-KA0-005,TD
46002-P-TD-K00-009,TD
46002-P-TD-AB0-005,TD
46002-P-CG-K00-002,CG
46002-P-CG-K00-006,CG
46002-P-CG-K00-009,CG
46002-P-CG-K00-012,CG
46002-P-DJ-K00-001,DJ
46002-P-DJ-KF0-010,DJ
46002-P-DJ-K00-003,DJ
46002-P-CI-I00-003,CI
46002-P-CI-IZ0-001,CI
46002-P-CI-IZ0-004,CI
46002-P-CI-KA0-009,CI
46002-P-CI-KA0-012,CI
46002-P-CI-KA0-011,CI
46002-P-CI-KA0-010,CI
46002-P-CI-AA0-037,CI
46002-P-CI-KA0-013,CI
46002-P-CI-BG0-002,CI
46002-P-CI-KA0-014,CI
46002-P-GQ-K00-002,GQ
46002-P-CD-K00-012,CD
46002-P-CD-K00-002,CD
46002-P-EG-FA0-005,EG
46002-P-EG-FA0-008,EG
46002-P-EG-HZ0-001,EG
46002-P-EG-IBZ-001,EG
46002-P-EG-K00-011,EG
46002-P-EG-K00-009,EG
46002-P-EG-K00-010,EG
46002-P-EG-K00-017,EG
46002-P-EG-K00-016,EG
46002-P-EG-BG0-003,EG
46002-P-GA-K00-015,GA
46002-P-GA-K00-013,GA
46002-P-GA-KA0-007,GA
46002-P-GA-K00-003,GA
46002-P-GA-KA0-001,GA
46002-P-GA-KA0-005,GA
46002-P-GA-KA0-006,GA
46002-P-ET-IZ0-002,ET
46002-P-ET-K00-006,ET
46002-P-ET-K00-010,ET
46002-P-ET-K00-011,ET
46002-P-ET-K00-015,ET
46002-P-ET-K00-016,ET
46002-P-ET-KF0-007,ET
46002-P-ET-AAZ-002,ET
46002-P-GM-KA0-009,GM
46002-P-GM-K00-010,GM
46002-P-GM-K00-011,GM
46002-P-GM-J00-002,GM
46002-P-GM-K00-013,GM
46002-P-GM-KA0-011,GM
46002-P-GN-KA0-006,GN
DE-1-201165281,BF
DE-1-201166974,BF
DE-1-201170307,BF
DE-1-201170323,BF
DE-1-201767508,BF
DE-1-201868785,BF
46002-P-GN-KA0-005,GN
46002-P-GN-KZ0-002,GN
46002-P-GW-KA0-008,GW
46002-P-GW-IB0-005,GW
46002-P-GW-A00-010,GW
46002-P-GW-KA0-009,GW
46002-P-GH-K00-008,GH
46002-P-GH-K00-012,GH
46002-P-GH-KA0-003,GH
46002-P-GH-K00-013,GH
46002-P-GH-KA0-006,GH
46002-P-GH-KA0-008,GH
46002-P-GH-K00-018,GH
46002-P-GH-I00-003,GH
46002-P-LS-KA0-001,LS
46002-P-LS-KE0-001,LS
46002-P-LR-KA0-004,LR
DE-1-201965052,CI
46002-P-LR-K00-020,LR
46002-P-LR-AA0-013,LR
46002-P-LR-K00-023,LR
46002-P-KE-K00-004,KE
46002-P-KE-AA0-001,KE
46002-P-KE-KA0-001,KE
46002-P-KE-KA0-002,KE
46002-P-KE-KD0-004,KE
46002-P-KE-HB0-009,KE
46002-P-KE-K00-007,KE
46002-P-KE-K00-010,KE
46002-P-KE-A00-002,KE
46002-P-KE-IA0-005,KE
46002-P-KE-K00-012,KE
46002-P-KE-K00-013,KE
46002-P-KE-K00-015,KE
46002-P-MG-KA0-009,MG
46002-P-MG-K00-001,MG
46002-P-MG-K00-007,MG
46002-P-MG-K00-010,MG
46002-P-MG-K00-018,MG
46002-P-MG-KA0-012,MG
46002-P-MG-K00-021,MG
46002-P-MU-K00-002,MU
46002-P-MU-K00-004,MU
46002-P-MU-K00-005,MU
46002-P-MU-K00-008,MU
46002-P-MU-K00-009,MU
46002-P-MU-K00-010,MU
46002-P-MR-K00-018,MR
46002-P-MR-K00-017,MR
46002-P-MR-K00-016,MR
46002-P-MW-K00-002,MW
46002-P-MW-KZ0-003,MW
46002-P-MW-IE0-005,MW
46002-P-MW-KA0-004,MW
46002-P-MW-AA0-040,MW
44000-P146280,AL
44000-P147226,AL
44000-P152064,AL
44000-P155605,AL
44000-P160594,AL
44000-P169524,AL
44000-P178202,AL
44000-P180679,AL
44000-P168446,AF
46002-P-ML-KA0-009,ML
44000-P176137,AF
44000-P174234,AF
44000-P164882,AF
44000-P160544,AF
44000-P172211,AF
44000-P153234,AM
44000-P127754,AM
44000-P179849,AM
44000-P169624,AM
44000-P143040,AM
44000-P508569,AM
44000-P176278,AM
44000-P168336,AO
44000-P179513,AO
44000-P511848,AO
44000-P179512,AO
46002-P-ML-KA0-008,ML
44000-P153243,AO
44000-P166564,AO
44000-P169983,AO
44000-P175492,BB
44000-P179112,BB
44000-P507916,BB
44000-P167889,AR
44000-P168713,AR
44000-P509552,AR
44000-P149768,BA
44000-P175191,BA
44000-P146740,BA
44000-P180544,BA
44000-P150941,BI
44000-P166298,BF
44000-P173529,BF
44000-P170934,BF
44000-P146640,BF
44000-P174315,BF
44000-P151275,BF
44000-P157060,BF
44000-P163283,BF
44000-P150751,BO
46002-P-ML-KA0-004,ML
44000-P132786,BJ
44000-P146665,BJ
44000-P166115,BJ
44000-P168668,BJ
44000-P172749,BJ
44000-P176513,BJ
44000-P178042,BJ
44000-P180286,BJ
44000-P181457,BJ
44000-P510638,BJ
44000-P175490,BS
44000-P157469,BT
44000-P178635,BT
44000-P509816,BT
44000-P177712,BT
44000-P147806,BT
44000-P173008,BT
44000-P500536,BT
44000-P171780,BT
44000-P168166,BT
44000-P175758,BT
44000-P176810,BW
44000-P175934,BW
44000-P505490,BZ
44000-P505866,BR
44000-P507322,BR
44000-P181501,BR
44000-P172455,BR
44000-P509756,BR
44000-P126749,BR
44000-P147695,BR
44000-P506861,BR
44000-P147984,BR
44000-P179182,BR
44000-P147913,BR
44000-P148083,BR
44000-P146981,BR
44000-P153203,BR
44000-P506321,BR
44000-P129652,BR
44000-P178729,BR
44000-P512526,BR
44000-P132768,BR
44000-P164588,BR
44000-P500614,BR
44000-P177632,BR
44000-P147979,BR
44000-P180497,BR
44000-P505235,BR
44000-P126351,BR
44000-P168035,CF
44000-P168474,CF
44000-P164442,CF
44000-P178614,CG
46002-P-ML-KA0-007,ML
44000-P180093,CG
44000-P180398,CG
44000-P167190,BD
44000-P168724,BD
44000-P168725,BD
44000-P174892,BD
44000-P178481,BD
44000-P179079,BD
44000-P180439,BD
44000-P511201,BD
44000-P154213,CL
44000-P155259,CI
44000-P166388,CI
44000-P127449,CI
44000-P178064,CI
44000-P169828,CI
44000-P143781,CI
44000-P158463,CI
44000-P510901,CI
44000-P163284,CI
44000-P179006,CI
44000-P174110,CI
44000-P180234,CI
44000-P177460,CD
44000-P179141,CD
44000-P507861,CD
44000-P163657,CM
44000-P166694,CM
44000-P168332,CM
44000-P175249,CM
44000-P180017,CM
44000-P111926,CR
44000-P171912,CR
44000-P174786,CR
44000-P177029,CR
44000-P179861,CR
44000-P181372,CR
44000-P508347,CR
44000-P145605,CO
44000-P154821,CO
44000-P176505,CO
44000-P158739,CO
44000-P170728,CO
44000-P149609,CO
44000-P150475,CO
44000-P174118,CO
44000-P180566,CO
44000-P181080,CO
44000-P161642,CO
44000-P173424,CO
44000-P180033,CO
44000-P126583,CO
44000-P145766,CO
44000-P175801,CO
44000-P180927,CO
44000-P158520,CO
44000-P176650,CO
44000-P162858,CO
44000-P176788,CO
44000-P181256,CO
44000-P175126,CO
44000-P130972,CO
44000-P174754,CV
44000-P165631,CV
44000-P147015,CV
44000-P160628,CV
44000-P181310,CV
44000-P127411,CV
44000-P176148,CV
44000-P171080,CV
44000-P179265,CV
44000-P174927,DM
44000-P175847,DM
44000-P177807,DM
44000-P508114,DM
44000-P169822,EC
44000-P171190,EC
44000-P174115,EC
44000-P176983,EC
44000-P178636,EC
44000-P180319,EC
44000-P505747,EC
44000-P510158,EC
44000-P512397,EC
44000-P155425,DO
44000-P159351,DO
44000-P174145,DO
44000-P175874,DO
44000-P178122,DO
44000-P178570,DO
44000-P500557,DO
44000-P112346,EG
44000-P164079,EG
44000-P171311,EG
44000-P504910,EG
44000-P514501,EG
44000-P173558,FJ
44000-P159774,FJ
44000-P500609,FJ
44000-P168402,FJ
44000-P175543,FJ
44000-P157406,CN
44000-P157404,CN
44000-P159508,GA
44000-P164201,GA
44000-P164289,GD
44000-P171465,GD
44000-P151821,GD
44000-P174527,GD
44000-P178930,GD
44000-P167748,GD
44000-P176663,GD
44000-P147152,GD
44000-P156761,GD
44000-P129597,GE
44000-P143060,GE
44000-P177797,GE
44000-P149998,GE
44000-P169913,GE
44000-P155553,GE
44000-P149991,GE
44000-P156444,GE
44000-P163285,GM
44000-P173150,GM
44000-P510637,GM
44000-P164545,GM
44000-P177748,GM
44000-P502012,GM
44000-P133664,GH
44000-P181148,GH
44000-P180718,GH
44000-P157343,GH
44000-P168566,ET
44000-P169079,ET
44000-P181591,ET
44000-P174063,GN
44000-P151794,GN
44000-P156629,GN
44000-P166322,GN
44000-P161796,GN
44000-P175979,GT
44000-P131763,GT
44000-P133738,GT
44000-P159710,GT
44000-P160667,GT
44000-P505784,GT
44000-P173698,GT
44000-P165425,GY
44000-P180216,GY
44000-P500567,GW
44000-P127665,HR
44000-P173996,HR
44000-P512660,HR
44000-P179909,HN
44000-P172567,HN
44000-P151803,HN
44000-P155920,HN
44000-P177001,HN
44000-P171474,HT
44000-P162452,HT
44000-P161167,IQ
44000-P155962,IQ
44000-P145995,JM
44000-P507259,JM
44000-P170223,JM
44000-P163586,JM
44000-P174531,JM
44000-P151448,JM
44000-P154299,JO
44000-P160236,JO
44000-P166360,JO
44000-P168130,JO
44000-P505118,JO
44000-P507382,JO
44000-P130048,ID
44000-P154291,ID
44000-P158140,ID
44000-P161475,ID
44000-P163973,ID
44000-P167297,ID
44000-P170940,ID
44000-P172439,ID
44000-P173232,ID
44000-P173233,ID
44000-P175742,ID
44000-P177726,ID
44000-P500689,ID
44000-P508323,ID
44000-P152440,KG
44000-P163983,KG
44000-P148099,KG
44000-P126274,KG
44000-P126034,KG
44000-P508608,KG
44000-P180749,KH
44000-P179019,KH
44000-P176756,KH
44000-P144602,KI
44000-P149888,KI
44000-P155540,KI
44000-P161794,KI
44000-P167263,KI
44000-P169179,KI
44000-P177794,KI
44000-P511822,KI
44000-P181269,KM
44000-P179763,KM
44000-P131688,KM
44000-P174260,KM
44000-P150924,KM
44000-P508695,KZ
44000-P154702,KZ
44000-P178303,KZ
44000-P174367,KZ
44000-P159956,LA
44000-P166839,LA
44000-P161562,KE
44000-P168204,KE
44000-P172321,KE
44000-P175251,KE
44000-P176903,KE
44000-P180339,KE
44000-P500912,KE
44000-P179539,LC
44000-P174346,LC
44000-P181432,LC
44000-P147454,LK
44000-P180549,LK
44000-P157804,LK
DE-1-201468453,CO
DE-1-201468461,CO
44000-P179808,LK
DE-1-201468479,CO
DE-1-201468487,CO
44000-P124041,IN
44000-P157224,IN
44000-P159669,IN
44000-P167246,IN
44000-P169907,IN
44000-P172732,IN
44000-P173943,IN
44000-P174027,IN
44000-P174292,IN
44000-P176447,IN
44000-P177985,IN
44000-P178329,IN
44000-P181032,IN
44000-P181195,IN
44000-P162111,LR
44000-P168218,LR
44000-P175570,LR
44000-P176993,LR
44000-P180050,LR
44000-P502565,LR
44000-P178646,ME
44000-P176937,MA
44000-P130903,MA
44000-P127038,MA
44000-P120566,MA
44000-P174004,MA
44000-P168587,MA
44000-P144185,MA
44000-P174005,MA
44000-P127955,MA
44000-P127956,MA
44000-P171587,MA
44000-P513503,MA
44000-P127822,MA
44000-P507248,MA
44000-P148642,MA
44000-P147257,MA
44000-P178382,MA
44000-P168580,MA
44000-P149747,MA
44000-P504373,MH
44000-P180587,MK
44000-P171851,MK
44000-P126038,MK
44000-P130847,MK
44000-P507576,MD
44000-P149555,MD
44000-P181479,MD
44000-P175640,MD
44000-P179086,MD
44000-P143283,MD
44000-P156963,MD
44000-P513997,MD
44000-P145275,ML
44000-P161619,ML
44000-P167547,ML
44000-P150503,MG
44000-P153084,MG
44000-P160866,MG
44000-P162279,MG
44000-P164137,MG
44000-P166425,MG
44000-P166752,MG
44000-P167941,MG
44000-P168697,MG
44000-P174388,MG
44000-P180288,MG
44000-P509948,MG
44000-P125694,MU
44000-P126903,MU
44000-P128140,MU
44000-P132510,MU
44000-P167485,MN
44000-P163939,MV
44000-P163966,MV
44000-P160592,MR
44000-P163057,MR
44000-P167348,MR
44000-P171238,MR
44000-P171585,MR
44000-P174155,MR
44000-P179263,MR
44000-P511001,MR
44000-P126297,MX
44000-P147244,MX
44000-P167674,MX
44000-P172863,MX
44000-P174000,MX
44000-P174150,MX
44000-P178224,MX
44000-P180496,MX
44000-P503988,MX
DE-1-201667484,CO
44000-P153753,MW
DE-1-201667492,CO
44000-P165056,MW
44000-P175072,MW
44000-P125272,NE
44000-P132757,NE
44000-P145251,NE
44000-P151487,NE
44000-P159969,NE
44000-P163318,NE
44000-P166124,NE
44000-P169830,NE
44000-P173113,NE
44000-P175256,NE
44000-P178423,NE
44000-P129489,MZ
44000-P131212,MZ
44000-P146398,MZ
44000-P176762,MZ
44000-P133687,MZ
44000-P178668,MZ
44000-P154422,MZ
44000-P146537,MZ
44000-P128434,MZ
44000-P146930,MZ
44000-P174152,MZ
44000-P166159,PA
44000-P508348,PA
44000-P181306,PA
44000-P151804,PA
44000-P122738,PA
44000-P127332,PA
44000-P175930,PA
44000-P179817,PA
44000-P146942,PA
44000-P174107,PA
44000-P174191,PA
44000-P501661,NG
44000-P130012,NG
44000-P123353,NG
44000-P123352,NG
44000-P151480,NG
44000-P177776,NP
44000-P159547,NP
44000-P170248,NP
44000-P173044,NP
44000-P176881,NP
44000-P178531,NP
44000-P173982,NP
44000-P168869,NP
44000-P176498,NP
44000-P181344,NP
44000-P178687,NP
44000-P166788,NP
44000-P170477,PE
44000-P174440,PE
44000-P101177,PE
44000-P101471,PE
44000-P120860,PE
44000-P131028,PE
44000-P149831,PE
44000-P154981,PE
44000-P156858,PE
44000-P176387,PE
44000-P177765,PE
44000-P178591,PE
44000-P179214,PE
44000-P180554,PE
44000-P181263,PE
44000-P506131,PE
44000-P127433,PL
44000-P146243,PL
44000-P130459,PL
44000-P151007,PY
44000-P169505,PY
44000-P178285,PY
44000-P508227,PY
44000-P165717,PG
44000-P174347,PG
44000-P507527,PG
44000-P130051,RO
44000-P148957,RO
44000-P149776,RO
44000-P166303,RO
44000-P178912,RO
44000-P179297,RO
44000-P181517,RO
44000-P502111,RO
44000-P513191,RO
44000-P127408,RS
44000-P149750,RS
44000-P155694,RS
44000-P157489,RS
44000-P161184,RS
44000-P164575,RS
44000-P177410,RS
44000-P178115,RS
44000-P125943,PH
44000-P126580,PH
44000-P147803,PH
44000-P155656,PH
44000-P167651,PH
44000-P170052,PH
44000-P170914,PH
44000-P171440,PH
44000-P174120,PH
44000-P175008,PH
44000-P175360,PH
44000-P176891,PH
44000-P177125,PH
44000-P178634,PH
44000-P179361,PH
44000-P180336,PH
44000-P180585,PH
44000-P181127,PH
44000-P181389,PH
44000-P507528,PH
44000-P506960,SC
44000-P148861,SC
44000-P125202,SC
44000-P178209,SC
44000-P178210,SC
44000-P174198,SC
44000-P153269,SC
44000-P513769,SC
44000-P176420,SC
44000-P175139,SD
44000-P149886,SB
44000-P167465,SB
44000-P172454,SB
44000-P178676,SB
44000-P511758,SB
44000-P133107,SL
44000-P146726,SL
44000-P168259,SL
44000-P169498,SL
44000-P175342,SL
44000-P178321,SL
44000-P178322,SL
44000-P503960,SL
44000-P178113,RW
44000-P180196,RW
44000-P181603,RW
44000-P146452,RW
44000-P151279,RW
44000-P155024,RW
44000-P158698,RW
44000-P162671,RW
44000-P166458,RW
44000-P169040,RW
44000-P171554,RW
44000-P173680,RW
44000-P505244,RW
44000-P513028,RW
44000-P171570,SO
44000-P174889,SO
44000-P179307,SO
44000-P501988,SO
44000-P506857,SO
44000-P509222,SO
44000-P174275,ST
44000-P159010,ST
44000-P508911,ST
44000-P168335,ST
44000-P174274,ST
44000-P164321,ST
44000-P508225,SZ
44000-P174447,SZ
44000-P175317,SZ
44000-P126470,SN
44000-P128284,SN
44000-P159023,SN
44000-P164525,SN
44000-P170366,SN
44000-P172723,SN
44000-P175293,SN
44000-P152021,PK
44000-P172648,PK
44000-P147557,PK
44000-P161136,PK
44000-P128258,PK
44000-P157207,PK
44000-P174553,PK
44000-P172628,PK
44000-P509413,SV
44000-P171850,PK
44000-P170568,PK
44000-P155480,TD
44000-P168606,TD
44000-P163968,TD
44000-P172023,TG
44000-P174376,TG
44000-P181238,TG
44000-P166739,TG
44000-P510580,TG
44000-P179294,TG
44000-P132208,TG
44000-P169867,TG
44000-P144601,TO
44000-P149963,TO
44000-P159263,TO
44000-P171071,TO
44000-P172742,TO
44000-P174683,TO
44000-P179813,TO
44000-P509760,TO
44000-P173324,TN
44000-P158111,TN
44000-P132709,TN
44000-P150950,TN
44000-P161483,TN
44000-P128251,TN
44000-P170558,TV
44000-P179820,TV
44000-P172614,TV
44000-P155066,TV
44000-P145488,TV
44000-P506356,TV
44000-P150194,TV
44000-P177930,TJ
44000-P501015,TJ
44000-P150313,UA
44000-P506463,UA
44000-P177931,UA
44000-P502032,UA
44000-P150677,UA
44000-P181023,UA
44000-P172597,UA
44000-P131440,UY
44000-P172796,UY
44000-P179367,UY
44000-P133798,TZ
44000-P110836,TZ
44000-P180504,TZ
44000-P143645,TZ
44000-P178156,TZ
44000-P120536,TZ
44000-P145254,TZ
44000-P507912,TZ
44000-P150009,TZ
44000-P507760,VC
44000-P169956,VC
44000-P146322,TR
44000-P162071,TR
44000-P127787,TR
44000-P168749,VU
44000-P176930,VU
44000-P506285,VU
44000-P155118,WS
44000-P165928,WS
44000-P149770,WS
44000-P171764,WS
44000-P174498,WS
44000-P180120,WS
44000-P173906,UG
44000-P170113,XK
44000-P179944,XK
44000-P174246,ZA
44000-P179077,ZA
44000-P507031,ZA
PS-TIN-888005972-SO5,PS
PS-TIN-888005972-SO3,PS
PS-TIN-888005972-SO4,PS
PS-TIN-888005972-SO1,PS
PS-TIN-888005972-SO2,PS
44000-P179007,UZ
44000-P168280,UZ
44000-P166019,UZ
44000-P171751,UZ
44000-P176353,UZ
44000-P511920,UZ
44000-P180470,UZ
44000-P501037,UZ
BJ-IFU-6200801257400-RSG0123375-29295,BJ
44000-P174911,ZM
44000-P181011,ZM
44000-P507116,ZM
44000-P507962,ZM
44000-P122667,VN
44000-P122793,VN
44000-P124174,VN
44000-P127201,VN
44000-P131775,VN
44000-P144675,VN
44000-P146095,VN
44000-P155824,VN
44000-P157405,VN
44000-P160480,VN
44000-P171006,VN
44000-P171216,VN
44000-P176717,VN
44000-P181146,VN
46002-P-ML-K00-011,ML
46002-P-ML-K00-014,ML
46002-P-ML-K00-015,ML
46002-P-ML-K00-018,ML
46002-P-ML-K00-020,ML
46002-P-ML-KA0-001,ML
46002-P-ML-KA0-003,ML
46002-P-ML-KA0-006,ML
46002-P-NA-KA0-002,NA
46002-P-NA-K00-007,NA
46002-P-NA-KA0-004,NA
46002-P-NA-K00-004,NA
46002-P-NA-K00-005,NA
46002-P-MZ-K00-001,MZ
46002-P-MZ-K00-002,MZ
46002-P-MZ-K00-004,MZ
46002-P-MZ-K00-007,MZ
46002-P-MZ-K00-009,MZ
46002-P-MZ-K00-010,MZ
46002-P-MZ-K00-011,MZ
46002-P-MZ-K00-012,MZ
46002-P-MZ-AA0-041,MZ
46002-P-MZ-KA0-007,MZ
46002-P-MZ-AA0-045,MZ
46002-P-NE-KA0-015,NE
46002-P-NE-KA0-013,NE
46002-P-NE-KA0-012,NE
46002-P-NE-KA0-011,NE
46002-P-NE-K00-007,NE
46002-P-NE-KA0-006,NE
46002-P-NE-KA0-008,NE
46002-P-NE-KA0-010,NE
46002-P-NE-A00-012,NE
46002-P-NE-KA0-014,NE
46002-P-MA-K00-014,MA
46002-P-MA-AA0-011,MA
46002-P-MA-AA0-003,MA
46002-P-MA-I00-006,MA
46002-P-MA-HAZ-002,MA
46002-P-MA-IBD-011,MA
46002-P-MA-HA0-001,MA
46002-P-MA-A00-002,MA
46002-P-MA-H00-001,MA
46002-P-MA-DZ0-002,MA
46002-P-MA-E00-004,MA
46002-P-MA-GB0-002,MA
46002-P-MA-GB0-003,MA
46002-P-MA-H00-004,MA
46002-P-MA-HZ0-003,MA
46002-P-MA-HZ0-006,MA
46002-P-MA-HZ0-011,MA
46002-P-MA-IAZ-003,MA
46002-P-MA-IAZ-004,MA
46002-P-MA-IBD-001,MA
46002-P-MA-IBD-008,MA
46002-P-MA-IBD-010,MA
46002-P-MA-K00-002,MA
46002-P-MA-K00-003,MA
46002-P-MA-K00-004,MA
46002-P-MA-K00-005,MA
46002-P-MA-K00-006,MA
46002-P-MA-K00-010,MA
46002-P-MA-A00-003,MA
46002-P-MA-K00-013,MA
46002-P-MA-K00-019,MA
46002-P-MA-K00-021,MA
46002-P-MA-I00-010,MA
46002-P-MA-I00-016,MA
46002-P-MA-H00-020,MA
46002-P-MA-I00-012,MA
46002-P-MA-AA0-023,MA
46002-P-MA-IBD-012,MA
46002-P-MA-IA0-008,MA
46002-P-MA-IAD-003,MA
46002-P-MA-K00-023,MA
46002-P-MA-K00-028,MA
46002-P-MA-AA0-024,MA
46002-P-MA-IAZ-009,MA
46002-P-NG-KA0-002,NG
DE-1-200570218,GH
DE-1-201265420,GH
46002-P-NG-FA0-002,NG
46002-P-NG-K00-005,NG
46002-P-NG-KA0-006,NG
46002-P-NG-AAG-016,NG
46002-P-NG-K00-012,NG
46002-P-NG-K00-013,NG
46002-P-RW-FA0-008,RW
46002-P-RW-FA0-016,RW
46002-P-RW-IZ0-004,RW
46002-P-RW-IZ0-006,RW
46002-P-RW-AAE-004,RW
46002-P-RW-IZ0-002,RW
46002-P-RW-IZ0-003,RW
46002-P-RW-K00-006,RW
46002-P-RW-K00-013,RW
46002-P-RW-E00-013,RW
46002-P-RW-F00-009,RW
46002-P-ST-K00-012,ST
46002-P-ST-K00-015,ST
46002-P-ST-K00-013,ST
46002-P-ST-K00-014,ST
46002-P-ST-K00-017,ST
DE-1-201767805,JO
DE-1-201770114,JO
