iso2,iso3,year,coup,coup_attempt,election_year
MX,MEX,2014,0,0,0
MX,MEX,2015,0,0,1
MX,MEX,2016,0,0,0
MX,MEX,2017,0,0,0
MX,MEX,2018,0,0,1
MX,MEX,2019,0,0,0
MX,MEX,2020,0,0,0
MX,MEX,2021,0,0,1
MX,MEX,2022,0,0,0
MX,MEX,2023,0,0,0
MX,MEX,2024,0,0,1
MX,MEX,2025,0,0,0
SR,SUR,2014,0,0,0
SR,SUR,2015,0,0,1
SR,SUR,2016,0,0,0
SR,SUR,2017,0,0,0
SR,SUR,2018,0,0,0
SR,SUR,2019,0,0,0
SR,SUR,2020,0,0,1
SR,SUR,2021,0,0,0
SR,SUR,2022,0,0,0
SR,SUR,2023,0,0,0
SR,SUR,2024,0,0,0
SR,SUR,2025,0,0,1
SE,SWE,2014,0,0,1
SE,SWE,2015,0,0,0
SE,SWE,2016,0,0,0
SE,SWE,2017,0,0,0
SE,SWE,2018,0,0,1
SE,SWE,2019,0,0,0
SE,SWE,2020,0,0,0
SE,SWE,2021,0,0,0
SE,SWE,2022,0,0,1
SE,SWE,2023,0,0,0
SE,SWE,2024,0,0,0
SE,SWE,2025,0,0,0
CH,CHE,2014,0,0,0
CH,CHE,2015,0,0,1
CH,CHE,2016,0,0,0
CH,CHE,2017,0,0,0
CH,CHE,2018,0,0,0
CH,CHE,2019,0,0,1
CH,CHE,2020,0,0,0
CH,CHE,2021,0,0,0
CH,CHE,2022,0,0,0
CH,CHE,2023,0,0,1
CH,CHE,2024,0,0,0
CH,CHE,2025,0,0,0
GH,GHA,2014,0,0,0
GH,GHA,2015,0,0,0
GH,GHA,2016,0,0,1
GH,GHA,2017,0,0,0
GH,GHA,2018,0,0,0
GH,GHA,2019,0,0,0
GH,GHA,2020,0,0,1
GH,GHA,2021,0,0,0
GH,GHA,2022,0,0,0
GH,GHA,2023,0,0,0
GH,GHA,2024,0,0,1
GH,GHA,2025,0,0,0
ZA,ZAF,2014,0,0,1
ZA,ZAF,2015,0,0,0
ZA,ZAF,2016,0,0,0
ZA,ZAF,2017,0,0,0
ZA,ZAF,2018,0,0,0
ZA,ZAF,2019,0,0,1
ZA,ZAF,2020,0,0,0
ZA,ZAF,2021,0,0,0
ZA,ZAF,2022,0,0,0
ZA,ZAF,2023,0,0,0
ZA,ZAF,2024,0,0,1
ZA,ZAF,2025,0,0,0
JP,JPN,2014,0,0,1
JP,JPN,2015,0,0,0
JP,JPN,2016,0,0,0
JP,JPN,2017,0,0,1
JP,JPN,2018,0,0,0
JP,JPN,2019,0,0,0
JP,JPN,2020,0,0,0
JP,JPN,2021,0,0,1
JP,JPN,2022,0,0,0
JP,JPN,2023,0,0,0
JP,JPN,2024,0,0,1
JP,JPN,2025,0,0,0
MM,MMR,2014,0,0,0
MM,MMR,2015,0,0,1
MM,MMR,2016,0,0,0
MM,MMR,2017,0,0,0
MM,MMR,2018,0,0,0
MM,MMR,2019,0,0,0
MM,MMR,2020,0,0,1
MM,MMR,2021,1,1,0
MM,MMR,2022,0,0,0
MM,MMR,2023,0,0,0
MM,MMR,2024,0,0,0
MM,MMR,2025,0,0,1
RU,RUS,2014,0,0,0
RU,RUS,2015,0,0,0
RU,RUS,2016,0,0,1
RU,RUS,2017,0,0,0
RU,RUS,2018,0,0,1
RU,RUS,2019,0,0,0
RU,RUS,2020,0,0,0
RU,RUS,2021,0,0,1
RU,RUS,2022,0,0,0
RU,RUS,2023,0,0,0
RU,RUS,2024,0,0,1
RU,RUS,2025,0,0,0
AL,ALB,2014,0,0,0
AL,ALB,2015,0,0,0
AL,ALB,2016,0,0,0
AL,ALB,2017,0,0,1
AL,ALB,2018,0,0,0
AL,ALB,2019,0,0,0
AL,ALB,2020,0,0,0
AL,ALB,2021,0,0,1
AL,ALB,2022,0,0,0
AL,ALB,2023,0,0,0
AL,ALB,2024,0,0,0
AL,ALB,2025,0,0,1
EG,EGY,2014,0,0,1
EG,EGY,2015,0,0,1
EG,EGY,2016,0,0,0
EG,EGY,2017,0,0,0
EG,EGY,2018,0,0,1
EG,EGY,2019,0,0,0
EG,EGY,2020,0,0,1
EG,EGY,2021,0,0,0
EG,EGY,2022,0,0,0
EG,EGY,2023,0,0,1
EG,EGY,2024,0,0,0
EG,EGY,2025,0,0,1
YE,YEM,2014,0,0,0
YE,YEM,2015,0,0,0
YE,YEM,2016,0,0,0
YE,YEM,2017,0,0,0
YE,YEM,2018,0,0,0
YE,YEM,2019,0,0,0
YE,YEM,2020,0,0,0
YE,YEM,2021,0,0,0
YE,YEM,2022,0,0,0
YE,YEM,2023,0,0,0
YE,YEM,2024,0,0,0
YE,YEM,2025,0,0,0
CO,COL,2014,0,0,1
CO,COL,2015,0,0,0
CO,COL,2016,0,0,0
CO,COL,2017,0,0,0
CO,COL,2018,0,0,1
CO,COL,2019,0,0,0
CO,COL,2020,0,0,0
CO,COL,2021,0,0,0
CO,COL,2022,0,0,1
CO,COL,2023,0,0,0
CO,COL,2024,0,0,0
CO,COL,2025,0,0,0
PL,POL,2014,0,0,0
PL,POL,2015,0,0,1
PL,POL,2016,0,0,0
PL,POL,2017,0,0,0
PL,POL,2018,0,0,0
PL,POL,2019,0,0,1
PL,POL,2020,0,0,1
PL,POL,2021,0,0,0
PL,POL,2022,0,0,0
PL,POL,2023,0,0,1
PL,POL,2024,0,0,0
PL,POL,2025,0,0,1
BR,BRA,2014,0,0,1
BR,BRA,2015,0,0,0
BR,BRA,2016,0,0,0
BR,BRA,2017,0,0,0
BR,BRA,2018,0,0,1
BR,BRA,2019,0,0,0
BR,BRA,2020,0,0,0
BR,BRA,2021,0,0,0
BR,BRA,2022,0,0,1
BR,BRA,2023,0,0,0
BR,BRA,2024,0,0,0
BR,BRA,2025,0,0,0
US,USA,2014,0,0,1
US,USA,2015,0,0,0
US,USA,2016,0,0,1
US,USA,2017,0,0,0
US,USA,2018,0,0,1
US,USA,2019,0,0,0
US,USA,2020,0,0,1
US,USA,2021,0,0,0
US,USA,2022,0,0,1
US,USA,2023,0,0,0
US,USA,2024,0,0,1
US,USA,2025,0,0,0
PT,PRT,2014,0,0,0
PT,PRT,2015,0,0,1
PT,PRT,2016,0,0,1
PT,PRT,2017,0,0,0
PT,PRT,2018,0,0,0
PT,PRT,2019,0,0,1
PT,PRT,2020,0,0,0
PT,PRT,2021,0,0,1
PT,PRT,2022,0,0,1
PT,PRT,2023,0,0,0
PT,PRT,2024,0,0,1
PT,PRT,2025,0,0,1
SV,SLV,2014,0,0,1
SV,SLV,2015,0,0,1
SV,SLV,2016,0,0,0
SV,SLV,2017,0,0,0
SV,SLV,2018,0,0,1
SV,SLV,2019,0,0,1
SV,SLV,2020,0,0,0
SV,SLV,2021,0,0,1
SV,SLV,2022,0,0,0
SV,SLV,2023,0,0,0
SV,SLV,2024,0,0,1
SV,SLV,2025,0,0,0
BD,BGD,2014,0,0,1
BD,BGD,2015,0,0,0
BD,BGD,2016,0,0,0
BD,BGD,2017,0,0,0
BD,BGD,2018,0,0,1
BD,BGD,2019,0,0,0
BD,BGD,2020,0,0,0
BD,BGD,2021,0,0,0
BD,BGD,2022,0,0,0
BD,BGD,2023,0,0,0
BD,BGD,2024,1,1,1
BD,BGD,2025,0,0,0
BO,BOL,2014,0,0,1
BO,BOL,2015,0,0,0
BO,BOL,2016,0,0,0
BO,BOL,2017,0,0,0
BO,BOL,2018,0,0,0
BO,BOL,2019,0,0,1
BO,BOL,2020,0,0,1
BO,BOL,2021,0,0,0
BO,BOL,2022,0,0,0
BO,BOL,2023,0,0,0
BO,BOL,2024,0,1,0
BO,BOL,2025,0,0,1
HT,HTI,2014,0,0,0
HT,HTI,2015,0,0,1
HT,HTI,2016,0,0,1
HT,HTI,2017,0,0,0
HT,HTI,2018,0,0,0
HT,HTI,2019,0,0,0
HT,HTI,2020,0,0,0
HT,HTI,2021,0,0,0
HT,HTI,2022,0,0,0
HT,HTI,2023,0,0,0
HT,HTI,2024,0,0,0
HT,HTI,2025,0,0,0
HN,HND,2014,0,0,0
HN,HND,2015,0,0,0
HN,HND,2016,0,0,0
HN,HND,2017,0,0,1
HN,HND,2018,0,0,0
HN,HND,2019,0,0,0
HN,HND,2020,0,0,0
HN,HND,2021,0,0,1
HN,HND,2022,0,0,0
HN,HND,2023,0,0,0
HN,HND,2024,0,0,0
HN,HND,2025,0,0,1
ML,MLI,2014,0,0,0
ML,MLI,2015,0,0,0
ML,MLI,2016,0,0,0
ML,MLI,2017,0,0,0
ML,MLI,2018,0,0,1
ML,MLI,2019,0,0,0
ML,MLI,2020,1,1,1
ML,MLI,2021,1,1,0
ML,MLI,2022,0,0,0
ML,MLI,2023,0,0,0
ML,MLI,2024,0,0,0
ML,MLI,2025,0,0,0
PK,PAK,2014,0,0,0
PK,PAK,2015,0,0,0
PK,PAK,2016,0,0,0
PK,PAK,2017,0,0,0
PK,PAK,2018,0,0,1
PK,PAK,2019,0,0,0
PK,PAK,2020,0,0,0
PK,PAK,2021,0,0,0
PK,PAK,2022,0,0,0
PK,PAK,2023,0,0,0
PK,PAK,2024,0,0,1
PK,PAK,2025,0,0,0
PE,PER,2014,0,0,0
PE,PER,2015,0,0,0
PE,PER,2016,0,0,1
PE,PER,2017,0,0,0
PE,PER,2018,0,0,0
PE,PER,2019,0,0,0
PE,PER,2020,0,0,1
PE,PER,2021,0,0,1
PE,PER,2022,0,0,0
PE,PER,2023,0,0,0
PE,PER,2024,0,0,0
PE,PER,2025,0,0,0
SN,SEN,2014,0,0,0
SN,SEN,2015,0,0,0
SN,SEN,2016,0,0,0
SN,SEN,2017,0,0,1
SN,SEN,2018,0,0,0
SN,SEN,2019,0,0,1
SN,SEN,2020,0,0,0
SN,SEN,2021,0,0,0
SN,SEN,2022,0,0,1
SN,SEN,2023,0,0,0
SN,SEN,2024,0,0,1
SN,SEN,2025,0,0,0
SS,SSD,2014,0,0,0
SS,SSD,2015,0,0,0
SS,SSD,2016,0,0,0
SS,SSD,2017,0,0,0
SS,SSD,2018,0,0,0
SS,SSD,2019,0,0,0
SS,SSD,2020,0,0,0
SS,SSD,2021,0,0,0
SS,SSD,2022,0,0,0
SS,SSD,2023,0,0,0
SS,SSD,2024,0,0,0
SS,SSD,2025,0,0,0
SD,SDN,2014,0,0,0
SD,SDN,2015,0,0,1
SD,SDN,2016,0,0,0
SD,SDN,2017,0,0,0
SD,SDN,2018,0,0,0
SD,SDN,2019,1,1,0
SD,SDN,2020,0,0,0
SD,SDN,2021,1,1,0
SD,SDN,2022,0,0,0
SD,SDN,2023,0,1,0
SD,SDN,2024,0,0,0
SD,SDN,2025,0,0,0
VN,VNM,2014,0,0,0
VN,VNM,2015,0,0,0
VN,VNM,2016,0,0,1
VN,VNM,2017,0,0,0
VN,VNM,2018,0,0,0
VN,VNM,2019,0,0,0
VN,VNM,2020,0,0,0
VN,VNM,2021,0,0,1
VN,VNM,2022,0,0,0
VN,VNM,2023,0,0,0
VN,VNM,2024,0,0,0
VN,VNM,2025,0,0,0
AF,AFG,2014,0,0,1
AF,AFG,2015,0,0,0
AF,AFG,2016,0,0,0
AF,AFG,2017,0,0,0
AF,AFG,2018,0,0,1
AF,AFG,2019,0,0,1
AF,AFG,2020,0,0,0
AF,AFG,2021,0,0,0
AF,AFG,2022,0,0,0
AF,AFG,2023,0,0,0
AF,AFG,2024,0,0,0
AF,AFG,2025,0,0,0
AR,ARG,2014,0,0,0
AR,ARG,2015,0,0,1
AR,ARG,2016,0,0,0
AR,ARG,2017,0,0,1
AR,ARG,2018,0,0,0
AR,ARG,2019,0,0,1
AR,ARG,2020,0,0,0
AR,ARG,2021,0,0,1
AR,ARG,2022,0,0,0
AR,ARG,2023,0,0,1
AR,ARG,2024,0,0,0
AR,ARG,2025,0,0,1
ET,ETH,2014,0,0,0
ET,ETH,2015,0,0,1
ET,ETH,2016,0,0,0
ET,ETH,2017,0,0,0
ET,ETH,2018,0,0,0
ET,ETH,2019,0,0,0
ET,ETH,2020,0,0,0
ET,ETH,2021,0,0,1
ET,ETH,2022,0,0,0
ET,ETH,2023,0,0,0
ET,ETH,2024,0,0,0
ET,ETH,2025,0,0,0
IN,IND,2014,0,0,1
IN,IND,2015,0,0,0
IN,IND,2016,0,0,0
IN,IND,2017,0,0,0
IN,IND,2018,0,0,0
IN,IND,2019,0,0,1
IN,IND,2020,0,0,0
IN,IND,2021,0,0,0
IN,IND,2022,0,0,0
IN,IND,2023,0,0,0
IN,IND,2024,0,0,1
IN,IND,2025,0,0,0
KE,KEN,2014,0,0,0
KE,KEN,2015,0,0,0
KE,KEN,2016,0,0,0
KE,KEN,2017,0,0,1
KE,KEN,2018,0,0,0
KE,KEN,2019,0,0,0
KE,KEN,2020,0,0,0
KE,KEN,2021,0,0,0
KE,KEN,2022,0,0,1
KE,KEN,2023,0,0,0
KE,KEN,2024,0,0,0
KE,KEN,2025,0,0,0
KP,PRK,2014,0,0,1
KP,PRK,2015,0,0,0
KP,PRK,2016,0,0,0
KP,PRK,2017,0,0,0
KP,PRK,2018,0,0,0
KP,PRK,2019,0,0,1
KP,PRK,2020,0,0,0
KP,PRK,2021,0,0,0
KP,PRK,2022,0,0,0
KP,PRK,2023,0,0,0
KP,PRK,2024,0,0,0
KP,PRK,2025,0,0,0
KR,KOR,2014,0,0,0
KR,KOR,2015,0,0,0
KR,KOR,2016,0,0,1
KR,KOR,2017,0,0,1
KR,KOR,2018,0,0,0
KR,KOR,2019,0,0,0
KR,KOR,2020,0,0,1
KR,KOR,2021,0,0,0
KR,KOR,2022,0,0,1
KR,KOR,2023,0,0,0
KR,KOR,2024,0,0,1
KR,KOR,2025,0,0,1
XK,XKX,2014,0,0,1
XK,XKX,2015,0,0,0
XK,XKX,2016,0,0,0
XK,XKX,2017,0,0,1
XK,XKX,2018,0,0,0
XK,XKX,2019,0,0,1
XK,XKX,2020,0,0,0
XK,XKX,2021,0,0,1
XK,XKX,2022,0,0,0
XK,XKX,2023,0,0,0
XK,XKX,2024,0,0,0
XK,XKX,2025,0,0,1
LB,LBN,2014,0,0,0
LB,LBN,2015,0,0,0
LB,LBN,2016,0,0,0
LB,LBN,2017,0,0,0
LB,LBN,2018,0,0,1
LB,LBN,2019,0,0,0
LB,LBN,2020,0,0,0
LB,LBN,2021,0,0,0
LB,LBN,2022,0,0,1
LB,LBN,2023,0,0,0
LB,LBN,2024,0,0,0
LB,LBN,2025,0,0,0
NG,NGA,2014,0,0,0
NG,NGA,2015,0,0,1
NG,NGA,2016,0,0,0
NG,NGA,2017,0,0,0
NG,NGA,2018,0,0,0
NG,NGA,2019,0,0,1
NG,NGA,2020,0,0,0
NG,NGA,2021,0,0,0
NG,NGA,2022,0,0,0
NG,NGA,2023,0,0,1
NG,NGA,2024,0,0,0
NG,NGA,2025,0,0,0
PH,PHL,2014,0,0,0
PH,PHL,2015,0,0,0
PH,PHL,2016,0,0,1
PH,PHL,2017,0,0,0
PH,PHL,2018,0,0,0
PH,PHL,2019,0,0,1
PH,PHL,2020,0,0,0
PH,PHL,2021,0,0,0
PH,PHL,2022,0,0,1
PH,PHL,2023,0,0,0
PH,PHL,2024,0,0,0
PH,PHL,2025,0,0,1
TZ,TZA,2014,0,0,0
TZ,TZA,2015,0,0,1
TZ,TZA,2016,0,0,0
TZ,TZA,2017,0,0,0
TZ,TZA,2018,0,0,0
TZ,TZA,2019,0,0,0
TZ,TZA,2020,0,0,1
TZ,TZA,2021,0,0,0
TZ,TZA,2022,0,0,0
TZ,TZA,2023,0,0,0
TZ,TZA,2024,0,0,0
TZ,TZA,2025,0,0,1
TH,THA,2014,1,1,1
TH,THA,2015,0,0,0
TH,THA,2016,0,0,0
TH,THA,2017,0,0,0
TH,THA,2018,0,0,0
TH,THA,2019,0,0,1
TH,THA,2020,0,0,0
TH,THA,2021,0,0,0
TH,THA,2022,0,0,0
TH,THA,2023,0,0,1
TH,THA,2024,0,0,0
TH,THA,2025,0,0,0
UG,UGA,2014,0,0,0
UG,UGA,2015,0,0,0
UG,UGA,2016,0,0,1
UG,UGA,2017,0,0,0
UG,UGA,2018,0,0,0
UG,UGA,2019,0,0,0
UG,UGA,2020,0,0,0
UG,UGA,2021,0,0,1
UG,UGA,2022,0,0,0
UG,UGA,2023,0,0,0
UG,UGA,2024,0,0,0
UG,UGA,2025,0,0,0
VE,VEN,2014,0,0,0
VE,VEN,2015,0,0,1
VE,VEN,2016,0,0,0
VE,VEN,2017,0,0,1
VE,VEN,2018,0,0,1
VE,VEN,2019,0,0,0
VE,VEN,2020,0,0,1
VE,VEN,2021,0,0,0
VE,VEN,2022,0,0,0
VE,VEN,2023,0,0,0
VE,VEN,2024,0,0,1
VE,VEN,2025,0,0,1
BJ,BEN,2014,0,0,0
BJ,BEN,2015,0,0,1
BJ,BEN,2016,0,0,1
BJ,BEN,2017,0,0,0
BJ,BEN,2018,0,0,0
BJ,BEN,2019,0,0,1
BJ,BEN,2020,0,0,0
BJ,BEN,2021,0,0,1
BJ,BEN,2022,0,0,0
BJ,BEN,2023,0,0,1
BJ,BEN,2024,0,0,0
BJ,BEN,2025,0,0,0
BT,BTN,2014,0,0,0
BT,BTN,2015,0,0,0
BT,BTN,2016,0,0,0
BT,BTN,2017,0,0,0
BT,BTN,2018,0,0,1
BT,BTN,2019,0,0,0
BT,BTN,2020,0,0,0
BT,BTN,2021,0,0,0
BT,BTN,2022,0,0,0
BT,BTN,2023,0,0,1
BT,BTN,2024,0,0,1
BT,BTN,2025,0,0,0
BF,BFA,2014,1,1,0
BF,BFA,2015,0,1,1
BF,BFA,2016,0,0,0
BF,BFA,2017,0,0,0
BF,BFA,2018,0,0,0
BF,BFA,2019,0,0,0
BF,BFA,2020,0,0,1
BF,BFA,2021,0,0,0
BF,BFA,2022,1,1,0
BF,BFA,2023,0,0,0
BF,BFA,2024,0,0,0
BF,BFA,2025,0,0,0
KH,KHM,2014,0,0,0
KH,KHM,2015,0,0,0
KH,KHM,2016,0,0,0
KH,KHM,2017,0,0,0
KH,KHM,2018,0,0,1
KH,KHM,2019,0,0,0
KH,KHM,2020,0,0,0
KH,KHM,2021,0,0,0
KH,KHM,2022,0,0,0
KH,KHM,2023,0,0,1
KH,KHM,2024,0,0,0
KH,KHM,2025,0,0,0
ID,IDN,2014,0,0,1
ID,IDN,2015,0,0,0
ID,IDN,2016,0,0,0
ID,IDN,2017,0,0,0
ID,IDN,2018,0,0,0
ID,IDN,2019,0,0,1
ID,IDN,2020,0,0,0
ID,IDN,2021,0,0,0
ID,IDN,2022,0,0,0
ID,IDN,2023,0,0,0
ID,IDN,2024,0,0,1
ID,IDN,2025,0,0,0
MZ,MOZ,2014,0,0,1
MZ,MOZ,2015,0,0,0
MZ,MOZ,2016,0,0,0
MZ,MOZ,2017,0,0,0
MZ,MOZ,2018,0,0,0
MZ,MOZ,2019,0,0,1
MZ,MOZ,2020,0,0,0
MZ,MOZ,2021,0,0,0
MZ,MOZ,2022,0,0,0
MZ,MOZ,2023,0,0,0
MZ,MOZ,2024,0,0,1
MZ,MOZ,2025,0,0,0
NP,NPL,2014,0,0,0
NP,NPL,2015,0,0,0
NP,NPL,2016,0,0,0
NP,NPL,2017,0,0,1
NP,NPL,2018,0,0,0
NP,NPL,2019,0,0,0
NP,NPL,2020,0,0,0
NP,NPL,2021,0,0,0
NP,NPL,2022,0,0,1
NP,NPL,2023,0,0,0
NP,NPL,2024,0,0,0
NP,NPL,2025,0,0,0
NI,NIC,2014,0,0,0
NI,NIC,2015,0,0,0
NI,NIC,2016,0,0,1
NI,NIC,2017,0,0,0
NI,NIC,2018,0,0,0
NI,NIC,2019,0,0,0
NI,NIC,2020,0,0,0
NI,NIC,2021,0,0,1
NI,NIC,2022,0,0,0
NI,NIC,2023,0,0,0
NI,NIC,2024,0,0,0
NI,NIC,2025,0,0,0
NE,NER,2014,0,0,0
NE,NER,2015,0,0,0
NE,NER,2016,0,0,1
NE,NER,2017,0,0,0
NE,NER,2018,0,0,0
NE,NER,2019,0,0,0
NE,NER,2020,0,0,1
NE,NER,2021,0,1,1
NE,NER,2022,0,0,0
NE,NER,2023,1,1,0
NE,NER,2024,0,0,0
NE,NER,2025,0,0,0
ZM,ZMB,2014,0,0,0
ZM,ZMB,2015,0,0,1
ZM,ZMB,2016,0,0,1
ZM,ZMB,2017,0,0,0
ZM,ZMB,2018,0,0,0
ZM,ZMB,2019,0,0,0
ZM,ZMB,2020,0,0,0
ZM,ZMB,2021,0,0,1
ZM,ZMB,2022,0,0,0
ZM,ZMB,2023,0,0,0
ZM,ZMB,2024,0,0,0
ZM,ZMB,2025,0,0,0
ZW,ZWE,2014,0,0,0
ZW,ZWE,2015,0,0,0
ZW,ZWE,2016,0,0,0
ZW,ZWE,2017,1,1,0
ZW,ZWE,2018,0,0,1
ZW,ZWE,2019,0,0,0
ZW,ZWE,2020,0,0,0
ZW,ZWE,2021,0,0,0
ZW,ZWE,2022,0,0,0
ZW,ZWE,2023,0,0,1
ZW,ZWE,2024,0,0,0
ZW,ZWE,2025,0,0,0
GN,GIN,2014,0,0,0
GN,GIN,2015,0,0,1
GN,GIN,2016,0,0,0
GN,GIN,2017,0,0,0
GN,GIN,2018,0,0,0
GN,GIN,2019,0,0,0
GN,GIN,2020,0,0,1
GN,GIN,2021,1,1,0
GN,GIN,2022,0,0,0
GN,GIN,2023,0,0,0
GN,GIN,2024,0,0,0
GN,GIN,2025,0,0,1
CI,CIV,2014,0,0,0
CI,CIV,2015,0,0,1
CI,CIV,2016,0,0,1
CI,CIV,2017,0,0,0
CI,CIV,2018,0,0,0
CI,CIV,2019,0,0,0
CI,CIV,2020,0,0,1
CI,CIV,2021,0,0,1
CI,CIV,2022,0,0,0
CI,CIV,2023,0,0,0
CI,CIV,2024,0,0,0
CI,CIV,2025,0,0,1
MR,MRT,2014,0,0,1
MR,MRT,2015,0,0,0
MR,MRT,2016,0,0,0
MR,MRT,2017,0,0,0
MR,MRT,2018,0,0,1
MR,MRT,2019,0,0,1
MR,MRT,2020,0,0,0
MR,MRT,2021,0,0,0
MR,MRT,2022,0,0,0
MR,MRT,2023,0,0,1
MR,MRT,2024,0,0,1
MR,MRT,2025,0,0,0
CA,CAN,2014,0,0,0
CA,CAN,2015,0,0,1
CA,CAN,2016,0,0,0
CA,CAN,2017,0,0,0
CA,CAN,2018,0,0,0
CA,CAN,2019,0,0,1
CA,CAN,2020,0,0,0
CA,CAN,2021,0,0,1
CA,CAN,2022,0,0,0
CA,CAN,2023,0,0,0
CA,CAN,2024,0,0,0
CA,CAN,2025,0,0,1
AU,AUS,2014,0,0,0
AU,AUS,2015,0,0,0
AU,AUS,2016,0,0,1
AU,AUS,2017,0,0,0
AU,AUS,2018,0,0,0
AU,AUS,2019,0,0,1
AU,AUS,2020,0,0,0
AU,AUS,2021,0,0,0
AU,AUS,2022,0,0,1
AU,AUS,2023,0,0,0
AU,AUS,2024,0,0,0
AU,AUS,2025,0,0,1
BW,BWA,2014,0,0,1
BW,BWA,2015,0,0,0
BW,BWA,2016,0,0,0
BW,BWA,2017,0,0,0
BW,BWA,2018,0,0,0
BW,BWA,2019,0,0,1
BW,BWA,2020,0,0,0
BW,BWA,2021,0,0,0
BW,BWA,2022,0,0,0
BW,BWA,2023,0,0,0
BW,BWA,2024,0,0,1
BW,BWA,2025,0,0,0
BI,BDI,2014,0,0,0
BI,BDI,2015,0,1,1
BI,BDI,2016,0,0,0
BI,BDI,2017,0,0,0
BI,BDI,2018,0,0,0
BI,BDI,2019,0,0,0
BI,BDI,2020,0,0,1
BI,BDI,2021,0,0,0
BI,BDI,2022,0,0,0
BI,BDI,2023,0,0,0
BI,BDI,2024,0,0,0
BI,BDI,2025,0,0,1
CV,CPV,2014,0,0,0
CV,CPV,2015,0,0,0
CV,CPV,2016,0,0,1
CV,CPV,2017,0,0,0
CV,CPV,2018,0,0,0
CV,CPV,2019,0,0,0
CV,CPV,2020,0,0,0
CV,CPV,2021,0,0,1
CV,CPV,2022,0,0,0
CV,CPV,2023,0,0,0
CV,CPV,2024,0,0,0
CV,CPV,2025,0,0,0
CF,CAF,2014,0,0,0
CF,CAF,2015,0,0,1
CF,CAF,2016,0,0,1
CF,CAF,2017,0,0,0
CF,CAF,2018,0,0,0
CF,CAF,2019,0,0,0
CF,CAF,2020,0,0,1
CF,CAF,2021,0,0,1
CF,CAF,2022,0,0,0
CF,CAF,2023,0,0,0
CF,CAF,2024,0,0,0
CF,CAF,2025,0,0,1
CL,CHL,2014,0,0,0
CL,CHL,2015,0,0,0
CL,CHL,2016,0,0,0
CL,CHL,2017,0,0,1
CL,CHL,2018,0,0,0
CL,CHL,2019,0,0,0
CL,CHL,2020,0,0,0
CL,CHL,2021,0,0,1
CL,CHL,2022,0,0,0
CL,CHL,2023,0,0,1
CL,CHL,2024,0,0,0
CL,CHL,2025,0,0,1
CR,CRI,2014,0,0,1
CR,CRI,2015,0,0,0
CR,CRI,2016,0,0,0
CR,CRI,2017,0,0,0
CR,CRI,2018,0,0,1
CR,CRI,2019,0,0,0
CR,CRI,2020,0,0,0
CR,CRI,2021,0,0,0
CR,CRI,2022,0,0,1
CR,CRI,2023,0,0,0
CR,CRI,2024,0,0,0
CR,CRI,2025,0,0,0
TL,TLS,2014,0,0,0
TL,TLS,2015,0,0,0
TL,TLS,2016,0,0,0
TL,TLS,2017,0,0,1
TL,TLS,2018,0,0,1
TL,TLS,2019,0,0,0
TL,TLS,2020,0,0,0
TL,TLS,2021,0,0,0
TL,TLS,2022,0,0,1
TL,TLS,2023,0,0,1
TL,TLS,2024,0,0,0
TL,TLS,2025,0,0,0
EC,ECU,2014,0,0,0
EC,ECU,2015,0,0,0
EC,ECU,2016,0,0,0
EC,ECU,2017,0,0,1
EC,ECU,2018,0,0,0
EC,ECU,2019,0,0,0
EC,ECU,2020,0,0,0
EC,ECU,2021,0,0,1
EC,ECU,2022,0,0,0
EC,ECU,2023,0,0,1
EC,ECU,2024,0,0,0
EC,ECU,2025,0,0,1
FR,FRA,2014,0,0,0
FR,FRA,2015,0,0,0
FR,FRA,2016,0,0,0
FR,FRA,2017,0,0,1
FR,FRA,2018,0,0,0
FR,FRA,2019,0,0,0
FR,FRA,2020,0,0,0
FR,FRA,2021,0,0,0
FR,FRA,2022,0,0,1
FR,FRA,2023,0,0,0
FR,FRA,2024,0,0,1
FR,FRA,2025,0,0,0
DE,DEU,2014,0,0,0
DE,DEU,2015,0,0,0
DE,DEU,2016,0,0,0
DE,DEU,2017,0,0,1
DE,DEU,2018,0,0,0
DE,DEU,2019,0,0,0
DE,DEU,2020,0,0,0
DE,DEU,2021,0,0,1
DE,DEU,2022,0,0,0
DE,DEU,2023,0,0,0
DE,DEU,2024,0,0,0
DE,DEU,2025,0,0,1
GT,GTM,2014,0,0,0
GT,GTM,2015,0,0,1
GT,GTM,2016,0,0,0
GT,GTM,2017,0,0,0
GT,GTM,2018,0,0,0
GT,GTM,2019,0,0,1
GT,GTM,2020,0,0,0
GT,GTM,2021,0,0,0
GT,GTM,2022,0,0,0
GT,GTM,2023,0,0,1
GT,GTM,2024,0,0,0
GT,GTM,2025,0,0,0
IR,IRN,2014,0,0,0
IR,IRN,2015,0,0,0
IR,IRN,2016,0,0,1
IR,IRN,2017,0,0,1
IR,IRN,2018,0,0,0
IR,IRN,2019,0,0,0
IR,IRN,2020,0,0,1
IR,IRN,2021,0,0,1
IR,IRN,2022,0,0,0
IR,IRN,2023,0,0,0
IR,IRN,2024,0,0,1
IR,IRN,2025,0,0,0
IQ,IRQ,2014,0,0,1
IQ,IRQ,2015,0,0,0
IQ,IRQ,2016,0,0,0
IQ,IRQ,2017,0,0,0
IQ,IRQ,2018,0,0,1
IQ,IRQ,2019,0,0,0
IQ,IRQ,2020,0,0,0
IQ,IRQ,2021,0,0,1
IQ,IRQ,2022,0,0,0
IQ,IRQ,2023,0,0,0
IQ,IRQ,2024,0,0,0
IQ,IRQ,2025,0,0,1
IE,IRL,2014,0,0,0
IE,IRL,2015,0,0,0
IE,IRL,2016,0,0,1
IE,IRL,2017,0,0,0
IE,IRL,2018,0,0,1
IE,IRL,2019,0,0,0
IE,IRL,2020,0,0,1
IE,IRL,2021,0,0,0
IE,IRL,2022,0,0,0
IE,IRL,2023,0,0,0
IE,IRL,2024,0,0,1
IE,IRL,2025,0,0,1
IT,ITA,2014,0,0,0
IT,ITA,2015,0,0,0
IT,ITA,2016,0,0,0
IT,ITA,2017,0,0,0
IT,ITA,2018,0,0,1
IT,ITA,2019,0,0,0
IT,ITA,2020,0,0,0
IT,ITA,2021,0,0,0
IT,ITA,2022,0,0,1
IT,ITA,2023,0,0,0
IT,ITA,2024,0,0,0
IT,ITA,2025,0,0,0
JO,JOR,2014,0,0,0
JO,JOR,2015,0,0,0
JO,JOR,2016,0,0,1
JO,JOR,2017,0,0,0
JO,JOR,2018,0,0,0
JO,JOR,2019,0,0,0
JO,JOR,2020,0,0,1
JO,JOR,2021,0,0,0
JO,JOR,2022,0,0,0
JO,JOR,2023,0,0,0
JO,JOR,2024,0,0,1
JO,JOR,2025,0,0,0
LV,LVA,2014,0,0,1
LV,LVA,2015,0,0,0
LV,LVA,2016,0,0,0
LV,LVA,2017,0,0,0
LV,LVA,2018,0,0,1
LV,LVA,2019,0,0,0
LV,LVA,2020,0,0,0
LV,LVA,2021,0,0,0
LV,LVA,2022,0,0,1
LV,LVA,2023,0,0,0
LV,LVA,2024,0,0,0
LV,LVA,2025,0,0,0
LS,LSO,2014,0,1,0
LS,LSO,2015,0,0,1
LS,LSO,2016,0,0,0
LS,LSO,2017,0,0,1
LS,LSO,2018,0,0,0
LS,LSO,2019,0,0,0
LS,LSO,2020,0,0,0
LS,LSO,2021,0,0,0
LS,LSO,2022,0,0,1
LS,LSO,2023,0,0,0
LS,LSO,2024,0,0,0
LS,LSO,2025,0,0,0
LR,LBR,2014,0,0,0
LR,LBR,2015,0,0,0
LR,LBR,2016,0,0,0
LR,LBR,2017,0,0,1
LR,LBR,2018,0,0,0
LR,LBR,2019,0,0,0
LR,LBR,2020,0,0,0
LR,LBR,2021,0,0,0
LR,LBR,2022,0,0,0
LR,LBR,2023,0,0,1
LR,LBR,2024,0,0,0
LR,LBR,2025,0,0,0
MW,MWI,2014,0,0,1
MW,MWI,2015,0,0,0
MW,MWI,2016,0,0,0
MW,MWI,2017,0,0,0
MW,MWI,2018,0,0,0
MW,MWI,2019,0,0,1
MW,MWI,2020,0,0,1
MW,MWI,2021,0,0,0
MW,MWI,2022,0,0,0
MW,MWI,2023,0,0,0
MW,MWI,2024,0,0,0
MW,MWI,2025,0,0,1
MV,MDV,2014,0,0,1
MV,MDV,2015,0,0,0
MV,MDV,2016,0,0,0
MV,MDV,2017,0,0,0
MV,MDV,2018,0,0,1
MV,MDV,2019,0,0,1
MV,MDV,2020,0,0,0
MV,MDV,2021,0,0,0
MV,MDV,2022,0,0,0
MV,MDV,2023,0,0,1
MV,MDV,2024,0,0,1
MV,MDV,2025,0,0,0
MN,MNG,2014,0,0,0
MN,MNG,2015,0,0,0
MN,MNG,2016,0,0,1
MN,MNG,2017,0,0,1
MN,MNG,2018,0,0,0
MN,MNG,2019,0,0,0
MN,MNG,2020,0,0,1
MN,MNG,2021,0,0,1
MN,MNG,2022,0,0,0
MN,MNG,2023,0,0,0
MN,MNG,2024,0,0,1
MN,MNG,2025,0,0,0
MA,MAR,2014,0,0,0
MA,MAR,2015,0,0,0
MA,MAR,2016,0,0,1
MA,MAR,2017,0,0,0
MA,MAR,2018,0,0,0
MA,MAR,2019,0,0,0
MA,MAR,2020,0,0,0
MA,MAR,2021,0,0,1
MA,MAR,2022,0,0,0
MA,MAR,2023,0,0,0
MA,MAR,2024,0,0,0
MA,MAR,2025,0,0,0
NL,NLD,2014,0,0,0
NL,NLD,2015,0,0,0
NL,NLD,2016,0,0,0
NL,NLD,2017,0,0,1
NL,NLD,2018,0,0,0
NL,NLD,2019,0,0,0
NL,NLD,2020,0,0,0
NL,NLD,2021,0,0,1
NL,NLD,2022,0,0,0
NL,NLD,2023,0,0,1
NL,NLD,2024,0,0,0
NL,NLD,2025,0,0,1
PA,PAN,2014,0,0,1
PA,PAN,2015,0,0,0
PA,PAN,2016,0,0,0
PA,PAN,2017,0,0,0
PA,PAN,2018,0,0,0
PA,PAN,2019,0,0,1
PA,PAN,2020,0,0,0
PA,PAN,2021,0,0,0
PA,PAN,2022,0,0,0
PA,PAN,2023,0,0,0
PA,PAN,2024,0,0,1
PA,PAN,2025,0,0,0
PG,PNG,2014,0,0,0
PG,PNG,2015,0,0,0
PG,PNG,2016,0,0,0
PG,PNG,2017,0,0,1
PG,PNG,2018,0,0,0
PG,PNG,2019,0,0,0
PG,PNG,2020,0,0,0
PG,PNG,2021,0,0,0
PG,PNG,2022,0,0,1
PG,PNG,2023,0,0,0
PG,PNG,2024,0,0,0
PG,PNG,2025,0,0,0
QA,QAT,2014,0,0,0
QA,QAT,2015,0,0,0
QA,QAT,2016,0,0,0
QA,QAT,2017,0,0,0
QA,QAT,2018,0,0,0
QA,QAT,2019,0,0,0
QA,QAT,2020,0,0,0
QA,QAT,2021,0,0,1
QA,QAT,2022,0,0,0
QA,QAT,2023,0,0,0
QA,QAT,2024,0,0,0
QA,QAT,2025,0,0,0
SL,SLE,2014,0,0,0
SL,SLE,2015,0,0,0
SL,SLE,2016,0,0,0
SL,SLE,2017,0,0,0
SL,SLE,2018,0,0,1
SL,SLE,2019,0,0,0
SL,SLE,2020,0,0,0
SL,SLE,2021,0,0,0
SL,SLE,2022,0,0,0
SL,SLE,2023,0,0,1
SL,SLE,2024,0,0,0
SL,SLE,2025,0,0,0
ES,ESP,2014,0,0,0
ES,ESP,2015,0,0,1
ES,ESP,2016,0,0,1
ES,ESP,2017,0,0,0
ES,ESP,2018,0,0,0
ES,ESP,2019,0,0,1
ES,ESP,2020,0,0,0
ES,ESP,2021,0,0,0
ES,ESP,2022,0,0,0
ES,ESP,2023,0,0,1
ES,ESP,2024,0,0,0
ES,ESP,2025,0,0,0
SY,SYR,2014,0,0,1
SY,SYR,2015,0,0,0
SY,SYR,2016,0,0,1
SY,SYR,2017,0,0,0
SY,SYR,2018,0,0,0
SY,SYR,2019,0,0,0
SY,SYR,2020,0,0,1
SY,SYR,2021,0,0,1
SY,SYR,2022,0,0,0
SY,SYR,2023,0,0,0
SY,SYR,2024,0,0,1
SY,SYR,2025,0,0,0
TN,TUN,2014,0,0,1
TN,TUN,2015,0,0,0
TN,TUN,2016,0,0,0
TN,TUN,2017,0,0,0
TN,TUN,2018,0,0,0
TN,TUN,2019,0,0,1
TN,TUN,2020,0,0,0
TN,TUN,2021,0,0,0
TN,TUN,2022,0,0,1
TN,TUN,2023,0,0,1
TN,TUN,2024,0,0,1
TN,TUN,2025,0,0,0
TR,TUR,2014,0,0,1
TR,TUR,2015,0,0,1
TR,TUR,2016,0,1,0
TR,TUR,2017,0,0,0
TR,TUR,2018,0,0,1
TR,TUR,2019,0,0,0
TR,TUR,2020,0,0,0
TR,TUR,2021,0,0,0
TR,TUR,2022,0,0,0
TR,TUR,2023,0,0,1
TR,TUR,2024,0,0,0
TR,TUR,2025,0,0,0
UA,UKR,2014,1,1,1
UA,UKR,2015,0,0,0
UA,UKR,2016,0,0,0
UA,UKR,2017,0,0,0
UA,UKR,2018,0,0,0
UA,UKR,2019,0,0,1
UA,UKR,2020,0,0,0
UA,UKR,2021,0,0,0
UA,UKR,2022,0,0,0
UA,UKR,2023,0,0,0
UA,UKR,2024,0,0,0
UA,UKR,2025,0,0,0
GB,GBR,2014,0,0,0
GB,GBR,2015,0,0,1
GB,GBR,2016,0,0,0
GB,GBR,2017,0,0,1
GB,GBR,2018,0,0,0
GB,GBR,2019,0,0,1
GB,GBR,2020,0,0,0
GB,GBR,2021,0,0,0
GB,GBR,2022,0,0,0
GB,GBR,2023,0,0,0
GB,GBR,2024,0,0,1
GB,GBR,2025,0,0,0
UY,URY,2014,0,0,1
UY,URY,2015,0,0,0
UY,URY,2016,0,0,0
UY,URY,2017,0,0,0
UY,URY,2018,0,0,0
UY,URY,2019,0,0,1
UY,URY,2020,0,0,0
UY,URY,2021,0,0,0
UY,URY,2022,0,0,0
UY,URY,2023,0,0,0
UY,URY,2024,0,0,1
UY,URY,2025,0,0,0
DZ,DZA,2014,0,0,1
DZ,DZA,2015,0,0,0
DZ,DZA,2016,0,0,0
DZ,DZA,2017,0,0,1
DZ,DZA,2018,0,0,0
DZ,DZA,2019,0,0,1
DZ,DZA,2020,0,0,0
DZ,DZA,2021,0,0,1
DZ,DZA,2022,0,0,0
DZ,DZA,2023,0,0,0
DZ,DZA,2024,0,0,1
DZ,DZA,2025,0,0,0
AO,AGO,2014,0,0,0
AO,AGO,2015,0,0,0
AO,AGO,2016,0,0,0
AO,AGO,2017,0,0,1
AO,AGO,2018,0,0,0
AO,AGO,2019,0,0,0
AO,AGO,2020,0,0,0
AO,AGO,2021,0,0,0
AO,AGO,2022,0,0,1
AO,AGO,2023,0,0,0
AO,AGO,2024,0,0,0
AO,AGO,2025,0,0,0
AM,ARM,2014,0,0,0
AM,ARM,2015,0,0,0
AM,ARM,2016,0,0,0
AM,ARM,2017,0,0,1
AM,ARM,2018,0,0,1
AM,ARM,2019,0,0,0
AM,ARM,2020,0,0,0
AM,ARM,2021,0,0,1
AM,ARM,2022,0,0,0
AM,ARM,2023,0,0,0
AM,ARM,2024,0,0,0
AM,ARM,2025,0,0,0
AZ,AZE,2014,0,0,0
AZ,AZE,2015,0,0,1
AZ,AZE,2016,0,0,0
AZ,AZE,2017,0,0,0
AZ,AZE,2018,0,0,1
AZ,AZE,2019,0,0,0
AZ,AZE,2020,0,0,1
AZ,AZE,2021,0,0,0
AZ,AZE,2022,0,0,0
AZ,AZE,2023,0,0,0
AZ,AZE,2024,0,0,1
AZ,AZE,2025,0,0,0
BY,BLR,2014,0,0,0
BY,BLR,2015,0,0,1
BY,BLR,2016,0,0,1
BY,BLR,2017,0,0,0
BY,BLR,2018,0,0,0
BY,BLR,2019,0,0,1
BY,BLR,2020,0,0,1
BY,BLR,2021,0,0,0
BY,BLR,2022,0,0,0
BY,BLR,2023,0,0,0
BY,BLR,2024,0,0,1
BY,BLR,2025,0,0,1
CM,CMR,2014,0,0,0
CM,CMR,2015,0,0,0
CM,CMR,2016,0,0,0
CM,CMR,2017,0,0,0
CM,CMR,2018,0,0,1
CM,CMR,2019,0,0,0
CM,CMR,2020,0,0,1
CM,CMR,2021,0,0,0
CM,CMR,2022,0,0,0
CM,CMR,2023,0,0,0
CM,CMR,2024,0,0,0
CM,CMR,2025,0,0,1
TD,TCD,2014,0,0,0
TD,TCD,2015,0,0,0
TD,TCD,2016,0,0,1
TD,TCD,2017,0,0,0
TD,TCD,2018,0,0,0
TD,TCD,2019,0,0,0
TD,TCD,2020,0,0,0
TD,TCD,2021,1,1,1
TD,TCD,2022,0,0,0
TD,TCD,2023,0,0,0
TD,TCD,2024,0,0,1
TD,TCD,2025,0,0,0
CN,CHN,2014,0,0,0
CN,CHN,2015,0,0,0
CN,CHN,2016,0,0,0
CN,CHN,2017,0,0,0
CN,CHN,2018,0,0,0
CN,CHN,2019,0,0,0
CN,CHN,2020,0,0,0
CN,CHN,2021,0,0,0
CN,CHN,2022,0,0,0
CN,CHN,2023,0,0,0
CN,CHN,2024,0,0,0
CN,CHN,2025,0,0,0
CD,COD,2014,0,0,0
CD,COD,2015,0,0,0
CD,COD,2016,0,0,0
CD,COD,2017,0,0,0
CD,COD,2018,0,0,1
CD,COD,2019,0,0,0
CD,COD,2020,0,0,0
CD,COD,2021,0,0,0
CD,COD,2022,0,0,0
CD,COD,2023,0,0,1
CD,COD,2024,0,0,0
CD,COD,2025,0,0,0
CG,COG,2014,0,0,0
CG,COG,2015,0,0,0
CG,COG,2016,0,0,1
CG,COG,2017,0,0,1
CG,COG,2018,0,0,0
CG,COG,2019,0,0,0
CG,COG,2020,0,0,0
CG,COG,2021,0,0,1
CG,COG,2022,0,0,1
CG,COG,2023,0,0,0
CG,COG,2024,0,0,0
CG,COG,2025,0,0,0
DJ,DJI,2014,0,0,0
DJ,DJI,2015,0,0,0
DJ,DJI,2016,0,0,1
DJ,DJI,2017,0,0,0
DJ,DJI,2018,0,0,1
DJ,DJI,2019,0,0,0
DJ,DJI,2020,0,0,0
DJ,DJI,2021,0,0,1
DJ,DJI,2022,0,0,0
DJ,DJI,2023,0,0,1
DJ,DJI,2024,0,0,0
DJ,DJI,2025,0,0,0
DO,DOM,2014,0,0,0
DO,DOM,2015,0,0,0
DO,DOM,2016,0,0,1
DO,DOM,2017,0,0,0
DO,DOM,2018,0,0,0
DO,DOM,2019,0,0,0
DO,DOM,2020,0,0,1
DO,DOM,2021,0,0,0
DO,DOM,2022,0,0,0
DO,DOM,2023,0,0,0
DO,DOM,2024,0,0,1
DO,DOM,2025,0,0,0
ER,ERI,2014,0,0,0
ER,ERI,2015,0,0,0
ER,ERI,2016,0,0,0
ER,ERI,2017,0,0,0
ER,ERI,2018,0,0,0
ER,ERI,2019,0,0,0
ER,ERI,2020,0,0,0
ER,ERI,2021,0,0,0
ER,ERI,2022,0,0,0
ER,ERI,2023,0,0,0
ER,ERI,2024,0,0,0
ER,ERI,2025,0,0,0
GA,GAB,2014,0,0,0
GA,GAB,2015,0,0,0
GA,GAB,2016,0,0,1
GA,GAB,2017,0,0,0
GA,GAB,2018,0,0,1
GA,GAB,2019,0,1,0
GA,GAB,2020,0,0,0
GA,GAB,2021,0,0,0
GA,GAB,2022,0,0,0
GA,GAB,2023,1,1,1
GA,GAB,2024,0,0,0
GA,GAB,2025,0,0,1
GM,GMB,2014,0,0,0
GM,GMB,2015,0,0,0
GM,GMB,2016,0,0,1
GM,GMB,2017,0,0,1
GM,GMB,2018,0,0,0
GM,GMB,2019,0,0,0
GM,GMB,2020,0,0,0
GM,GMB,2021,0,0,1
GM,GMB,2022,0,0,1
GM,GMB,2023,0,0,0
GM,GMB,2024,0,0,0
GM,GMB,2025,0,0,0
GE,GEO,2014,0,0,0
GE,GEO,2015,0,0,0
GE,GEO,2016,0,0,1
GE,GEO,2017,0,0,0
GE,GEO,2018,0,0,1
GE,GEO,2019,0,0,0
GE,GEO,2020,0,0,1
GE,GEO,2021,0,0,0
GE,GEO,2022,0,0,0
GE,GEO,2023,0,0,0
GE,GEO,2024,0,0,1
GE,GEO,2025,0,0,0
GW,GNB,2014,0,0,1
GW,GNB,2015,0,0,0
GW,GNB,2016,0,0,0
GW,GNB,2017,0,0,0
GW,GNB,2018,0,0,0
GW,GNB,2019,0,0,1
GW,GNB,2020,0,0,0
GW,GNB,2021,0,0,0
GW,GNB,2022,0,1,0
GW,GNB,2023,0,0,1
GW,GNB,2024,0,0,0
GW,GNB,2025,1,1,1
JM,JAM,2014,0,0,0
JM,JAM,2015,0,0,0
JM,JAM,2016,0,0,1
JM,JAM,2017,0,0,0
JM,JAM,2018,0,0,0
JM,JAM,2019,0,0,0
JM,JAM,2020,0,0,1
JM,JAM,2021,0,0,0
JM,JAM,2022,0,0,0
JM,JAM,2023,0,0,0
JM,JAM,2024,0,0,0
JM,JAM,2025,0,0,1
KZ,KAZ,2014,0,0,0
KZ,KAZ,2015,0,0,1
KZ,KAZ,2016,0,0,1
KZ,KAZ,2017,0,0,0
KZ,KAZ,2018,0,0,0
KZ,KAZ,2019,0,0,1
KZ,KAZ,2020,0,0,0
KZ,KAZ,2021,0,0,1
KZ,KAZ,2022,0,0,1
KZ,KAZ,2023,0,0,1
KZ,KAZ,2024,0,0,0
KZ,KAZ,2025,0,0,0
KG,KGZ,2014,0,0,0
KG,KGZ,2015,0,0,1
KG,KGZ,2016,0,0,0
KG,KGZ,2017,0,0,1
KG,KGZ,2018,0,0,0
KG,KGZ,2019,0,0,0
KG,KGZ,2020,0,0,1
KG,KGZ,2021,0,0,1
KG,KGZ,2022,0,0,0
KG,KGZ,2023,0,0,0
KG,KGZ,2024,0,0,0
KG,KGZ,2025,0,0,1
LA,LAO,2014,0,0,0
LA,LAO,2015,0,0,0
LA,LAO,2016,0,0,1
LA,LAO,2017,0,0,0
LA,LAO,2018,0,0,0
LA,LAO,2019,0,0,0
LA,LAO,2020,0,0,0
LA,LAO,2021,0,0,1
LA,LAO,2022,0,0,0
LA,LAO,2023,0,0,0
LA,LAO,2024,0,0,0
LA,LAO,2025,0,0,0
LY,LBY,2014,0,0,1
LY,LBY,2015,0,0,0
LY,LBY,2016,0,0,0
LY,LBY,2017,0,0,0
LY,LBY,2018,0,0,0
LY,LBY,2019,0,0,0
LY,LBY,2020,0,0,0
LY,LBY,2021,0,0,0
LY,LBY,2022,0,0,0
LY,LBY,2023,0,0,0
LY,LBY,2024,0,0,0
LY,LBY,2025,0,0,0
MG,MDG,2014,0,0,0
MG,MDG,2015,0,0,0
MG,MDG,2016,0,0,0
MG,MDG,2017,0,0,0
MG,MDG,2018,0,0,1
MG,MDG,2019,0,0,1
MG,MDG,2020,0,0,0
MG,MDG,2021,0,0,0
MG,MDG,2022,0,0,0
MG,MDG,2023,0,0,1
MG,MDG,2024,0,0,1
MG,MDG,2025,1,1,0
MD,MDA,2014,0,0,1
MD,MDA,2015,0,0,0
MD,MDA,2016,0,0,1
MD,MDA,2017,0,0,0
MD,MDA,2018,0,0,0
MD,MDA,2019,0,0,1
MD,MDA,2020,0,0,1
MD,MDA,2021,0,0,1
MD,MDA,2022,0,0,0
MD,MDA,2023,0,0,0
MD,MDA,2024,0,0,1
MD,MDA,2025,0,0,1
PS,PSE,2014,0,0,0
PS,PSE,2015,0,0,0
PS,PSE,2016,0,0,0
PS,PSE,2017,0,0,0
PS,PSE,2018,0,0,0
PS,PSE,2019,0,0,0
PS,PSE,2020,0,0,0
PS,PSE,2021,0,0,0
PS,PSE,2022,0,0,0
PS,PSE,2023,0,0,0
PS,PSE,2024,0,0,0
PS,PSE,2025,0,0,0
RW,RWA,2014,0,0,0
RW,RWA,2015,0,0,0
RW,RWA,2016,0,0,0
RW,RWA,2017,0,0,1
RW,RWA,2018,0,0,1
RW,RWA,2019,0,0,0
RW,RWA,2020,0,0,0
RW,RWA,2021,0,0,0
RW,RWA,2022,0,0,0
RW,RWA,2023,0,0,0
RW,RWA,2024,0,0,1
RW,RWA,2025,0,0,0
SO,SOM,2014,0,0,0
SO,SOM,2015,0,0,0
SO,SOM,2016,0,0,0
SO,SOM,2017,0,0,0
SO,SOM,2018,0,0,0
SO,SOM,2019,0,0,0
SO,SOM,2020,0,0,0
SO,SOM,2021,0,0,0
SO,SOM,2022,0,0,0
SO,SOM,2023,0,0,0
SO,SOM,2024,0,0,0
SO,SOM,2025,0,0,0
LK,LKA,2014,0,0,0
LK,LKA,2015,0,0,1
LK,LKA,2016,0,0,0
LK,LKA,2017,0,0,0
LK,LKA,2018,0,0,0
LK,LKA,2019,0,0,1
LK,LKA,2020,0,0,1
LK,LKA,2021,0,0,0
LK,LKA,2022,0,0,0
LK,LKA,2023,0,0,0
LK,LKA,2024,0,0,1
LK,LKA,2025,0,0,0
SZ,SWZ,2014,0,0,0
SZ,SWZ,2015,0,0,0
SZ,SWZ,2016,0,0,0
SZ,SWZ,2017,0,0,0
SZ,SWZ,2018,0,0,1
SZ,SWZ,2019,0,0,0
SZ,SWZ,2020,0,0,0
SZ,SWZ,2021,0,0,0
SZ,SWZ,2022,0,0,0
SZ,SWZ,2023,0,0,1
SZ,SWZ,2024,0,0,0
SZ,SWZ,2025,0,0,0
TJ,TJK,2014,0,0,0
TJ,TJK,2015,0,0,1
TJ,TJK,2016,0,0,0
TJ,TJK,2017,0,0,0
TJ,TJK,2018,0,0,0
TJ,TJK,2019,0,0,0
TJ,TJK,2020,0,0,1
TJ,TJK,2021,0,0,0
TJ,TJK,2022,0,0,0
TJ,TJK,2023,0,0,0
TJ,TJK,2024,0,0,0
TJ,TJK,2025,0,0,1
TG,TGO,2014,0,0,0
TG,TGO,2015,0,0,1
TG,TGO,2016,0,0,0
TG,TGO,2017,0,0,0
TG,TGO,2018,0,0,1
TG,TGO,2019,0,0,0
TG,TGO,2020,0,0,1
TG,TGO,2021,0,0,0
TG,TGO,2022,0,0,0
TG,TGO,2023,0,0,0
TG,TGO,2024,0,0,1
TG,TGO,2025,0,0,0
TT,TTO,2014,0,0,0
TT,TTO,2015,0,0,1
TT,TTO,2016,0,0,0
TT,TTO,2017,0,0,0
TT,TTO,2018,0,0,0
TT,TTO,2019,0,0,0
TT,TTO,2020,0,0,1
TT,TTO,2021,0,0,0
TT,TTO,2022,0,0,0
TT,TTO,2023,0,0,0
TT,TTO,2024,0,0,0
TT,TTO,2025,0,0,1
TM,TKM,2014,0,0,0
TM,TKM,2015,0,0,0
TM,TKM,2016,0,0,0
TM,TKM,2017,0,0,1
TM,TKM,2018,0,0,1
TM,TKM,2019,0,0,0
TM,TKM,2020,0,0,0
TM,TKM,2021,0,0,0
TM,TKM,2022,0,0,1
TM,TKM,2023,0,0,1
TM,TKM,2024,0,0,0
TM,TKM,2025,0,0,0
UZ,UZB,2014,0,0,1
UZ,UZB,2015,0,0,1
UZ,UZB,2016,0,0,1
UZ,UZB,2017,0,0,0
UZ,UZB,2018,0,0,0
UZ,UZB,2019,0,0,1
UZ,UZB,2020,0,0,1
UZ,UZB,2021,0,0,1
UZ,UZB,2022,0,0,0
UZ,UZB,2023,0,0,1
UZ,UZB,2024,0,0,1
UZ,UZB,2025,0,0,0
AT,AUT,2014,0,0,0
AT,AUT,2015,0,0,0
AT,AUT,2016,0,0,1
AT,AUT,2017,0,0,1
AT,AUT,2018,0,0,0
AT,AUT,2019,0,0,1
AT,AUT,2020,0,0,0
AT,AUT,2021,0,0,0
AT,AUT,2022,0,0,1
AT,AUT,2023,0,0,0
AT,AUT,2024,0,0,1
AT,AUT,2025,0,0,0
BH,BHR,2014,0,0,1
BH,BHR,2015,0,0,0
BH,BHR,2016,0,0,0
BH,BHR,2017,0,0,0
BH,BHR,2018,0,0,1
BH,BHR,2019,0,0,0
BH,BHR,2020,0,0,0
BH,BHR,2021,0,0,0
BH,BHR,2022,0,0,1
BH,BHR,2023,0,0,0
BH,BHR,2024,0,0,0
BH,BHR,2025,0,0,0
BB,BRB,2014,0,0,0
BB,BRB,2015,0,0,0
BB,BRB,2016,0,0,0
BB,BRB,2017,0,0,0
BB,BRB,2018,0,0,1
BB,BRB,2019,0,0,0
BB,BRB,2020,0,0,0
BB,BRB,2021,0,0,0
BB,BRB,2022,0,0,1
BB,BRB,2023,0,0,0
BB,BRB,2024,0,0,0
BB,BRB,2025,0,0,0
BE,BEL,2014,0,0,1
BE,BEL,2015,0,0,0
BE,BEL,2016,0,0,0
BE,BEL,2017,0,0,0
BE,BEL,2018,0,0,0
BE,BEL,2019,0,0,1
BE,BEL,2020,0,0,0
BE,BEL,2021,0,0,0
BE,BEL,2022,0,0,0
BE,BEL,2023,0,0,0
BE,BEL,2024,0,0,1
BE,BEL,2025,0,0,0
BA,BIH,2014,0,0,1
BA,BIH,2015,0,0,0
BA,BIH,2016,0,0,0
BA,BIH,2017,0,0,0
BA,BIH,2018,0,0,1
BA,BIH,2019,0,0,0
BA,BIH,2020,0,0,0
BA,BIH,2021,0,0,0
BA,BIH,2022,0,0,1
BA,BIH,2023,0,0,0
BA,BIH,2024,0,0,0
BA,BIH,2025,0,0,0
BG,BGR,2014,0,0,1
BG,BGR,2015,0,0,0
BG,BGR,2016,0,0,1
BG,BGR,2017,0,0,1
BG,BGR,2018,0,0,0
BG,BGR,2019,0,0,0
BG,BGR,2020,0,0,0
BG,BGR,2021,0,0,1
BG,BGR,2022,0,0,1
BG,BGR,2023,0,0,1
BG,BGR,2024,0,0,1
BG,BGR,2025,0,0,0
KM,COM,2014,0,0,0
KM,COM,2015,0,0,1
KM,COM,2016,0,0,1
KM,COM,2017,0,0,0
KM,COM,2018,0,0,0
KM,COM,2019,0,0,1
KM,COM,2020,0,0,1
KM,COM,2021,0,0,0
KM,COM,2022,0,0,0
KM,COM,2023,0,0,0
KM,COM,2024,0,0,1
KM,COM,2025,0,0,1
HR,HRV,2014,0,0,1
HR,HRV,2015,0,0,1
HR,HRV,2016,0,0,1
HR,HRV,2017,0,0,0
HR,HRV,2018,0,0,0
HR,HRV,2019,0,0,1
HR,HRV,2020,0,0,1
HR,HRV,2021,0,0,0
HR,HRV,2022,0,0,0
HR,HRV,2023,0,0,0
HR,HRV,2024,0,0,1
HR,HRV,2025,0,0,1
CU,CUB,2014,0,0,0
CU,CUB,2015,0,0,0
CU,CUB,2016,0,0,0
CU,CUB,2017,0,0,0
CU,CUB,2018,0,0,1
CU,CUB,2019,0,0,0
CU,CUB,2020,0,0,0
CU,CUB,2021,0,0,0
CU,CUB,2022,0,0,0
CU,CUB,2023,0,0,1
CU,CUB,2024,0,0,0
CU,CUB,2025,0,0,0
CY,CYP,2014,0,0,0
CY,CYP,2015,0,0,0
CY,CYP,2016,0,0,1
CY,CYP,2017,0,0,0
CY,CYP,2018,0,0,1
CY,CYP,2019,0,0,0
CY,CYP,2020,0,0,0
CY,CYP,2021,0,0,1
CY,CYP,2022,0,0,0
CY,CYP,2023,0,0,1
CY,CYP,2024,0,0,0
CY,CYP,2025,0,0,0
CZ,CZE,2014,0,0,0
CZ,CZE,2015,0,0,0
CZ,CZE,2016,0,0,0
CZ,CZE,2017,0,0,1
CZ,CZE,2018,0,0,1
CZ,CZE,2019,0,0,0
CZ,CZE,2020,0,0,0
CZ,CZE,2021,0,0,1
CZ,CZE,2022,0,0,0
CZ,CZE,2023,0,0,1
CZ,CZE,2024,0,0,0
CZ,CZE,2025,0,0,1
DK,DNK,2014,0,0,0
DK,DNK,2015,0,0,1
DK,DNK,2016,0,0,0
DK,DNK,2017,0,0,0
DK,DNK,2018,0,0,0
DK,DNK,2019,0,0,1
DK,DNK,2020,0,0,0
DK,DNK,2021,0,0,0
DK,DNK,2022,0,0,1
DK,DNK,2023,0,0,0
DK,DNK,2024,0,0,0
DK,DNK,2025,0,0,0
GQ,GNQ,2014,0,0,0
GQ,GNQ,2015,0,0,0
GQ,GNQ,2016,0,0,1
GQ,GNQ,2017,0,0,1
GQ,GNQ,2018,0,0,0
GQ,GNQ,2019,0,0,0
GQ,GNQ,2020,0,0,0
GQ,GNQ,2021,0,0,0
GQ,GNQ,2022,0,0,1
GQ,GNQ,2023,0,0,0
GQ,GNQ,2024,0,0,0
GQ,GNQ,2025,0,0,0
EE,EST,2014,0,0,0
EE,EST,2015,0,0,1
EE,EST,2016,0,0,0
EE,EST,2017,0,0,0
EE,EST,2018,0,0,0
EE,EST,2019,0,0,1
EE,EST,2020,0,0,0
EE,EST,2021,0,0,0
EE,EST,2022,0,0,0
EE,EST,2023,0,0,1
EE,EST,2024,0,0,0
EE,EST,2025,0,0,0
FJ,FJI,2014,0,0,1
FJ,FJI,2015,0,0,0
FJ,FJI,2016,0,0,0
FJ,FJI,2017,0,0,0
FJ,FJI,2018,0,0,1
FJ,FJI,2019,0,0,0
FJ,FJI,2020,0,0,0
FJ,FJI,2021,0,0,0
FJ,FJI,2022,0,0,1
FJ,FJI,2023,0,0,0
FJ,FJI,2024,0,0,0
FJ,FJI,2025,0,0,0
FI,FIN,2014,0,0,0
FI,FIN,2015,0,0,1
FI,FIN,2016,0,0,0
FI,FIN,2017,0,0,0
FI,FIN,2018,0,0,1
FI,FIN,2019,0,0,1
FI,FIN,2020,0,0,0
FI,FIN,2021,0,0,0
FI,FIN,2022,0,0,0
FI,FIN,2023,0,0,1
FI,FIN,2024,0,0,1
FI,FIN,2025,0,0,0
GR,GRC,2014,0,0,0
GR,GRC,2015,0,0,1
GR,GRC,2016,0,0,0
GR,GRC,2017,0,0,0
GR,GRC,2018,0,0,0
GR,GRC,2019,0,0,1
GR,GRC,2020,0,0,0
GR,GRC,2021,0,0,0
GR,GRC,2022,0,0,0
GR,GRC,2023,0,0,1
GR,GRC,2024,0,0,0
GR,GRC,2025,0,0,0
GY,GUY,2014,0,0,0
GY,GUY,2015,0,0,1
GY,GUY,2016,0,0,0
GY,GUY,2017,0,0,0
GY,GUY,2018,0,0,0
GY,GUY,2019,0,0,0
GY,GUY,2020,0,0,1
GY,GUY,2021,0,0,0
GY,GUY,2022,0,0,0
GY,GUY,2023,0,0,0
GY,GUY,2024,0,0,0
GY,GUY,2025,0,0,1
HK,HKG,2014,0,0,0
HK,HKG,2015,0,0,0
HK,HKG,2016,0,0,1
HK,HKG,2017,0,0,0
HK,HKG,2018,0,0,0
HK,HKG,2019,0,0,0
HK,HKG,2020,0,0,0
HK,HKG,2021,0,0,1
HK,HKG,2022,0,0,0
HK,HKG,2023,0,0,0
HK,HKG,2024,0,0,0
HK,HKG,2025,0,0,1
IS,ISL,2014,0,0,0
IS,ISL,2015,0,0,0
IS,ISL,2016,0,0,1
IS,ISL,2017,0,0,1
IS,ISL,2018,0,0,0
IS,ISL,2019,0,0,0
IS,ISL,2020,0,0,1
IS,ISL,2021,0,0,1
IS,ISL,2022,0,0,0
IS,ISL,2023,0,0,0
IS,ISL,2024,0,0,1
IS,ISL,2025,0,0,0
IL,ISR,2014,0,0,0
IL,ISR,2015,0,0,1
IL,ISR,2016,0,0,0
IL,ISR,2017,0,0,0
IL,ISR,2018,0,0,0
IL,ISR,2019,0,0,1
IL,ISR,2020,0,0,1
IL,ISR,2021,0,0,1
IL,ISR,2022,0,0,1
IL,ISR,2023,0,0,0
IL,ISR,2024,0,0,0
IL,ISR,2025,0,0,0
KW,KWT,2014,0,0,0
KW,KWT,2015,0,0,0
KW,KWT,2016,0,0,1
KW,KWT,2017,0,0,0
KW,KWT,2018,0,0,0
KW,KWT,2019,0,0,0
KW,KWT,2020,0,0,1
KW,KWT,2021,0,0,0
KW,KWT,2022,0,0,1
KW,KWT,2023,0,0,1
KW,KWT,2024,0,0,1
KW,KWT,2025,0,0,0
LT,LTU,2014,0,0,1
LT,LTU,2015,0,0,0
LT,LTU,2016,0,0,1
LT,LTU,2017,0,0,0
LT,LTU,2018,0,0,0
LT,LTU,2019,0,0,1
LT,LTU,2020,0,0,1
LT,LTU,2021,0,0,0
LT,LTU,2022,0,0,0
LT,LTU,2023,0,0,0
LT,LTU,2024,0,0,1
LT,LTU,2025,0,0,0
LU,LUX,2014,0,0,0
LU,LUX,2015,0,0,0
LU,LUX,2016,0,0,0
LU,LUX,2017,0,0,0
LU,LUX,2018,0,0,1
LU,LUX,2019,0,0,0
LU,LUX,2020,0,0,0
LU,LUX,2021,0,0,0
LU,LUX,2022,0,0,0
LU,LUX,2023,0,0,1
LU,LUX,2024,0,0,0
LU,LUX,2025,0,0,0
MK,MKD,2014,0,0,1
MK,MKD,2015,0,0,0
MK,MKD,2016,0,0,1
MK,MKD,2017,0,0,0
MK,MKD,2018,0,0,0
MK,MKD,2019,0,0,1
MK,MKD,2020,0,0,1
MK,MKD,2021,0,0,0
MK,MKD,2022,0,0,0
MK,MKD,2023,0,0,0
MK,MKD,2024,0,0,1
MK,MKD,2025,0,0,0
MY,MYS,2014,0,0,0
MY,MYS,2015,0,0,0
MY,MYS,2016,0,0,0
MY,MYS,2017,0,0,0
MY,MYS,2018,0,0,1
MY,MYS,2019,0,0,0
MY,MYS,2020,0,0,0
MY,MYS,2021,0,0,0
MY,MYS,2022,0,0,1
MY,MYS,2023,0,0,0
MY,MYS,2024,0,0,0
MY,MYS,2025,0,0,0
MT,MLT,2014,0,0,0
MT,MLT,2015,0,0,0
MT,MLT,2016,0,0,0
MT,MLT,2017,0,0,1
MT,MLT,2018,0,0,0
MT,MLT,2019,0,0,0
MT,MLT,2020,0,0,0
MT,MLT,2021,0,0,0
MT,MLT,2022,0,0,1
MT,MLT,2023,0,0,0
MT,MLT,2024,0,0,0
MT,MLT,2025,0,0,0
MU,MUS,2014,0,0,1
MU,MUS,2015,0,0,0
MU,MUS,2016,0,0,0
MU,MUS,2017,0,0,0
MU,MUS,2018,0,0,0
MU,MUS,2019,0,0,1
MU,MUS,2020,0,0,0
MU,MUS,2021,0,0,0
MU,MUS,2022,0,0,0
MU,MUS,2023,0,0,0
MU,MUS,2024,0,0,1
MU,MUS,2025,0,0,0
ME,MNE,2014,0,0,0
ME,MNE,2015,0,0,0
ME,MNE,2016,0,0,1
ME,MNE,2017,0,0,0
ME,MNE,2018,0,0,1
ME,MNE,2019,0,0,0
ME,MNE,2020,0,0,1
ME,MNE,2021,0,0,0
ME,MNE,2022,0,0,0
ME,MNE,2023,0,0,1
ME,MNE,2024,0,0,0
ME,MNE,2025,0,0,0
NZ,NZL,2014,0,0,1
NZ,NZL,2015,0,0,0
NZ,NZL,2016,0,0,0
NZ,NZL,2017,0,0,1
NZ,NZL,2018,0,0,0
NZ,NZL,2019,0,0,0
NZ,NZL,2020,0,0,1
NZ,NZL,2021,0,0,0
NZ,NZL,2022,0,0,0
NZ,NZL,2023,0,0,1
NZ,NZL,2024,0,0,0
NZ,NZL,2025,0,0,0
NO,NOR,2014,0,0,0
NO,NOR,2015,0,0,0
NO,NOR,2016,0,0,0
NO,NOR,2017,0,0,1
NO,NOR,2018,0,0,0
NO,NOR,2019,0,0,0
NO,NOR,2020,0,0,0
NO,NOR,2021,0,0,1
NO,NOR,2022,0,0,0
NO,NOR,2023,0,0,0
NO,NOR,2024,0,0,0
NO,NOR,2025,0,0,1
OM,OMN,2014,0,0,0
OM,OMN,2015,0,0,1
OM,OMN,2016,0,0,0
OM,OMN,2017,0,0,0
OM,OMN,2018,0,0,0
OM,OMN,2019,0,0,1
OM,OMN,2020,0,0,0
OM,OMN,2021,0,0,0
OM,OMN,2022,0,0,0
OM,OMN,2023,0,0,1
OM,OMN,2024,0,0,0
OM,OMN,2025,0,0,0
PY,PRY,2014,0,0,0
PY,PRY,2015,0,0,0
PY,PRY,2016,0,0,0
PY,PRY,2017,0,0,0
PY,PRY,2018,0,0,1
PY,PRY,2019,0,0,0
PY,PRY,2020,0,0,0
PY,PRY,2021,0,0,0
PY,PRY,2022,0,0,0
PY,PRY,2023,0,0,1
PY,PRY,2024,0,0,0
PY,PRY,2025,0,0,0
RO,ROU,2014,0,0,1
RO,ROU,2015,0,0,0
RO,ROU,2016,0,0,1
RO,ROU,2017,0,0,0
RO,ROU,2018,0,0,0
RO,ROU,2019,0,0,1
RO,ROU,2020,0,0,1
RO,ROU,2021,0,0,0
RO,ROU,2022,0,0,0
RO,ROU,2023,0,0,0
RO,ROU,2024,0,0,1
RO,ROU,2025,0,0,1
ST,STP,2014,0,0,1
ST,STP,2015,0,0,0
ST,STP,2016,0,0,1
ST,STP,2017,0,0,0
ST,STP,2018,0,0,1
ST,STP,2019,0,0,0
ST,STP,2020,0,0,0
ST,STP,2021,0,0,1
ST,STP,2022,0,1,1
ST,STP,2023,0,0,0
ST,STP,2024,0,0,0
ST,STP,2025,0,0,0
SA,SAU,2014,0,0,0
SA,SAU,2015,0,0,0
SA,SAU,2016,0,0,0
SA,SAU,2017,0,0,0
SA,SAU,2018,0,0,0
SA,SAU,2019,0,0,0
SA,SAU,2020,0,0,0
SA,SAU,2021,0,0,0
SA,SAU,2022,0,0,0
SA,SAU,2023,0,0,0
SA,SAU,2024,0,0,0
SA,SAU,2025,0,0,0
RS,SRB,2014,0,0,1
RS,SRB,2015,0,0,0
RS,SRB,2016,0,0,1
RS,SRB,2017,0,0,1
RS,SRB,2018,0,0,0
RS,SRB,2019,0,0,0
RS,SRB,2020,0,0,1
RS,SRB,2021,0,0,0
RS,SRB,2022,0,0,1
RS,SRB,2023,0,0,1
RS,SRB,2024,0,0,0
RS,SRB,2025,0,0,0
SC,SYC,2014,0,0,0
SC,SYC,2015,0,0,1
SC,SYC,2016,0,0,1
SC,SYC,2017,0,0,0
SC,SYC,2018,0,0,0
SC,SYC,2019,0,0,0
SC,SYC,2020,0,0,1
SC,SYC,2021,0,0,0
SC,SYC,2022,0,0,0
SC,SYC,2023,0,0,0
SC,SYC,2024,0,0,0
SC,SYC,2025,0,0,1
SG,SGP,2014,0,0,0
SG,SGP,2015,0,0,1
SG,SGP,2016,0,0,0
SG,SGP,2017,0,0,0
SG,SGP,2018,0,0,0
SG,SGP,2019,0,0,0
SG,SGP,2020,0,0,1
SG,SGP,2021,0,0,0
SG,SGP,2022,0,0,0
SG,SGP,2023,0,0,1
SG,SGP,2024,0,0,0
SG,SGP,2025,0,0,1
SK,SVK,2014,0,0,1
SK,SVK,2015,0,0,0
SK,SVK,2016,0,0,1
SK,SVK,2017,0,0,0
SK,SVK,2018,0,0,0
SK,SVK,2019,0,0,1
SK,SVK,2020,0,0,1
SK,SVK,2021,0,0,0
SK,SVK,2022,0,0,0
SK,SVK,2023,0,0,1
SK,SVK,2024,0,0,1
SK,SVK,2025,0,0,0
SI,SVN,2014,0,0,1
SI,SVN,2015,0,0,0
SI,SVN,2016,0,0,0
SI,SVN,2017,0,0,1
SI,SVN,2018,0,0,1
SI,SVN,2019,0,0,0
SI,SVN,2020,0,0,0
SI,SVN,2021,0,0,0
SI,SVN,2022,0,0,1
SI,SVN,2023,0,0,0
SI,SVN,2024,0,0,0
SI,SVN,2025,0,0,0
SB,SLB,2014,0,0,1
SB,SLB,2015,0,0,0
SB,SLB,2016,0,0,0
SB,SLB,2017,0,0,0
SB,SLB,2018,0,0,0
SB,SLB,2019,0,0,1
SB,SLB,2020,0,0,0
SB,SLB,2021,0,0,0
SB,SLB,2022,0,0,0
SB,SLB,2023,0,0,0
SB,SLB,2024,0,0,1
SB,SLB,2025,0,0,0
VU,VUT,2014,0,0,0
VU,VUT,2015,0,0,0
VU,VUT,2016,0,0,1
VU,VUT,2017,0,0,0
VU,VUT,2018,0,0,0
VU,VUT,2019,0,0,0
VU,VUT,2020,0,0,1
VU,VUT,2021,0,0,0
VU,VUT,2022,0,0,1
VU,VUT,2023,0,0,0
VU,VUT,2024,0,0,0
VU,VUT,2025,0,0,1
AE,ARE,2014,0,0,0
AE,ARE,2015,0,0,1
AE,ARE,2016,0,0,0
AE,ARE,2017,0,0,0
AE,ARE,2018,0,0,0
AE,ARE,2019,0,0,1
AE,ARE,2020,0,0,0
AE,ARE,2021,0,0,0
AE,ARE,2022,0,0,0
AE,ARE,2023,0,0,1
AE,ARE,2024,0,0,0
AE,ARE,2025,0,0,0
HU,HUN,2014,0,0,1
HU,HUN,2015,0,0,0
HU,HUN,2016,0,0,0
HU,HUN,2017,0,0,0
HU,HUN,2018,0,0,1
HU,HUN,2019,0,0,0
HU,HUN,2020,0,0,0
HU,HUN,2021,0,0,0
HU,HUN,2022,0,0,1
HU,HUN,2023,0,0,0
HU,HUN,2024,0,0,0
HU,HUN,2025,0,0,0
